# Blender 5.0.0
# www.blender.org
mtllib vienna-subway-pid1.mtl
o Untitled
v 1.479332 -0.267317 0.143570
v 1.503022 -0.250395 0.125054
v 1.479332 -0.267317 0.125054
v 1.479332 -0.267317 0.157451
v 1.503022 -0.250395 0.143570
v 1.452263 -0.277467 0.143570
v 1.452263 -0.277467 0.125054
v 1.452263 -0.274083 0.157451
v 1.499638 -0.247011 0.157451
v 1.503022 0.270702 0.143570
v 1.479332 0.291005 0.143570
v 1.479332 0.291005 0.125054
v 1.503022 0.270702 0.125054
v 1.499638 0.270702 0.157451
v 1.479332 0.287620 0.157451
v 1.516557 0.247014 0.143570
v 1.516557 0.247014 0.125054
v 1.513172 0.247014 0.157451
v 1.452263 0.301155 0.125054
v 1.452263 0.301155 0.143570
v 1.452263 0.297770 0.157451
v 1.523322 -0.199639 0.143570
v 1.519938 -0.199639 0.157451
v 1.519938 0.219946 0.157451
v 1.523322 0.219946 0.143570
v 1.523322 -0.199639 0.125054
v 1.523322 0.219946 0.125054
v 1.516557 -0.226711 0.143570
v 1.516557 -0.226711 0.125054
v 1.513172 -0.223327 0.157451
v 1.503022 -0.250395 0.143570
v 1.503022 -0.250395 0.125054
v 1.499638 -0.247011 0.157451
v 1.509788 -0.223327 0.162079
v 1.496254 -0.243630 0.162079
v -0.984954 0.389132 -0.009430
v -1.015407 0.392517 0.138663
v -1.015407 0.392517 -0.009430
v -0.984954 0.389132 0.138663
v -1.482367 0.392517 0.138663
v -1.482367 0.392517 -0.009430
v -1.512820 0.389132 0.138663
v -1.512820 0.389132 -0.009430
v -0.957882 0.375598 -0.009430
v -0.957882 0.375598 0.138663
v -0.930814 0.355295 -0.009430
v -0.930814 0.355295 0.138663
v -0.900361 0.277471 -0.023039
v -0.900361 0.301155 0.125054
v -0.900361 0.301155 -0.023039
v -0.900361 0.277471 0.125054
v -0.900361 0.250399 -0.023039
v -0.900361 0.250399 0.125054
v -0.913898 0.331611 0.138663
v -0.913898 0.331611 -0.009430
v -0.930814 0.355295 0.138663
v -0.930814 0.355295 -0.009430
v -1.458680 -0.219943 0.051009
v -1.458680 0.243630 0.051008
v -1.045863 0.243630 0.051008
v -1.025560 0.233480 0.051008
v -1.025560 0.216561 0.051008
v -1.032329 0.243630 0.051008
v -1.045863 0.253780 0.051008
v -1.458680 0.253780 0.051008
v -1.465449 0.250399 0.051008
v -1.472214 0.243630 0.051008
v -1.475598 0.233480 0.051008
v -1.478983 0.216561 0.051008
v -1.478983 -0.192871 0.051009
v -1.475598 -0.209793 0.051009
v -1.472214 -0.223327 0.051009
v -1.465449 -0.230096 0.051009
v -1.458680 -0.233477 0.051009
v -1.045863 -0.219943 0.051009
v -1.025560 -0.209793 0.051009
v -1.025560 -0.192871 0.051009
v -1.489136 -0.213177 0.055636
v -1.492520 -0.192871 0.055636
v -1.489136 0.236864 0.055636
v -1.492520 0.216561 0.055636
v -1.482367 -0.226711 0.055636
v -1.458680 0.267317 0.055636
v -1.045863 0.267317 0.055636
v -1.012023 0.216561 0.055636
v -1.458680 -0.243630 0.055636
v -1.458680 0.277471 0.060266
v -1.045863 0.277471 0.060266
v -1.458680 0.284236 0.069522
v -0.758243 0.291005 0.138663
v -0.863139 0.331611 0.138663
v -0.731171 0.301155 0.138663
v -0.842836 0.355295 0.138663
v -0.815768 0.375598 0.138663
v -0.754858 0.392517 0.138663
v 1.475950 0.392517 0.138663
v 1.452263 0.301155 0.138663
v 1.536856 0.375598 0.138663
v 1.563928 0.355295 0.138663
v 1.479332 0.291005 0.138663
v 1.503022 0.270702 0.138663
v 1.601146 0.277471 0.138663
v 1.516557 0.247014 0.138663
v 1.523322 0.219946 0.138663
v 1.523322 -0.199639 0.138663
v 1.601146 -0.277467 0.138663
v 1.516557 -0.226711 0.138663
v 1.503022 -0.250395 0.138663
v 1.479332 -0.267317 0.138663
v 1.452263 -0.277467 0.138663
v 1.475950 -0.392517 0.138663
v 1.563928 -0.355292 0.138663
v 1.536856 -0.375598 0.138663
v 1.506403 -0.389132 0.125054
v 1.584231 -0.331608 0.138663
v 1.597765 -0.301151 0.125054
v -0.731171 -0.277467 0.138663
v -0.754858 -0.392517 0.138663
v -0.883442 -0.277467 0.138663
v -0.758243 -0.267317 0.138663
v -0.781927 -0.250395 0.138663
v -0.798849 -0.226711 0.138663
v -0.805618 -0.199639 0.138663
v -0.805618 0.219946 0.138663
v -0.883442 0.250399 0.138663
v -0.798849 0.247014 0.138663
v -0.781927 0.270702 0.138663
v -0.876673 0.277471 0.138663
v -0.876673 0.301155 0.125054
v -0.900361 -0.277467 0.138663
v -0.900361 0.250399 0.138663
v -0.974804 -0.199639 0.138663
v -0.978189 -0.226711 0.138663
v -0.991723 -0.253780 0.138663
v -1.015407 -0.274083 0.138663
v -1.015407 -0.392517 0.138663
v -0.930814 -0.355292 0.138663
v -0.957882 -0.375598 0.138663
v -0.984954 -0.389132 0.138663
v -0.913898 -0.331608 0.138663
v -0.900361 -0.301151 0.138663
v -1.042479 -0.284236 0.138663
v -1.458680 -0.284236 0.138663
v -1.482367 -0.392517 0.138663
v -1.607567 -0.277467 0.138663
v -1.485752 -0.274083 0.138663
v -1.509436 -0.253780 0.138663
v -1.522970 -0.226711 0.138663
v -1.529739 -0.199639 0.138663
v -1.607567 0.277471 0.138663
v -1.529739 0.219946 0.138663
v -1.522970 0.247014 0.138663
v -1.509436 0.274086 0.138663
v -1.570345 0.355295 0.138663
v -1.485752 0.291005 0.138663
v -1.482367 0.392517 0.138663
v -1.458680 0.301155 0.138663
v -1.042479 0.301155 0.138663
v -1.015407 0.392517 0.138663
v -1.015407 0.291005 0.138663
v -0.930814 0.355295 0.138663
v -0.913898 0.331611 0.138663
v -0.991723 0.274086 0.138663
v -0.900361 0.277471 0.138663
v -0.978189 0.247014 0.138663
v -0.974804 0.219946 0.138663
v -0.900361 0.301155 0.125054
v -0.957882 0.375598 0.138663
v -0.984954 0.389132 0.138663
v -1.543276 0.375598 0.138663
v -1.512820 0.389132 0.138663
v -1.590645 0.331611 0.138663
v -1.604182 0.301155 0.138663
v -1.570345 -0.355292 0.138663
v -1.590645 -0.331608 0.138663
v -1.604182 -0.301151 0.138663
v -1.543276 -0.375598 0.138663
v -1.512820 -0.389132 0.138663
v -0.842836 -0.355292 0.138663
v -0.863139 -0.331608 0.125054
v -0.876673 -0.301151 0.125054
v -0.815768 -0.375598 0.138663
v -0.785311 -0.389132 0.125054
v 1.584231 0.331611 0.138663
v 1.597765 0.301155 0.138663
v 1.506403 0.389132 0.125054
v -0.785311 0.389132 0.125054
v 1.448882 0.284236 0.162079
v -0.731171 0.284236 0.162079
v 1.448882 0.291005 0.162079
v -0.731171 0.291005 0.162079
v -0.754858 0.280852 0.162079
v -0.751477 0.274086 0.162079
v -0.775161 0.263933 0.162079
v -0.768393 0.260549 0.162079
v -0.788696 0.243630 0.162079
v -0.781927 0.240246 0.162079
v -0.795464 0.216561 0.162079
v -0.788696 0.216561 0.162079
v -0.788696 -0.196255 0.162079
v -0.795464 -0.199639 0.162079
v -0.788696 -0.223327 0.162079
v -0.781927 -0.219943 0.162079
v -0.775161 -0.243630 0.162079
v -0.768393 -0.240246 0.162079
v -0.754858 -0.260549 0.162079
v -0.751477 -0.253780 0.162079
v -0.792204 -0.267317 0.162079
v -0.792204 -0.260549 0.162079
v 1.448882 -0.260549 0.162079
v 1.448882 -0.267317 0.162079
v 1.475950 -0.260549 0.162079
v 1.472566 -0.253780 0.162079
v 1.496254 -0.243630 0.162079
v 1.489485 -0.240246 0.162079
v 1.509788 -0.223327 0.162079
v 1.503022 -0.219943 0.162079
v 1.513172 -0.199639 0.162079
v 1.506403 -0.196255 0.162079
v 1.506403 0.216561 0.162079
v 1.513172 0.216561 0.162079
v 1.509788 0.243630 0.162079
v 1.503022 0.240246 0.162079
v 1.496254 0.263933 0.162079
v 1.489485 0.260549 0.162079
v 1.475950 0.280852 0.162079
v 1.472566 0.274086 0.162079
v -0.758243 0.287620 0.157451
v 1.452263 0.297770 0.157451
v 1.479332 0.287620 0.157451
v -0.795464 0.247014 0.157451
v 1.496254 0.236865 0.157451
v -0.748093 -0.247011 0.157451
v -0.765012 -0.236861 0.157451
v 1.469182 -0.247011 0.157451
v 1.448882 -0.253780 0.157451
v 1.479332 -0.267317 0.157451
v 1.452263 -0.274083 0.157451
v -0.802233 0.219946 0.157451
v -0.758243 -0.267317 0.157451
v -0.731171 -0.274083 0.157451
v -0.778546 0.270702 0.157451
v 1.499638 0.270702 0.157451
v 1.499638 0.216561 0.157451
v 1.496254 -0.216561 0.157451
v 1.486100 -0.236861 0.157451
v 1.499638 -0.247011 0.157451
v -0.731171 0.277471 0.157451
v 1.448882 0.277471 0.157451
v -0.792204 -0.253780 0.157451
v -0.731171 0.297770 0.157451
v -0.781927 -0.196255 0.157451
v -0.781927 0.216561 0.157451
v -0.802233 -0.199639 0.157451
v 1.499638 -0.196255 0.157451
v 1.519938 -0.199639 0.157451
v 1.519938 0.219946 0.157451
v 1.513172 0.247014 0.157451
v -0.778546 0.236865 0.157451
v -0.795464 -0.223327 0.157451
v 1.469182 0.270702 0.157451
v -0.778546 -0.247011 0.157451
v -0.748093 0.270702 0.157451
v -0.765012 0.257164 0.157451
v 1.486100 0.257164 0.157451
v -0.778546 -0.216561 0.157451
v 1.513172 -0.223327 0.157451
v 1.471525 0.301155 0.125054
v -0.731171 0.301155 0.143570
v -0.731171 0.301155 0.125054
v 1.471525 0.301155 0.143570
v -0.731171 0.297770 0.157451
v 1.471525 0.297770 0.157451
v -0.758243 0.291005 0.125054
v -0.758243 0.291005 0.143570
v -0.758243 0.287620 0.157451
v -1.509436 0.274086 0.125054
v -1.485752 0.291005 0.125054
v -1.485752 0.287620 0.143570
v -1.506055 0.270702 0.143570
v -1.522970 0.247014 0.125054
v -1.519589 0.247014 0.143570
v -1.529739 0.219946 0.125054
v -1.526354 0.219946 0.143570
v -1.526354 -0.199639 0.143570
v -1.529739 -0.199639 0.125054
v -1.502670 0.267317 0.148193
v -1.482367 0.284236 0.148193
v -1.045863 -0.260549 0.152822
v -1.458680 -0.267317 0.152822
v -1.458680 -0.260549 0.152822
v -1.475598 -0.253780 0.152822
v -1.478983 -0.260549 0.152822
v -1.492520 -0.240246 0.152822
v -1.495902 -0.243630 0.152822
v -1.502670 -0.219943 0.152822
v -1.509436 -0.223327 0.152822
v -1.509436 -0.199639 0.152822
v -1.512820 -0.199639 0.152822
v -1.008642 0.257164 0.152822
v -1.005257 0.263933 0.152822
v -0.998488 0.240246 0.152822
v -0.991723 0.243630 0.152822
v -0.995107 0.219946 0.152822
v -0.988339 0.219946 0.152822
v -0.988339 -0.199639 0.152822
v -0.995107 -0.199639 0.152822
v -0.998488 -0.219943 0.152822
v -0.991723 -0.223327 0.152822
v -1.008642 -0.240246 0.152822
v -1.005257 -0.243630 0.152822
v -1.025560 -0.253780 0.152822
v -1.022176 -0.260549 0.152822
v -1.045863 -0.267317 0.152822
v -0.984954 -0.226711 0.148193
v -0.998488 -0.247011 0.148193
v -0.998488 0.267317 0.148193
v -1.502670 -0.247011 0.148193
v -1.516205 -0.226711 0.148193
v -1.018792 -0.267317 0.148193
v -0.995107 -0.253780 0.143570
v -1.018792 0.284236 0.148193
v -1.045863 0.291005 0.148193
v -1.042479 0.297770 0.143570
v -1.482367 -0.267317 0.148193
v -1.458680 -0.274083 0.148193
v -0.981573 -0.199639 0.148193
v -0.981573 0.219946 0.148193
v -0.974804 -0.199639 0.143570
v -0.974804 0.219946 0.143570
v -1.045863 -0.274083 0.148193
v -1.458680 -0.280852 0.143570
v -1.042479 -0.280852 0.143570
v -1.015407 -0.270702 0.143570
v -1.519589 -0.199639 0.148193
v -0.984954 0.243630 0.148193
v -0.981573 0.247014 0.143570
v -1.506055 -0.253780 0.143570
v -1.485752 -0.270702 0.143570
v -1.519589 -0.226711 0.143570
v -0.981573 -0.226711 0.143570
v -0.748093 0.267317 0.143570
v -0.731171 0.274086 0.143570
v -0.731171 0.274086 0.125054
v -0.748093 0.267317 0.125054
v -0.765012 0.253780 0.143570
v -0.765012 0.253780 0.125054
v -0.765012 0.257164 0.157451
v -0.748093 0.270702 0.157451
v -0.731171 0.277471 0.157451
v -0.778546 0.236865 0.157451
v -0.775161 0.236865 0.143570
v -0.775161 0.236865 0.125054
v -0.778546 -0.196255 0.125054
v -0.778546 0.216561 0.143570
v -0.778546 0.216561 0.125054
v -0.778546 -0.196255 0.143570
v -0.775161 -0.216561 0.143570
v -0.775161 -0.216561 0.125054
v -0.778546 -0.192871 0.097286
v -0.775161 -0.213177 0.097286
v -0.781927 0.216561 0.157451
v -0.781927 -0.196255 0.157451
v -0.778546 -0.216561 0.157451
v 1.496254 -0.335015 0.142204
v 1.140958 0.294310 0.142204
v 1.496254 0.294310 0.142204
v 1.140958 -0.335015 0.142204
v 1.448882 -0.250395 0.125054
v 1.469182 -0.243630 0.143570
v 1.448882 -0.250395 0.143570
v 1.469182 -0.243630 0.125054
v 1.469182 -0.247011 0.157451
v 1.448882 -0.253780 0.157451
v 1.486100 -0.236861 0.157451
v 1.482716 -0.233477 0.143570
v 1.482716 -0.233477 0.125054
v 1.469182 -0.243630 0.097286
v 1.482716 -0.230096 0.097286
v -0.792204 -0.250395 0.143570
v -0.792204 -0.250395 0.125054
v -0.792204 -0.253780 0.157451
v 1.496254 -0.196255 0.143570
v 1.496254 0.216561 0.125054
v 1.496254 0.216561 0.143570
v 1.496254 -0.196255 0.125054
v 1.496254 -0.335015 0.097286
v 1.496254 0.294310 0.097286
v 1.492869 0.236865 0.143570
v 1.492869 0.236865 0.125054
v 1.492869 -0.213177 0.097286
v 1.496254 -0.196255 0.125054
v 1.492869 -0.216561 0.125054
v 1.496254 -0.196255 0.143570
v 1.492869 -0.216561 0.143570
v 1.499638 -0.196255 0.157451
v 1.496254 -0.216561 0.157451
v 1.496254 0.216561 0.143570
v 1.499638 0.216561 0.157451
v 1.496254 0.236865 0.157451
v 1.492869 0.236865 0.143570
v 1.482716 -0.233477 0.143570
v 1.486100 -0.236861 0.157451
v 1.482716 -0.230096 0.097286
v 1.482716 -0.233477 0.125054
v -1.482367 -0.392517 -0.009429
v -1.482367 -0.392517 0.138663
v -1.015407 -0.392517 0.138663
v -1.015407 -0.392517 -0.009429
v -0.984954 -0.389132 0.138663
v -0.984954 -0.389132 -0.009429
v -1.512820 -0.389132 -0.009429
v -1.512820 -0.389132 0.138663
v -1.543276 -0.375598 -0.009429
v -1.543276 -0.375598 0.138663
v -1.570345 -0.355292 -0.009429
v -1.570345 -0.355292 0.138663
v -1.590645 -0.331608 -0.009429
v -1.590645 -0.331608 0.138663
v -0.842836 -0.355292 0.138663
v -0.842836 -0.355292 -0.009429
v -0.863139 -0.331608 -0.009429
v -0.863139 -0.331608 0.138663
v -0.815768 -0.375598 0.138663
v -0.815768 -0.375598 -0.009429
v -0.785311 -0.389132 0.138663
v -0.785311 -0.389132 -0.023038
v -0.876673 -0.301151 -0.009429
v -0.876673 -0.301151 0.138663
v -0.883442 -0.277467 -0.009429
v -0.883442 -0.277467 0.138663
v -0.754858 -0.392517 0.125054
v -0.754858 -0.392517 -0.023038
v -0.900361 -0.277467 -0.009429
v -0.900361 -0.277467 0.138663
v -0.913898 -0.331608 -0.009429
v -0.900361 -0.301151 0.138663
v -0.900361 -0.301151 -0.009429
v -0.913898 -0.331608 0.138663
v -0.930814 -0.355292 -0.009429
v -0.930814 -0.355292 0.138663
v -0.957882 -0.375598 -0.009429
v -0.957882 -0.375598 0.138663
v -0.984954 -0.389132 -0.009429
v -0.984954 -0.389132 0.138663
v -0.900361 -0.277467 0.125054
v -0.900361 -0.277467 -0.023038
v -1.458680 0.287620 0.078776
v -1.045863 0.284236 0.069522
v -1.458680 0.284236 0.069522
v 1.475950 0.392517 -0.009430
v -0.754858 0.392517 0.138663
v -0.754858 0.392517 -0.009430
v 1.475950 0.392517 0.138663
v -0.785311 0.389132 0.138663
v -0.785311 0.389132 -0.009430
v 1.506403 0.389132 -0.009430
v 1.506403 0.389132 0.138663
v -0.815768 0.375598 0.138663
v -0.815768 0.375598 -0.009430
v 1.536856 0.375598 -0.009430
v 1.536856 0.375598 0.138663
v 1.563928 0.355295 -0.009430
v 1.563928 0.355295 0.138663
v 1.584231 0.331611 -0.009430
v 1.584231 0.331611 0.138663
v -0.876673 0.277471 0.138663
v -0.876673 0.301155 -0.009430
v -0.876673 0.301155 0.138663
v -0.876673 0.277471 -0.009430
v -0.883442 0.250399 0.138663
v -0.883442 0.250399 -0.023039
v -0.863139 0.331611 -0.009430
v -0.863139 0.331611 0.138663
v -0.842836 0.355295 -0.009430
v -0.842836 0.355295 0.138663
v -0.815768 0.375598 -0.009430
v -0.815768 0.375598 0.138663
v -0.883442 0.250399 -0.032102
v -0.900361 0.250399 0.115991
v -0.900361 0.250399 -0.032102
v -0.883442 0.250399 0.125054
v 1.475950 -0.392517 -0.009429
v 1.475950 -0.392517 0.138663
v 1.506403 -0.389132 0.138663
v 1.506403 -0.389132 -0.009429
v -0.815891 -0.392517 -0.009429
v -0.815891 -0.392517 0.138663
v 1.536856 -0.375598 0.138663
v 1.536856 -0.375598 -0.009429
v 1.563928 -0.355292 0.138663
v 1.563928 -0.355292 -0.009429
v 1.601146 -0.277467 -0.009429
v 1.601146 -0.277467 0.138663
v 1.601146 0.277471 0.138663
v 1.601146 0.277471 -0.009430
v 1.597765 0.301155 0.138663
v 1.597765 0.301155 -0.009430
v 1.597765 -0.301151 -0.009429
v 1.597765 -0.301151 0.138663
v 1.584231 -0.331608 -0.009429
v 1.584231 -0.331608 0.138663
v 1.584231 0.331611 0.138663
v 1.584231 0.331611 -0.009430
v 1.563928 -0.355292 -0.009429
v 1.563928 -0.355292 0.138663
v -0.731171 -0.277467 0.125054
v -0.758243 -0.267317 0.143570
v -0.731171 -0.277467 0.143570
v -0.758243 -0.267317 0.125054
v -0.758243 -0.267317 0.157451
v -0.781927 -0.250395 0.143570
v -0.781927 -0.250395 0.125054
v -0.792204 -0.274083 0.157451
v -0.778546 -0.247011 0.157451
v 1.471525 -0.277467 0.143570
v 1.471525 -0.277467 0.125054
v 1.471525 -0.274083 0.157451
v -0.802233 -0.199639 0.157451
v -0.805618 0.219946 0.143570
v -0.802233 0.219946 0.157451
v -0.805618 -0.199639 0.143570
v -0.795464 0.247014 0.157451
v -0.798849 0.247014 0.143570
v -0.798849 -0.226711 0.143570
v -0.795464 -0.223327 0.157451
v -0.781927 -0.250395 0.143570
v -0.778546 -0.247011 0.157451
v -0.781927 0.270702 0.125054
v -0.758243 0.291005 0.143570
v -0.781927 0.270702 0.143570
v -0.758243 0.291005 0.125054
v -0.758243 0.287620 0.157451
v -0.778546 0.270702 0.157451
v -0.798849 0.247014 0.125054
v -0.798849 0.247014 0.143570
v -0.795464 0.247014 0.157451
v -0.805618 0.219946 0.125054
v -0.805618 0.219946 0.143570
v -0.781927 -0.250395 0.125054
v -0.798849 -0.226711 0.143570
v -0.781927 -0.250395 0.143570
v -0.798849 -0.226711 0.125054
v -0.805618 -0.199639 0.143570
v -0.805618 -0.199639 0.125054
v -0.805618 0.219946 0.125054
v -0.805618 0.219946 0.143570
v -0.758243 -0.267317 0.143570
v -0.778546 -0.247011 0.157451
v -0.758243 -0.267317 0.157451
v -0.974804 -0.199639 0.125054
v -0.974804 0.219946 0.143570
v -0.974804 0.219946 0.125054
v -0.974804 -0.199639 0.143570
v -0.978189 0.247014 0.125054
v -0.981573 -0.226711 0.143570
v -0.978189 -0.226711 0.125054
v -0.981573 0.247014 0.143570
v -0.995107 -0.253780 0.143570
v -0.991723 -0.253780 0.125054
v -0.984954 -0.226711 0.148193
v -0.991723 0.274086 0.125054
v -0.995107 0.270702 0.143570
v -1.015407 0.291005 0.125054
v -1.018792 0.284236 0.148193
v -1.042479 0.297770 0.143570
v -1.015407 0.287620 0.143570
v -0.998488 0.267317 0.148193
v -0.984954 0.243630 0.148193
v -0.981573 0.219946 0.148193
v -1.042479 0.301155 0.125054
v -1.042479 0.301155 0.125054
v -1.042479 0.297770 0.143570
v -1.458680 0.297770 0.143570
v -1.458680 0.301155 0.125054
v -1.485752 0.291005 0.125054
v -1.485752 0.287620 0.143570
v -0.995107 0.270702 0.143570
v -1.015407 0.287620 0.143570
v -1.015407 0.291005 0.125054
v 1.496254 0.294310 0.097286
v 1.492869 0.233480 0.097286
v 1.492869 0.236865 0.125054
v 1.492869 0.236865 0.143570
v 1.486100 0.257164 0.157451
v 1.496254 0.236865 0.157451
v 1.482716 0.253780 0.143570
v 1.469182 0.270702 0.157451
v 1.492869 0.233480 0.097286
v 1.482716 0.253780 0.097286
v 1.482716 0.253780 0.125054
v 1.492869 0.236865 0.125054
v 1.469182 0.267317 -0.155280
v 1.469182 0.267317 0.097286
v 1.469182 0.267317 0.143570
v 1.448882 0.274086 0.143570
v 1.448882 0.277471 0.157451
v 1.448882 0.274086 -0.155280
v -0.792204 0.274086 0.143570
v -0.792204 0.274086 -0.155280
v -0.792204 0.277471 0.157451
v -0.748093 -0.243630 0.143570
v -0.765012 -0.233477 0.125054
v -0.748093 -0.243630 0.125054
v -0.765012 -0.233477 0.143570
v -0.765012 -0.230096 0.097286
v -0.748093 -0.243630 0.097286
v -0.792204 -0.250395 0.125054
v -0.792204 -0.250395 0.097286
v -0.792204 -0.250395 0.143570
v -0.748093 -0.247011 0.157451
v -0.765012 -0.236861 0.157451
v -0.792204 -0.253780 0.157451
v -0.775161 -0.213177 0.097286
v -0.775161 -0.216561 0.125054
v -0.775161 -0.216561 0.143570
v -0.778546 -0.216561 0.157451
v -0.731171 -0.250395 0.097286
v -0.748093 -0.243630 0.097286
v -0.765012 -0.230096 0.097286
v -0.775161 -0.213177 0.097286
v -1.509436 -0.253780 0.125054
v -1.522970 -0.226711 0.125054
v -1.519589 -0.226711 0.143570
v -1.506055 -0.253780 0.143570
v -1.526354 -0.199639 0.143570
v -1.529739 -0.199639 0.125054
v -1.516205 -0.226711 0.148193
v -1.485752 -0.274083 0.125054
v -1.485752 -0.270702 0.143570
v -1.015407 -0.270702 0.143570
v -0.995107 -0.253780 0.143570
v -0.991723 -0.253780 0.125054
v -1.015407 -0.274083 0.125054
v -1.042479 -0.280852 0.143570
v -1.042479 -0.284236 0.125054
v -1.458680 -0.284236 0.125054
v -1.458680 -0.280852 0.143570
v -1.485752 -0.270702 0.143570
v -1.485752 -0.274083 0.125054
v -1.482367 -0.267317 0.148193
v 1.492869 -0.213177 0.097286
v 1.496254 -0.335015 0.097286
v 1.496254 -0.196255 0.125054
v 1.210976 -0.341758 0.129683
v 1.227895 -0.351911 0.129683
v -0.771777 -0.020300 0.092658
v -0.778546 -0.192871 0.097286
v -0.778546 0.000000 0.097286
v -1.543276 0.375598 0.138663
v -1.543276 0.375598 -0.009430
v -1.512820 0.389132 -0.009430
v -1.512820 0.389132 0.138663
v -1.570345 0.355295 0.138663
v -1.570345 0.355295 -0.009430
v -1.590645 0.331611 0.138663
v -1.590645 0.331611 -0.009430
v -1.607567 -0.277467 0.138663
v -1.607567 0.277471 -0.009430
v -1.607567 0.277471 0.138663
v -1.607567 -0.277467 -0.009429
v -1.604182 0.301155 -0.009430
v -1.604182 0.301155 0.138663
v -1.604182 -0.301151 0.138663
v -1.604182 -0.301151 -0.009429
v -1.590645 -0.331608 0.138663
v -1.590645 -0.331608 -0.009429
v -1.458680 0.253780 -0.056910
v -1.458680 0.243630 -0.056910
v -1.106896 -0.219943 -0.056910
v -1.458680 -0.219943 -0.056910
v -1.475598 -0.209793 -0.056910
v -1.472214 -0.223327 -0.056910
v -1.465449 -0.230096 -0.056910
v -1.458680 -0.233477 -0.056910
v -1.478983 -0.192871 -0.056910
v -1.478983 0.216561 -0.056910
v -1.475598 0.233480 -0.056910
v -1.472214 0.243630 -0.056910
v -1.465449 0.250399 -0.056910
v -1.489136 -0.213177 -0.061539
v -1.492520 -0.192871 -0.061539
v -1.489136 0.236864 -0.061539
v -1.492520 0.216561 -0.061539
v -1.482367 -0.226711 -0.061539
v -1.604309 -0.375598 -0.130957
v -1.573853 -0.389132 -0.130957
v -1.651678 -0.331608 -0.130957
v -1.665215 -0.301151 -0.130957
v -1.018915 -0.375598 -0.130957
v -1.045987 -0.389132 -0.130957
v -1.651678 0.331611 -0.130957
v -1.665215 0.301155 -0.130957
v -1.018915 0.375598 -0.130957
v -1.045987 0.389132 -0.130957
v 1.471525 0.301155 -0.130957
v -0.731171 0.301155 -0.130957
v -0.758243 0.291005 -0.130957
v -1.570469 -0.199640 -0.158725
v -1.567088 0.219946 -0.158725
v -1.563703 0.240246 -0.158725
v -1.553553 0.257164 -0.158725
v -1.536631 0.270702 -0.158725
v -1.553553 -0.240246 -0.158725
v -1.563703 -0.219943 -0.158725
v -1.045987 -0.389132 -0.130957
v -1.045987 -0.389132 0.017131
v -1.106896 0.284236 -0.075425
v -1.086593 0.277471 -0.075425
v -1.567088 0.240246 -0.075425
v -1.556935 0.263933 -0.075425
v -0.781927 0.270702 -0.130957
v -0.758243 0.291005 -0.130957
v 1.479332 -0.267317 -0.149473
v 1.503022 -0.250395 -0.130957
v 1.479332 -0.267317 -0.130957
v 1.479332 -0.267317 -0.163353
v 1.503022 -0.250395 -0.149473
v 1.452263 -0.277467 -0.149473
v 1.452263 -0.277467 -0.130957
v 1.452263 -0.274083 -0.163353
v 1.499638 -0.247011 -0.163353
v 1.503022 0.270702 -0.149473
v 1.479332 0.291005 -0.149473
v 1.479332 0.291005 -0.130957
v 1.503022 0.270702 -0.130957
v 1.499638 0.270702 -0.163354
v 1.479332 0.287620 -0.163354
v 1.516557 0.247014 -0.149473
v 1.516557 0.247014 -0.130957
v 1.513172 0.247014 -0.163354
v 1.452263 0.301155 -0.130957
v 1.452263 0.301155 -0.149473
v 1.452263 0.297770 -0.163354
v 1.523322 -0.199640 -0.149473
v 1.519938 -0.199640 -0.163354
v 1.519938 0.219946 -0.163354
v 1.523322 0.219946 -0.149473
v 1.523322 -0.199640 -0.130957
v 1.523322 0.219946 -0.130957
v 1.516557 -0.226711 -0.149473
v 1.516557 -0.226711 -0.130957
v 1.513172 -0.223327 -0.163354
v 1.503022 -0.250395 -0.149473
v 1.503022 -0.250395 -0.130957
v 1.499638 -0.247011 -0.163353
v 1.509788 -0.223327 -0.167983
v 1.496254 -0.243630 -0.167983
v -0.984954 0.389132 0.008067
v -1.015407 0.392517 -0.140020
v -1.015407 0.392517 0.008067
v -0.984954 0.389132 -0.140020
v -1.482367 0.392517 -0.140020
v -1.482367 0.392517 0.008067
v -1.512820 0.389132 -0.140020
v -1.512820 0.389132 0.008067
v -0.957882 0.375598 0.008067
v -0.957882 0.375598 -0.140020
v -0.930814 0.355295 0.008067
v -0.930814 0.355295 -0.140020
v -0.900361 0.277471 0.008067
v -0.900361 0.301155 -0.140020
v -0.900361 0.301155 0.008067
v -0.900361 0.277471 -0.140020
v -0.900361 0.250399 0.017130
v -0.900361 0.250399 -0.130957
v -0.913898 0.331611 -0.140020
v -0.913898 0.331611 0.008067
v -0.930814 0.355295 -0.140020
v -0.930814 0.355295 0.008067
v -1.458680 -0.219943 -0.056910
v -1.458680 0.243630 -0.056910
v -1.045863 0.243630 -0.056910
v -1.025560 0.233480 -0.056910
v -1.025560 0.216561 -0.056910
v -1.032329 0.243630 -0.056910
v -1.039094 0.250399 -0.056910
v -1.045863 0.253780 -0.056910
v -1.458680 0.253780 -0.056910
v -1.465449 0.250399 -0.056910
v -1.472214 0.243630 -0.056910
v -1.475598 0.233480 -0.056910
v -1.478983 0.216561 -0.056910
v -1.478983 -0.192871 -0.056910
v -1.475598 -0.209793 -0.056910
v -1.472214 -0.223327 -0.056910
v -1.465449 -0.230096 -0.056910
v -1.458680 -0.233477 -0.056910
v -1.045863 -0.233477 -0.056910
v -1.045863 -0.219943 -0.056910
v -1.039094 -0.230096 -0.056910
v -1.032329 -0.223327 -0.056910
v -1.025560 -0.209793 -0.056910
v -1.025560 -0.192871 -0.056910
v -1.489136 -0.213177 -0.061539
v -1.492520 -0.192871 -0.061539
v -1.489136 0.236864 -0.061539
v -1.492520 0.216561 -0.061539
v -1.482367 -0.226711 -0.061539
v -1.458680 0.267317 -0.061539
v -1.045863 0.267317 -0.061539
v -1.012023 -0.192871 -0.061539
v -1.012023 0.216561 -0.061539
v -1.015407 0.236864 -0.061539
v -1.022176 0.250399 -0.061539
v -1.472214 0.260549 -0.061539
v -1.482367 0.250399 -0.061539
v -1.032329 0.260549 -0.061539
v -1.032329 -0.240246 -0.061539
v -1.472214 -0.240246 -0.061539
v -1.458680 -0.243630 -0.061539
v -1.022176 -0.226711 -0.061539
v -1.475598 0.270702 -0.066168
v -1.499286 0.240246 -0.066168
v -1.015407 -0.213177 -0.061539
v -1.005257 0.240246 -0.066168
v -1.502670 0.216561 -0.066168
v -1.015407 0.257164 -0.066168
v -1.458680 0.277471 -0.066168
v -1.045863 0.277471 -0.066168
v -1.028945 0.270702 -0.066168
v -1.502670 -0.192871 -0.066167
v -1.001873 0.216561 -0.066168
v -1.001873 -0.192871 -0.066167
v -1.045863 -0.243630 -0.061539
v -1.045863 -0.253780 -0.066167
v -1.458680 -0.253780 -0.066167
v -1.005257 -0.213177 -0.066167
v -1.499286 -0.213177 -0.066167
v -1.489136 0.257164 -0.066168
v -1.015407 -0.233477 -0.066167
v -1.028945 -0.247011 -0.066167
v -1.489136 -0.233477 -0.066167
v -1.475598 -0.247011 -0.066167
v -1.495902 0.263933 -0.075425
v -1.008642 0.263933 -0.075425
v -1.025560 0.277471 -0.075425
v -1.506055 0.240246 -0.075425
v -1.478983 0.277471 -0.075425
v -1.495902 -0.236861 -0.075425
v -1.506055 -0.216561 -0.075425
v -1.025560 -0.253780 -0.075425
v -1.045863 0.284236 -0.075425
v -1.008642 -0.236861 -0.075425
v -1.458680 0.284236 -0.075425
v -1.509436 -0.192871 -0.075425
v -1.509436 0.216561 -0.075425
v -1.045863 -0.260549 -0.075425
v -0.758243 0.291005 -0.140020
v -0.863139 0.331611 -0.140020
v -0.731171 0.301155 -0.140020
v -0.842836 0.355295 -0.140020
v -0.815768 0.375598 -0.140020
v -0.754858 0.392517 -0.140020
v 1.475950 0.392517 -0.140020
v 1.452263 0.301155 -0.140020
v 1.536856 0.375598 -0.140020
v 1.563928 0.355295 -0.140020
v 1.479332 0.291005 -0.140020
v 1.503022 0.270702 -0.140020
v 1.601146 0.277471 -0.140020
v 1.516557 0.247014 -0.140020
v 1.523322 0.219946 -0.140020
v 1.523322 -0.199640 -0.140020
v 1.601146 -0.277467 -0.140020
v 1.516557 -0.226711 -0.140020
v 1.503022 -0.250395 -0.140020
v 1.479332 -0.267317 -0.140020
v 1.452263 -0.277467 -0.140020
v 1.475950 -0.392517 -0.140020
v 1.563928 -0.355292 -0.140020
v 1.536856 -0.375598 -0.130957
v 1.506403 -0.389132 -0.130957
v 1.584231 -0.331608 -0.130957
v 1.597765 -0.301151 -0.130957
v -0.731171 -0.277467 -0.140020
v -0.754858 -0.392517 -0.140020
v -0.883442 -0.277467 -0.140020
v -0.758243 -0.267317 -0.140020
v -0.781927 -0.250395 -0.140020
v -0.798849 -0.226711 -0.140020
v -0.805618 -0.199640 -0.140020
v -0.805618 0.219946 -0.140020
v -0.883442 0.250399 -0.140020
v -0.798849 0.247014 -0.140020
v -0.781927 0.270702 -0.140020
v -0.876673 0.277471 -0.140020
v -0.876673 0.301155 -0.130957
v -0.900361 -0.277467 -0.140020
v -0.900361 0.250399 -0.140020
v -0.974804 -0.199640 -0.140020
v -0.978189 -0.226711 -0.140020
v -0.991723 -0.253780 -0.140020
v -1.015407 -0.274083 -0.140020
v -1.015407 -0.392517 -0.140020
v -0.930814 -0.355292 -0.140020
v -0.957882 -0.375598 -0.140020
v -0.984954 -0.389132 -0.140020
v -0.913898 -0.331608 -0.140020
v -0.900361 -0.301151 -0.130957
v -1.042479 -0.284236 -0.140020
v -1.458680 -0.284236 -0.140020
v -1.482367 -0.392517 -0.140020
v -1.607567 -0.277467 -0.140020
v -1.485752 -0.274083 -0.140020
v -1.509436 -0.253780 -0.140020
v -1.522970 -0.226711 -0.140020
v -1.529739 -0.199640 -0.140020
v -1.607567 0.277471 -0.140020
v -1.529739 0.219946 -0.140020
v -1.522970 0.247014 -0.140020
v -1.509436 0.274086 -0.140020
v -1.570345 0.355295 -0.140020
v -1.485752 0.291005 -0.140020
v -1.482367 0.392517 -0.140020
v -1.458680 0.301155 -0.140020
v -1.042479 0.301155 -0.140020
v -1.015407 0.392517 -0.140020
v -1.015407 0.291005 -0.140020
v -0.930814 0.355295 -0.140020
v -0.913898 0.331611 -0.140020
v -0.991723 0.274086 -0.140020
v -0.900361 0.277471 -0.140020
v -0.978189 0.247014 -0.140020
v -0.974804 0.219946 -0.140020
v -0.900361 0.301155 -0.130957
v -0.957882 0.375598 -0.130957
v -0.984954 0.389132 -0.130957
v -1.543276 0.375598 -0.130957
v -1.512820 0.389132 -0.130957
v -1.590645 0.331611 -0.130957
v -1.604182 0.301155 -0.130957
v -1.570345 -0.355292 -0.140020
v -1.590645 -0.331608 -0.130957
v -1.604182 -0.301151 -0.130957
v -1.543276 -0.375598 -0.130957
v -1.512820 -0.389132 -0.130957
v -0.842836 -0.355292 -0.140020
v -0.863139 -0.331608 -0.140020
v -0.876673 -0.301151 -0.140020
v -0.815768 -0.375598 -0.140020
v -0.785311 -0.389132 -0.140020
v 1.584231 0.331611 -0.140020
v 1.597765 0.301155 -0.140020
v 1.506403 0.389132 -0.130957
v -0.785311 0.389132 -0.130957
v 1.448882 0.284236 -0.167983
v -0.731171 0.284236 -0.167983
v 1.448882 0.291005 -0.167983
v -0.731171 0.291005 -0.167983
v -0.754858 0.280852 -0.167983
v -0.751477 0.274086 -0.167983
v -0.775161 0.263933 -0.167983
v -0.768393 0.260549 -0.167983
v -0.788696 0.243630 -0.167983
v -0.781927 0.240246 -0.167983
v -0.795464 0.216561 -0.167983
v -0.788696 0.216561 -0.167983
v -0.788696 -0.196255 -0.167983
v -0.795464 -0.199640 -0.167983
v -0.788696 -0.223327 -0.167983
v -0.781927 -0.219943 -0.167983
v -0.775161 -0.243630 -0.167983
v -0.768393 -0.240246 -0.167983
v -0.754858 -0.260549 -0.167983
v -0.751477 -0.253780 -0.167983
v -0.731171 -0.267317 -0.167983
v -0.731171 -0.260549 -0.167983
v 1.448882 -0.260549 -0.167983
v 1.448882 -0.267317 -0.167983
v 1.475950 -0.260549 -0.167983
v 1.472566 -0.253780 -0.167983
v 1.496254 -0.243630 -0.167983
v 1.489485 -0.240246 -0.167983
v 1.509788 -0.223327 -0.167983
v 1.503022 -0.219943 -0.167983
v 1.513172 -0.199640 -0.167983
v 1.506403 -0.196255 -0.167983
v 1.506403 0.216561 -0.167983
v 1.513172 0.216561 -0.167983
v 1.509788 0.243630 -0.167983
v 1.503022 0.240246 -0.167983
v 1.496254 0.263933 -0.167983
v 1.489485 0.260549 -0.167983
v 1.475950 0.280852 -0.167983
v 1.472566 0.274086 -0.167983
v -0.758243 0.287620 -0.163354
v 1.452263 0.297770 -0.163354
v 1.479332 0.287620 -0.163354
v -0.795464 0.247014 -0.163354
v 1.496254 0.236864 -0.163354
v -0.748093 -0.247011 -0.163353
v -0.765012 -0.236861 -0.163354
v 1.469182 -0.247011 -0.163353
v 1.448882 -0.253780 -0.163353
v 1.479332 -0.267317 -0.163353
v 1.452263 -0.274083 -0.163353
v -0.802233 0.219946 -0.163354
v -0.758243 -0.267317 -0.163353
v -0.731171 -0.274083 -0.163353
v -0.778546 0.270702 -0.163354
v 1.499638 0.270702 -0.163354
v 1.499638 0.216561 -0.163354
v 1.496254 -0.216561 -0.163354
v 1.486100 -0.236861 -0.163354
v 1.499638 -0.247011 -0.163353
v -0.731171 0.277471 -0.163354
v 1.448882 0.277471 -0.163354
v -0.792204 -0.253780 -0.163353
v -0.731171 0.297770 -0.163354
v -0.781927 -0.196255 -0.163354
v -0.781927 0.216561 -0.163354
v -0.802233 -0.199640 -0.163354
v 1.499638 -0.196255 -0.163354
v 1.519938 -0.199640 -0.163354
v 1.519938 0.219946 -0.163354
v 1.513172 0.247014 -0.163354
v -0.778546 0.236864 -0.163354
v -0.795464 -0.223327 -0.163354
v 1.469182 0.270702 -0.163354
v -0.778546 -0.247011 -0.163353
v -0.748093 0.270702 -0.163354
v -0.765012 0.257164 -0.163354
v 1.486100 0.257164 -0.163354
v -0.778546 -0.216561 -0.163354
v 1.513172 -0.223327 -0.163354
v 1.471525 0.301155 -0.130957
v -0.731171 0.301155 -0.149473
v -0.731171 0.301155 -0.130957
v 1.471525 0.301155 -0.149473
v -0.731171 0.297770 -0.163354
v 1.471525 0.297770 -0.163354
v -0.758243 0.291005 -0.130957
v -0.758243 0.291005 -0.149473
v -0.758243 0.287620 -0.163354
v -1.509436 0.274086 -0.130957
v -1.485752 0.291005 -0.130957
v -1.485752 0.287620 -0.149473
v -1.506055 0.270702 -0.149473
v -1.522970 0.247014 -0.130957
v -1.519589 0.247014 -0.149473
v -1.529739 0.219946 -0.130957
v -1.526354 0.219946 -0.149473
v -1.526354 -0.199640 -0.149473
v -1.529739 -0.199640 -0.130957
v -1.516205 0.243630 -0.154096
v -1.502670 0.267317 -0.154096
v -1.482367 0.284236 -0.154096
v -1.045863 -0.260549 -0.158725
v -1.458680 -0.267317 -0.158725
v -1.458680 -0.260549 -0.158725
v -1.475598 -0.253780 -0.158725
v -1.478983 -0.260549 -0.158725
v -1.492520 -0.240246 -0.158725
v -1.495902 -0.243630 -0.158725
v -1.502670 -0.219943 -0.158725
v -1.509436 -0.223327 -0.158725
v -1.509436 -0.199640 -0.158725
v -1.512820 -0.199640 -0.158725
v -1.512820 0.219946 -0.158725
v -1.506055 0.219946 -0.158725
v -1.502670 0.240246 -0.158725
v -1.509436 0.243630 -0.158725
v -1.492520 0.257164 -0.158725
v -1.495902 0.263933 -0.158725
v -1.475598 0.270702 -0.158725
v -1.478983 0.277471 -0.158725
v -1.458680 0.277471 -0.158725
v -1.458680 0.284236 -0.158725
v -1.045863 0.284236 -0.158725
v -1.045863 0.277471 -0.158725
v -1.025560 0.270702 -0.158725
v -1.022176 0.277471 -0.158725
v -1.008642 0.257164 -0.158725
v -1.005257 0.263933 -0.158725
v -0.998488 0.240246 -0.158725
v -0.991723 0.243630 -0.158725
v -0.995107 0.219946 -0.158725
v -0.988339 0.219946 -0.158725
v -0.988339 -0.199640 -0.158725
v -0.995107 -0.199640 -0.158725
v -0.998488 -0.219943 -0.158725
v -0.991723 -0.223327 -0.158725
v -1.008642 -0.240246 -0.158725
v -1.005257 -0.243630 -0.158725
v -1.025560 -0.253780 -0.158725
v -1.022176 -0.260549 -0.158725
v -1.045863 -0.267317 -0.158725
v -0.984954 -0.226711 -0.154096
v -0.998488 -0.247011 -0.154096
v -0.998488 0.267317 -0.154096
v -1.502670 -0.247011 -0.154096
v -1.516205 -0.226711 -0.154096
v -1.018792 -0.267317 -0.154096
v -0.995107 -0.253780 -0.149473
v -1.018792 0.284236 -0.154096
v -1.045863 0.291005 -0.154096
v -1.042479 0.297770 -0.149473
v -1.482367 -0.267317 -0.154096
v -1.458680 -0.274083 -0.154096
v -0.981573 -0.199640 -0.154096
v -0.981573 0.219946 -0.154096
v -0.974804 -0.199640 -0.149473
v -0.974804 0.219946 -0.149473
v -1.045863 -0.274083 -0.154096
v -1.458680 -0.280852 -0.149473
v -1.042479 -0.280852 -0.149473
v -1.015407 -0.270702 -0.149473
v -1.458680 0.291005 -0.154096
v -1.458680 0.297770 -0.149473
v -1.519589 0.219946 -0.154096
v -1.519589 -0.199640 -0.154096
v -0.984954 0.243630 -0.154096
v -0.981573 0.247014 -0.149473
v -1.506055 -0.253780 -0.149473
v -1.485752 -0.270702 -0.149473
v -1.519589 -0.226711 -0.149473
v -0.981573 -0.226711 -0.149473
v -1.045863 -0.253780 -0.149473
v -0.998488 -0.196255 -0.121699
v -0.998488 0.219946 -0.121699
v -0.998488 0.219946 -0.135585
v -0.998488 -0.199640 -0.149473
v -0.998488 0.219946 -0.149473
v -0.998488 -0.199640 -0.135585
v -1.001873 -0.216561 -0.121699
v -1.001873 -0.216561 -0.135585
v -1.001873 -0.219943 -0.149473
v -1.001873 0.236864 -0.149473
v -1.001873 0.236864 -0.135585
v -1.001873 0.240246 -0.121699
v -0.991723 0.216561 -0.084678
v -0.991723 -0.192871 -0.084678
v -0.995107 0.243630 -0.084678
v -0.995107 -0.216561 -0.084678
v -1.005257 0.263933 -0.084678
v -1.012023 0.253780 -0.135585
v -1.012023 0.257164 -0.121699
v -1.012023 -0.233477 -0.121699
v -1.005257 -0.240246 -0.084678
v -1.012023 0.253780 -0.149473
v -1.012023 -0.233477 -0.135585
v -0.995107 -0.199640 -0.158725
v -0.995107 0.219946 -0.158725
v -0.998488 0.240246 -0.158725
v -0.998488 -0.219943 -0.158725
v -1.012023 -0.236861 -0.149473
v -1.025560 -0.247011 -0.121699
v -1.025560 -0.247011 -0.135585
v -1.008642 -0.240246 -0.158725
v -1.025560 0.267317 -0.149473
v -1.025560 0.267317 -0.135585
v -1.025560 0.270702 -0.121699
v -1.022176 0.280852 -0.084678
v -1.008642 0.257164 -0.158725
v -1.022176 -0.257164 -0.084678
v -1.025560 -0.250395 -0.149473
v -1.025560 0.270702 -0.158725
v -1.025560 -0.253780 -0.158725
v -1.025560 -0.253780 -0.075425
v -1.005257 -0.240246 -0.084678
v -1.022176 -0.257164 -0.084678
v -1.008642 -0.236861 -0.075425
v -0.995107 -0.216561 -0.084678
v -0.998488 -0.216561 -0.075425
v -0.991723 -0.192871 -0.084678
v -0.995107 -0.192871 -0.075425
v -1.008642 0.263933 -0.075425
v -1.025560 0.277471 -0.075425
v -1.022176 0.280852 -0.084678
v -1.005257 0.263933 -0.084678
v -0.998488 0.240246 -0.075425
v -1.005257 0.240246 -0.066168
v -0.995107 0.243630 -0.084678
v -0.995107 0.216561 -0.075425
v -0.991723 0.216561 -0.084678
v -1.015407 -0.233477 -0.066167
v -1.005257 -0.213177 -0.066167
v -1.001873 -0.192871 -0.066167
v -1.001873 0.216561 -0.066168
v -0.748093 0.267317 -0.149473
v -0.731171 0.274086 -0.149473
v -0.731171 0.274086 -0.130957
v -0.748093 0.267317 -0.130957
v -0.765012 0.253780 -0.149473
v -0.765012 0.253780 -0.130957
v -0.765012 0.257164 -0.163354
v -0.748093 0.270702 -0.163354
v -0.731171 0.277471 -0.163354
v -0.778546 0.236864 -0.163354
v -0.775161 0.236864 -0.149473
v -0.775161 0.236864 -0.130957
v -0.778546 -0.196255 -0.130957
v -0.778546 0.216561 -0.149473
v -0.778546 0.216561 -0.130957
v -0.778546 -0.196255 -0.149473
v -0.775161 -0.216561 -0.149473
v -0.775161 -0.216561 -0.130957
v -0.778546 -0.192871 -0.103189
v -0.775161 -0.213177 -0.103189
v -0.781927 0.216561 -0.163354
v -0.781927 -0.196255 -0.163354
v -0.778546 -0.216561 -0.163354
v 1.496254 -0.335015 -0.126963
v 1.140958 0.294310 -0.126963
v 1.496254 0.294310 -0.126963
v 1.140958 -0.335015 -0.126963
v 1.448882 -0.250395 -0.130957
v 1.469182 -0.243630 -0.149473
v 1.448882 -0.250395 -0.149473
v 1.469182 -0.243630 -0.130957
v 1.469182 -0.247011 -0.163353
v 1.448882 -0.253780 -0.163353
v 1.486100 -0.236861 -0.163354
v 1.482716 -0.233477 -0.149473
v 1.482716 -0.233477 -0.130957
v 1.469182 -0.243630 -0.103189
v 1.482716 -0.230096 -0.103189
v -0.792204 -0.250395 -0.149473
v -0.792204 -0.250395 -0.130957
v -0.792204 -0.253780 -0.163353
v 1.496254 -0.196255 -0.149473
v 1.496254 0.216561 -0.130957
v 1.496254 0.216561 -0.149473
v 1.496254 -0.196255 -0.130957
v 1.496254 -0.335015 -0.103189
v 1.496254 0.294310 -0.103189
v 1.492869 0.236864 -0.149473
v 1.492869 0.236864 -0.130957
v 1.492869 -0.213177 -0.103189
v 1.496254 -0.196255 -0.130957
v 1.492869 -0.216561 -0.130957
v 1.496254 -0.196255 -0.149473
v 1.492869 -0.216561 -0.149473
v 1.499638 -0.196255 -0.163354
v 1.496254 -0.216561 -0.163354
v 1.496254 0.216561 -0.149473
v 1.499638 0.216561 -0.163354
v 1.496254 0.236864 -0.163354
v 1.492869 0.236864 -0.149473
v 1.482716 -0.233477 -0.149473
v 1.486100 -0.236861 -0.163354
v 1.482716 -0.230096 -0.103189
v 1.482716 -0.233477 -0.130957
v -1.482367 -0.392517 0.008068
v -1.482367 -0.392517 -0.140020
v -1.015407 -0.392517 -0.140020
v -1.015407 -0.392517 0.008068
v -0.984954 -0.389132 -0.140020
v -0.984954 -0.389132 0.008068
v -1.512820 -0.389132 0.008068
v -1.512820 -0.389132 -0.140020
v -1.543276 -0.375598 0.008068
v -1.543276 -0.375598 -0.140020
v -1.570345 -0.355292 0.008068
v -1.570345 -0.355292 -0.140020
v -1.590645 -0.331608 0.008068
v -1.590645 -0.331608 -0.140020
v -0.842836 -0.355292 -0.140020
v -0.842836 -0.355292 0.008068
v -0.863139 -0.331608 0.008068
v -0.863139 -0.331608 -0.140020
v -0.815768 -0.375598 -0.140020
v -0.815768 -0.375598 0.008068
v -0.785311 -0.389132 -0.140020
v -0.785311 -0.389132 0.008068
v -0.876673 -0.301151 0.008068
v -0.876673 -0.301151 -0.140020
v -0.883442 -0.277467 0.008068
v -0.883442 -0.277467 -0.140020
v -0.754858 -0.392517 -0.140020
v -0.754858 -0.392517 0.008068
v -0.900361 -0.277467 0.008068
v -0.900361 -0.277467 -0.140020
v -0.913898 -0.331608 0.008068
v -0.900361 -0.301151 -0.140020
v -0.900361 -0.301151 0.008068
v -0.913898 -0.331608 -0.140020
v -0.930814 -0.355292 0.008068
v -0.930814 -0.355292 -0.140020
v -0.957882 -0.375598 0.008068
v -0.957882 -0.375598 -0.140020
v -0.984954 -0.389132 0.008068
v -0.984954 -0.389132 -0.140020
v -0.900361 -0.277467 -0.140020
v -0.900361 -0.277467 0.008068
v -1.458680 0.287620 -0.084678
v -1.458680 0.277471 -0.121699
v -1.045863 0.277471 -0.121699
v -1.045863 0.287620 -0.084678
v -1.045863 0.274086 -0.135585
v -1.458680 0.274086 -0.135585
v -1.482367 0.280852 -0.084678
v -1.025560 0.270702 -0.121699
v -1.022176 0.280852 -0.084678
v -1.025560 0.267317 -0.135585
v -1.045863 0.274086 -0.149473
v -1.458680 0.274086 -0.149473
v -1.475598 0.267317 -0.135585
v -1.475598 0.270702 -0.121699
v -1.025560 0.267317 -0.149473
v -1.475598 0.267317 -0.149473
v -1.499286 0.263933 -0.084678
v -1.492520 0.257164 -0.121699
v -1.489136 0.253780 -0.135585
v -1.045863 0.277471 -0.158725
v -1.458680 0.277471 -0.158725
v -1.045863 0.284236 -0.075425
v -1.458680 0.284236 -0.075425
v -1.025560 0.270702 -0.158725
v -1.025560 0.277471 -0.075425
v -1.475598 0.270702 -0.158725
v -1.478983 0.277471 -0.075425
v -1.495902 0.263933 -0.075425
v -1.492520 0.257164 -0.158725
v -1.458680 0.277471 -0.066168
v -1.512820 0.216561 -0.084678
v -1.506055 0.219946 -0.121699
v -1.502670 0.240246 -0.121699
v -1.509436 0.243630 -0.084678
v -1.512820 -0.192871 -0.084678
v -1.506055 -0.196255 -0.121699
v -1.506055 -0.199640 -0.135585
v -1.506055 -0.199640 -0.149473
v -1.506055 0.219946 -0.158725
v -1.506055 0.219946 -0.149473
v -1.506055 0.219946 -0.135585
v -1.499286 0.236864 -0.149473
v -1.499286 0.236864 -0.135585
v -1.492520 0.257164 -0.121699
v -1.499286 0.263933 -0.084678
v -1.489136 0.253780 -0.135585
v -1.489136 0.253780 -0.149473
v -1.509436 -0.199640 -0.158725
v -1.509436 0.216561 -0.075425
v -1.509436 -0.192871 -0.075425
v -1.506055 0.240246 -0.075425
v -1.502670 0.240246 -0.158725
v -1.495902 0.263933 -0.075425
v -1.475598 0.267317 -0.135585
v -1.475598 0.267317 -0.149473
v -1.492520 0.257164 -0.158725
v 1.475950 0.392517 0.008067
v -0.754858 0.392517 -0.140020
v -0.754858 0.392517 0.008067
v 1.475950 0.392517 -0.140020
v -0.785311 0.389132 -0.140020
v -0.785311 0.389132 0.008067
v 1.506403 0.389132 0.008067
v 1.506403 0.389132 -0.140020
v -0.815768 0.375598 -0.140020
v -0.815768 0.375598 0.008067
v 1.536856 0.375598 0.008067
v 1.536856 0.375598 -0.140020
v 1.563928 0.355295 0.008067
v 1.563928 0.355295 -0.140020
v 1.584231 0.331611 0.008067
v 1.584231 0.331611 -0.140020
v -0.876673 0.277471 -0.140020
v -0.876673 0.301155 0.008067
v -0.876673 0.301155 -0.140020
v -0.876673 0.277471 0.008067
v -0.883442 0.250399 -0.140020
v -0.883442 0.250399 0.008067
v -0.863139 0.331611 0.008067
v -0.863139 0.331611 -0.140020
v -0.842836 0.355295 0.008067
v -0.842836 0.355295 -0.140020
v -0.815768 0.375598 0.008067
v -0.815768 0.375598 -0.140020
v -0.883442 0.250399 0.008067
v -0.900361 0.250399 -0.140020
v -0.900361 0.250399 0.008067
v -0.883442 0.250399 -0.140020
v -1.509436 -0.216561 -0.084678
v -1.502670 -0.216561 -0.121699
v -1.506055 -0.196255 -0.121699
v -1.512820 -0.192871 -0.084678
v -1.499286 -0.216561 -0.135585
v -1.499286 -0.240246 -0.084678
v -1.489136 -0.233477 -0.135585
v -1.492520 -0.233477 -0.121699
v -1.506055 -0.199640 -0.135585
v -1.499286 -0.219943 -0.149473
v -1.506055 -0.199640 -0.149473
v -1.489136 -0.236861 -0.149473
v -1.475598 -0.247011 -0.135585
v -1.482367 -0.257164 -0.084678
v -1.475598 -0.247011 -0.121699
v -1.475598 -0.250395 -0.149473
v -1.475598 -0.253780 -0.158725
v -1.506055 -0.216561 -0.075425
v -1.502670 -0.219943 -0.158725
v -1.509436 -0.199640 -0.158725
v -1.492520 -0.240246 -0.158725
v -1.509436 -0.192871 -0.075425
v -1.495902 -0.236861 -0.075425
v -1.478983 -0.253780 -0.075425
v -1.458680 -0.260549 -0.158725
v -1.489136 -0.233477 -0.066167
v -1.475598 -0.247011 -0.066167
v -1.045863 -0.263933 -0.084678
v -1.458680 -0.253780 -0.121699
v -1.458680 -0.263933 -0.084678
v -1.045863 -0.253780 -0.121699
v -1.022176 -0.257164 -0.084678
v -1.025560 -0.247011 -0.121699
v -1.045863 -0.253780 -0.135585
v -1.045863 -0.253780 -0.149473
v -1.458680 -0.253780 -0.149473
v -1.458680 -0.253780 -0.135585
v -1.025560 -0.250395 -0.149473
v -1.025560 -0.247011 -0.135585
v -1.458680 -0.260549 -0.075425
v -1.045863 -0.260549 -0.075425
v -1.025560 -0.253780 -0.158725
v -1.025560 -0.253780 -0.075425
v -1.458680 -0.253780 -0.066167
v -1.045863 -0.253780 -0.066167
v -1.045863 -0.260549 -0.158725
v 1.475950 -0.392517 0.008068
v 1.475950 -0.392517 -0.140020
v 1.506403 -0.389132 -0.140020
v 1.506403 -0.389132 0.008068
v -0.815891 -0.392517 0.008068
v -0.815891 -0.392517 -0.140020
v 1.536856 -0.375598 -0.140020
v 1.536856 -0.375598 0.008068
v 1.563928 -0.355292 -0.140020
v 1.563928 -0.355292 0.008068
v 1.601146 -0.277467 0.008068
v 1.601146 -0.277467 -0.140020
v 1.601146 0.277471 -0.140020
v 1.601146 0.277471 0.008067
v 1.597765 0.301155 -0.140020
v 1.597765 0.301155 0.008067
v 1.597765 -0.301151 0.008068
v 1.597765 -0.301151 -0.140020
v 1.584231 -0.331608 0.008068
v 1.584231 -0.331608 -0.140020
v 1.584231 0.331611 -0.140020
v 1.584231 0.331611 0.008067
v 1.563928 -0.355292 0.008068
v 1.563928 -0.355292 -0.140020
v -0.731171 -0.277467 -0.130957
v -0.758243 -0.267317 -0.149473
v -0.731171 -0.277467 -0.149473
v -0.758243 -0.267317 -0.130957
v -0.758243 -0.267317 -0.163353
v -0.781927 -0.250395 -0.149473
v -0.781927 -0.250395 -0.130957
v -0.731171 -0.274083 -0.163353
v -0.778546 -0.247011 -0.163353
v 1.471525 -0.277467 -0.149473
v 1.471525 -0.277467 -0.130957
v 1.471525 -0.274083 -0.163353
v -0.802233 -0.199640 -0.163354
v -0.805618 0.219946 -0.149473
v -0.802233 0.219946 -0.163354
v -0.805618 -0.199640 -0.149473
v -0.795464 0.247014 -0.163354
v -0.798849 0.247014 -0.149473
v -0.798849 -0.226711 -0.149473
v -0.795464 -0.223327 -0.163354
v -0.781927 -0.250395 -0.149473
v -0.778546 -0.247011 -0.163353
v -0.781927 0.270702 -0.130957
v -0.758243 0.291005 -0.149473
v -0.781927 0.270702 -0.149473
v -0.758243 0.291005 -0.130957
v -0.758243 0.287620 -0.163354
v -0.778546 0.270702 -0.163354
v -0.798849 0.247014 -0.130957
v -0.798849 0.247014 -0.149473
v -0.795464 0.247014 -0.163354
v -0.805618 0.219946 -0.130957
v -0.805618 0.219946 -0.149473
v -0.781927 -0.250395 -0.130957
v -0.798849 -0.226711 -0.149473
v -0.781927 -0.250395 -0.149473
v -0.798849 -0.226711 -0.130957
v -0.805618 -0.199640 -0.149473
v -0.805618 -0.199640 -0.130957
v -0.805618 0.219946 -0.130957
v -0.805618 0.219946 -0.149473
v -0.758243 -0.267317 -0.149473
v -0.778546 -0.247011 -0.163353
v -0.758243 -0.267317 -0.163353
v -0.974804 -0.199640 -0.130957
v -0.974804 0.219946 -0.149473
v -0.974804 0.219946 -0.130957
v -0.974804 -0.199640 -0.149473
v -0.978189 0.247014 -0.130957
v -0.981573 -0.226711 -0.149473
v -0.978189 -0.226711 -0.130957
v -0.981573 0.247014 -0.149473
v -0.995107 -0.253780 -0.149473
v -0.991723 -0.253780 -0.130957
v -0.984954 -0.226711 -0.154096
v -0.991723 0.274086 -0.130957
v -0.995107 0.270702 -0.149473
v -1.015407 0.291005 -0.130957
v -1.018792 0.284236 -0.154096
v -1.042479 0.297770 -0.149473
v -1.015407 0.287620 -0.149473
v -0.998488 0.267317 -0.154096
v -0.984954 0.243630 -0.154096
v -0.981573 0.219946 -0.154096
v -1.042479 0.301155 -0.130957
v -1.042479 0.301155 -0.130957
v -1.042479 0.297770 -0.149473
v -1.458680 0.297770 -0.149473
v -1.458680 0.301155 -0.130957
v -1.485752 0.291005 -0.130957
v -1.485752 0.287620 -0.149473
v -0.995107 0.270702 -0.149473
v -1.015407 0.287620 -0.149473
v -1.015407 0.291005 -0.130957
v 1.496254 0.294310 -0.103189
v 1.492869 0.233480 -0.103189
v 1.492869 0.236864 -0.130957
v 1.492869 0.236864 -0.149473
v 1.486100 0.257164 -0.163354
v 1.496254 0.236864 -0.163354
v 1.482716 0.253780 -0.149473
v 1.469182 0.270702 -0.163354
v 1.492869 0.233480 -0.103189
v 1.482716 0.253780 -0.103189
v 1.482716 0.253780 -0.130957
v 1.492869 0.236864 -0.130957
v 1.469182 0.267317 -0.084457
v 1.469182 0.267317 -0.103189
v 1.469182 0.267317 -0.149473
v 1.448882 0.274086 -0.149473
v 1.448882 0.277471 -0.163354
v 1.448882 0.274086 -0.084457
v -0.792204 0.274086 -0.102973
v -0.792204 0.274086 -0.130957
v -0.792204 0.277471 -0.163354
v -0.748093 -0.243630 -0.149473
v -0.765012 -0.233477 -0.130957
v -0.748093 -0.243630 -0.130957
v -0.765012 -0.233477 -0.149473
v -0.765012 -0.230096 -0.103189
v -0.748093 -0.243630 -0.103189
v -0.731171 -0.250395 -0.130957
v -0.792204 -0.250395 -0.103189
v -0.731171 -0.250395 -0.149473
v -0.748093 -0.247011 -0.163353
v -0.765012 -0.236861 -0.163354
v -0.731171 -0.253780 -0.163353
v -0.775161 -0.213177 -0.103189
v -0.775161 -0.216561 -0.130957
v -0.775161 -0.216561 -0.149473
v -0.778546 -0.216561 -0.163354
v -0.731171 -0.250395 -0.103189
v -0.748093 -0.243630 -0.103189
v -0.765012 -0.230096 -0.103189
v -0.775161 -0.213177 -0.103189
v -1.509436 -0.253780 -0.130957
v -1.522970 -0.226711 -0.130957
v -1.519589 -0.226711 -0.149473
v -1.506055 -0.253780 -0.149473
v -1.526354 -0.199640 -0.149473
v -1.529739 -0.199640 -0.130957
v -1.516205 -0.226711 -0.154096
v -1.485752 -0.274083 -0.130957
v -1.485752 -0.270702 -0.149473
v -1.015407 -0.270702 -0.149473
v -0.995107 -0.253780 -0.149473
v -0.991723 -0.253780 -0.130957
v -1.015407 -0.274083 -0.130957
v -1.042479 -0.280852 -0.149473
v -1.042479 -0.284236 -0.130957
v -1.458680 -0.284236 -0.130957
v -1.458680 -0.280852 -0.149473
v -1.485752 -0.270702 -0.149473
v -1.485752 -0.274083 -0.130957
v -1.482367 -0.267317 -0.154096
v 1.492869 -0.213177 -0.103189
v 1.496254 -0.335015 -0.103189
v 1.496254 -0.196255 -0.130957
v -0.771777 -0.020300 -0.098561
v -0.778546 -0.192871 -0.103189
v -0.778546 -0.000000 -0.103189
v -1.543276 0.375598 -0.140020
v -1.543276 0.375598 0.008067
v -1.512820 0.389132 0.008067
v -1.512820 0.389132 -0.140020
v -1.570345 0.355295 -0.140020
v -1.570345 0.355295 0.008067
v -1.590645 0.331611 -0.140020
v -1.590645 0.331611 0.008067
v -1.607567 -0.277467 -0.140020
v -1.607567 0.277471 0.008067
v -1.607567 0.277471 -0.140020
v -1.607567 -0.277467 0.008068
v -1.604182 0.301155 0.008067
v -1.604182 0.301155 -0.140020
v -1.604182 -0.301151 -0.140020
v -1.604182 -0.301151 0.008068
v -1.590645 -0.331608 -0.140020
v -1.590645 -0.331608 0.008068
v -1.106896 -0.219943 0.051009
v -1.458680 -0.219943 0.051009
v -1.465449 -0.230096 0.051009
v -1.458680 -0.233477 0.051009
v -1.604309 -0.375598 0.125054
v -1.573853 -0.389132 0.125054
v -1.651678 -0.331608 0.125054
v -1.665215 -0.301151 0.125054
v -1.018915 -0.375598 0.125054
v -1.045987 -0.389132 0.125054
v -1.651678 0.331611 0.125054
v -1.665215 0.301155 0.125054
v -1.018915 0.375598 0.125054
v -1.045987 0.389132 0.125054
v 1.471525 0.301155 0.125054
v -0.792204 0.301155 0.125054
v -0.819276 0.291005 0.125054
v -1.570469 -0.199639 0.152822
v -1.567088 0.219946 0.152822
v -1.563703 0.240246 0.152822
v -1.553553 0.257164 0.152822
v -1.536631 0.270702 0.152822
v -1.553553 -0.240246 0.152822
v -1.563703 -0.219943 0.152822
v -1.045987 -0.389132 0.125054
v -1.045987 -0.389132 -0.023038
v -1.106896 0.284236 0.069522
v -1.086593 0.277471 0.069522
v -1.567088 0.240246 0.069522
v -1.556935 0.263933 0.069522
v -0.781927 0.270702 0.125054
v -0.758243 0.291005 0.125054
v -1.458680 -0.219943 0.051009
v -1.045863 0.243630 0.051008
v -1.025560 0.233480 0.051008
v -1.025560 0.216561 0.051008
v -1.032329 0.243630 0.051008
v -1.039094 0.250399 0.051008
v -1.045863 0.253780 0.051008
v -1.458680 0.253780 0.051008
v -1.465449 0.250399 0.051008
v -1.472214 0.243630 0.051008
v -1.472214 -0.223327 0.051009
v -1.465449 -0.230096 0.051009
v -1.458680 -0.233477 0.051009
v -1.045863 -0.233477 0.051009
v -1.045863 -0.219943 0.051009
v -1.039094 -0.230096 0.051009
v -1.032329 -0.223327 0.051009
v -1.025560 -0.209793 0.051009
v -1.025560 -0.192871 0.051009
v -1.489136 -0.213177 0.055636
v -1.492520 -0.192871 0.055636
v -1.489136 0.236864 0.055636
v -1.492520 0.216561 0.055636
v -1.482367 -0.226711 0.055636
v -1.458680 0.267317 0.055636
v -1.045863 0.267317 0.055636
v -1.012023 -0.192871 0.055636
v -1.012023 0.216561 0.055636
v -1.015407 0.236864 0.055636
v -1.022176 0.250399 0.055636
v -1.472214 0.260549 0.055636
v -1.482367 0.250399 0.055636
v -1.032329 0.260549 0.055636
v -1.032329 -0.240246 0.055636
v -1.472214 -0.240246 0.055636
v -1.458680 -0.243630 0.055636
v -1.022176 -0.226711 0.055636
v -1.475598 0.270702 0.060266
v -1.499286 0.240246 0.060266
v -1.015407 -0.213177 0.055636
v -1.005257 0.240246 0.060266
v -1.502670 0.216561 0.060266
v -1.015407 0.257164 0.060266
v -1.458680 0.277471 0.060266
v -1.045863 0.277471 0.060266
v -1.028945 0.270702 0.060266
v -1.502670 -0.192871 0.060266
v -1.001873 0.216561 0.060266
v -1.001873 -0.192871 0.060266
v -1.045863 -0.243630 0.055636
v -1.045863 -0.253780 0.060266
v -1.458680 -0.253780 0.060266
v -1.005257 -0.213177 0.060266
v -1.499286 -0.213177 0.060266
v -1.489136 0.257164 0.060266
v -1.015407 -0.233477 0.060266
v -1.028945 -0.247011 0.060266
v -1.489136 -0.233477 0.060266
v -1.475598 -0.247011 0.060266
v -1.495902 0.263933 0.069522
v -1.008642 0.263933 0.069522
v -1.025560 0.277471 0.069522
v -1.506055 0.240246 0.069522
v -1.478983 0.277471 0.069522
v -1.495902 -0.236861 0.069522
v -1.506055 -0.216561 0.069522
v -1.025560 -0.253780 0.069522
v -1.045863 0.284236 0.069522
v -1.008642 -0.236861 0.069522
v -1.458680 0.284236 0.069522
v -1.509436 -0.192871 0.069522
v -1.509436 0.216561 0.069522
v -1.045863 -0.260549 0.069522
v -1.509436 0.274086 0.125054
v -1.485752 0.287620 0.143570
v -1.506055 0.270702 0.143570
v -1.522970 0.247014 0.125054
v -1.519589 0.247014 0.143570
v -1.526354 0.219946 0.143570
v -1.526354 -0.199639 0.143570
v -1.516205 0.243630 0.148193
v -1.502670 0.267317 0.148193
v -1.482367 0.284236 0.148193
v -1.045863 -0.260549 0.152822
v -1.509436 -0.199639 0.152822
v -1.512820 -0.199639 0.152822
v -1.512820 0.219946 0.152822
v -1.506055 0.219946 0.152822
v -1.502670 0.240246 0.152822
v -1.509436 0.243630 0.152822
v -1.492520 0.257164 0.152822
v -1.495902 0.263933 0.152822
v -1.475598 0.270702 0.152822
v -1.478983 0.277471 0.152822
v -1.458680 0.277471 0.152822
v -1.458680 0.284236 0.152822
v -1.045863 0.284236 0.152822
v -1.045863 0.277471 0.152822
v -1.025560 0.270702 0.152822
v -1.022176 0.277471 0.152822
v -1.008642 0.257164 0.152822
v -1.005257 0.263933 0.152822
v -0.998488 0.240246 0.152822
v -0.991723 0.243630 0.152822
v -0.995107 0.219946 0.152822
v -1.025560 -0.253780 0.152822
v -0.998488 0.267317 0.148193
v -1.018792 0.284236 0.148193
v -1.045863 0.291005 0.148193
v -1.042479 0.297770 0.143570
v -1.458680 0.291005 0.148193
v -1.458680 0.297770 0.143570
v -1.519589 0.219946 0.148193
v -1.519589 -0.199639 0.148193
v -1.045863 -0.253780 0.143570
v -0.998488 -0.196255 0.115796
v -0.998488 0.219946 0.115796
v -0.998488 0.219946 0.129678
v -0.998488 -0.199639 0.143570
v -0.998488 0.219946 0.143570
v -0.998488 -0.199639 0.129678
v -1.001873 -0.216561 0.115796
v -1.001873 -0.216561 0.129678
v -1.001873 -0.219943 0.143570
v -1.001873 0.236865 0.143570
v -1.001873 0.236865 0.129678
v -1.001873 0.240246 0.115796
v -0.991723 0.216561 0.078776
v -0.991723 -0.192871 0.078776
v -0.995107 0.243630 0.078776
v -0.995107 -0.216561 0.078776
v -1.005257 0.263933 0.078776
v -1.012023 0.253780 0.129678
v -1.012023 0.257164 0.115796
v -1.012023 -0.233477 0.115796
v -1.005257 -0.240246 0.078776
v -1.012023 0.253780 0.143570
v -1.012023 -0.233477 0.129678
v -0.995107 -0.199639 0.152822
v -0.995107 0.219946 0.152822
v -0.998488 0.240246 0.152822
v -0.998488 -0.219943 0.152822
v -1.012023 -0.236861 0.143570
v -1.025560 -0.247011 0.115796
v -1.025560 -0.247011 0.129678
v -1.008642 -0.240246 0.152822
v -1.025560 0.267317 0.143570
v -1.025560 0.267317 0.129678
v -1.025560 0.270702 0.115796
v -1.022176 0.280852 0.078776
v -1.008642 0.257164 0.152822
v -1.022176 -0.257164 0.078776
v -1.025560 -0.250395 0.143570
v -1.025560 0.270702 0.152822
v -1.025560 -0.253780 0.152822
v -1.025560 -0.253780 0.069522
v -1.005257 -0.240246 0.078776
v -1.022176 -0.257164 0.078776
v -1.008642 -0.236861 0.069522
v -0.995107 -0.216561 0.078776
v -0.998488 -0.216561 0.069522
v -0.991723 -0.192871 0.078776
v -0.995107 -0.192871 0.069522
v -1.008642 0.263933 0.069522
v -1.025560 0.277471 0.069522
v -1.022176 0.280852 0.078776
v -1.005257 0.263933 0.078776
v -0.998488 0.240246 0.069522
v -1.005257 0.240246 0.060266
v -0.995107 0.243630 0.078776
v -0.995107 0.216561 0.069522
v -0.991723 0.216561 0.078776
v -1.015407 -0.233477 0.060266
v -1.005257 -0.213177 0.060266
v -1.001873 -0.192871 0.060266
v -1.001873 0.216561 0.060266
v -1.458680 0.287620 0.078776
v -1.458680 0.277471 0.115796
v -1.045863 0.277471 0.115796
v -1.045863 0.287620 0.078776
v -1.045863 0.274086 0.129678
v -1.458680 0.274086 0.129678
v -1.482367 0.280852 0.078776
v -1.025560 0.270702 0.115796
v -1.022176 0.280852 0.078776
v -1.025560 0.267317 0.129678
v -1.045863 0.274086 0.143570
v -1.458680 0.274086 0.143570
v -1.475598 0.267317 0.129678
v -1.475598 0.270702 0.115796
v -1.025560 0.267317 0.143570
v -1.475598 0.267317 0.143570
v -1.499286 0.263933 0.078776
v -1.492520 0.257164 0.115796
v -1.489136 0.253780 0.129678
v -1.045863 0.277471 0.152822
v -1.458680 0.277471 0.152822
v -1.045863 0.284236 0.069522
v -1.458680 0.284236 0.069522
v -1.025560 0.270702 0.152822
v -1.025560 0.277471 0.069522
v -1.475598 0.270702 0.152822
v -1.478983 0.277471 0.069522
v -1.495902 0.263933 0.069522
v -1.492520 0.257164 0.152822
v -1.458680 0.277471 0.060266
v -1.512820 0.216561 0.078776
v -1.506055 0.219946 0.115796
v -1.502670 0.240246 0.115796
v -1.509436 0.243630 0.078776
v -1.512820 -0.192871 0.078776
v -1.506055 -0.196255 0.115796
v -1.506055 -0.199639 0.129678
v -1.506055 -0.199639 0.143570
v -1.506055 0.219946 0.152822
v -1.506055 0.219946 0.143570
v -1.506055 0.219946 0.129678
v -1.499286 0.236865 0.143570
v -1.499286 0.236865 0.129678
v -1.492520 0.257164 0.115796
v -1.499286 0.263933 0.078776
v -1.489136 0.253780 0.129678
v -1.489136 0.253780 0.143570
v -1.509436 -0.199639 0.152822
v -1.509436 0.216561 0.069522
v -1.509436 -0.192871 0.069522
v -1.506055 0.240246 0.069522
v -1.502670 0.240246 0.152822
v -1.495902 0.263933 0.069522
v -1.475598 0.267317 0.129678
v -1.475598 0.267317 0.143570
v -1.492520 0.257164 0.152822
v -1.509436 -0.216561 0.078776
v -1.502670 -0.216561 0.115796
v -1.506055 -0.196255 0.115796
v -1.512820 -0.192871 0.078776
v -1.499286 -0.216561 0.129678
v -1.499286 -0.240246 0.078776
v -1.489136 -0.233477 0.129678
v -1.492520 -0.233477 0.115796
v -1.506055 -0.199639 0.129678
v -1.499286 -0.219943 0.143570
v -1.506055 -0.199639 0.143570
v -1.489136 -0.236861 0.143570
v -1.475598 -0.247011 0.129678
v -1.482367 -0.257164 0.078776
v -1.475598 -0.247011 0.115796
v -1.475598 -0.250395 0.143570
v -1.475598 -0.253780 0.152822
v -1.506055 -0.216561 0.069522
v -1.502670 -0.219943 0.152822
v -1.509436 -0.199639 0.152822
v -1.492520 -0.240246 0.152822
v -1.509436 -0.192871 0.069522
v -1.495902 -0.236861 0.069522
v -1.478983 -0.253780 0.069522
v -1.458680 -0.260549 0.152822
v -1.489136 -0.233477 0.060266
v -1.475598 -0.247011 0.060266
v -1.045863 -0.263933 0.078776
v -1.458680 -0.253780 0.115796
v -1.458680 -0.263933 0.078776
v -1.045863 -0.253780 0.115796
v -1.022176 -0.257164 0.078776
v -1.025560 -0.247011 0.115796
v -1.045863 -0.253780 0.129678
v -1.045863 -0.253780 0.143570
v -1.458680 -0.253780 0.143570
v -1.458680 -0.253780 0.129678
v -1.025560 -0.250395 0.143570
v -1.025560 -0.247011 0.129678
v -1.458680 -0.260549 0.069522
v -1.045863 -0.260549 0.069522
v -1.025560 -0.253780 0.152822
v -1.025560 -0.253780 0.069522
v -1.458680 -0.253780 0.060266
v -1.045863 -0.253780 0.060266
v -1.045863 -0.260549 0.152822
v -0.995107 -0.192871 -0.075425
v -0.995107 0.216561 -0.075425
v -0.991723 0.216561 -0.084678
v -1.001873 -0.192871 -0.066167
v -1.001873 0.216561 -0.066168
v -1.458680 0.253780 0.051008
v -1.458680 0.243630 0.051008
v -1.458680 -0.219943 0.051009
v -1.475598 -0.209793 0.051009
v -1.472214 -0.223327 0.051009
v -1.465449 -0.230096 0.051009
v -1.478983 -0.192871 0.051009
v -1.478983 0.216561 0.051008
v -1.475598 0.233480 0.051008
v -1.472214 0.243630 0.051008
v -1.465449 0.250399 0.051008
v -1.489136 -0.213177 0.055636
v -1.492520 -0.192871 0.055636
v -1.489136 0.236864 0.055636
v -1.492520 0.216561 0.055636
v -1.482367 -0.226711 0.055636
v 1.496254 -0.020352 -0.126963
v 1.318606 -0.020352 -0.126963
v 1.318606 -0.335015 -0.126963
v 1.318606 0.294310 -0.126963
v 1.140958 -0.020353 -0.126963
v 1.496254 0.136979 -0.126963
v 1.229782 0.136979 -0.126963
v 1.229782 -0.335015 -0.126963
v 1.407430 0.294310 -0.126963
v 1.140958 -0.177684 -0.126963
v 1.496254 -0.177684 -0.126963
v 1.407430 -0.177684 -0.126963
v 1.407430 -0.335015 -0.126963
v 1.229782 0.294310 -0.126963
v 1.140958 0.136979 -0.126963
v 1.229782 -0.020353 -0.126963
v 1.318606 -0.177684 -0.126963
v 1.229782 -0.177684 -0.126963
v 1.407430 0.136979 -0.126963
v 1.407430 -0.020352 -0.126963
v 1.318606 0.136979 -0.126963
v 1.496254 0.215644 -0.126963
v 1.185370 0.215644 -0.126963
v 1.185370 -0.335015 -0.126963
v 1.451842 0.294310 -0.126963
v 1.140958 -0.256349 -0.126963
v 1.496254 -0.099018 -0.126963
v 1.363018 -0.099018 -0.126963
v 1.363018 -0.335015 -0.126963
v 1.274194 0.294310 -0.126963
v 1.140958 0.058313 -0.126963
v 1.185370 -0.020353 -0.126963
v 1.318606 -0.256349 -0.126963
v 1.274194 -0.256349 -0.126963
v 1.363018 0.215644 -0.126963
v 1.363018 -0.020352 -0.126963
v 1.318606 0.058313 -0.126963
v 1.496254 0.058313 -0.126963
v 1.274194 0.058313 -0.126963
v 1.274194 -0.335015 -0.126963
v 1.363018 0.294310 -0.126963
v 1.140958 -0.099018 -0.126963
v 1.496254 -0.256349 -0.126963
v 1.451842 -0.256349 -0.126963
v 1.451842 -0.335015 -0.126963
v 1.185370 0.294310 -0.126963
v 1.140958 0.215644 -0.126963
v 1.274194 -0.020352 -0.126963
v 1.318606 -0.099018 -0.126963
v 1.185370 -0.099018 -0.126963
v 1.451842 0.058313 -0.126963
v 1.451842 -0.020352 -0.126963
v 1.318606 0.215644 -0.126963
v 1.274194 0.215644 -0.126963
v 1.274194 0.136979 -0.126963
v 1.229782 0.215644 -0.126963
v 1.363018 0.136979 -0.126963
v 1.407430 0.058313 -0.126963
v 1.363018 0.058313 -0.126963
v 1.451842 0.215644 -0.126963
v 1.451842 0.136979 -0.126963
v 1.407430 0.215644 -0.126963
v 1.185370 -0.177684 -0.126963
v 1.229782 -0.256349 -0.126963
v 1.185370 -0.256349 -0.126963
v 1.229782 -0.099018 -0.126963
v 1.274194 -0.099018 -0.126963
v 1.274194 -0.177684 -0.126963
v 1.185370 0.136979 -0.126963
v 1.229782 0.058313 -0.126963
v 1.185370 0.058313 -0.126963
v 1.363018 -0.177684 -0.126963
v 1.407430 -0.256349 -0.126963
v 1.363018 -0.256349 -0.126963
v 1.451842 -0.099018 -0.126963
v 1.451842 -0.177684 -0.126963
v 1.407430 -0.099018 -0.126963
v 1.496254 0.254977 -0.126963
v 1.163164 0.254977 -0.126963
v 1.163164 -0.335015 -0.126963
v 1.474048 0.294310 -0.126963
v 1.140958 -0.295682 -0.126963
v 1.496254 -0.059685 -0.126963
v 1.340812 -0.059685 -0.126963
v 1.340812 -0.335015 -0.126963
v 1.296400 0.294310 -0.126963
v 1.140958 0.018980 -0.126963
v 1.163164 -0.020353 -0.126963
v 1.318606 -0.295682 -0.126963
v 1.296400 -0.295682 -0.126963
v 1.340812 0.254977 -0.126963
v 1.340812 -0.020352 -0.126963
v 1.318606 0.018980 -0.126963
v 1.496254 0.097646 -0.126963
v 1.251988 0.097646 -0.126963
v 1.251988 -0.335015 -0.126963
v 1.385224 0.294310 -0.126963
v 1.140958 -0.138351 -0.126963
v 1.496254 -0.217017 -0.126963
v 1.429636 -0.217017 -0.126963
v 1.429636 -0.335015 -0.126963
v 1.207576 0.294310 -0.126963
v 1.140958 0.176312 -0.126963
v 1.251988 -0.020353 -0.126963
v 1.318606 -0.138351 -0.126963
v 1.207576 -0.138351 -0.126963
v 1.429636 0.097646 -0.126963
v 1.429636 -0.020352 -0.126963
v 1.318606 0.176312 -0.126963
v 1.251988 0.254977 -0.126963
v 1.251988 0.136979 -0.126963
v 1.229782 0.176312 -0.126963
v 1.340812 0.136979 -0.126963
v 1.407430 0.018980 -0.126963
v 1.385224 0.018980 -0.126963
v 1.429636 0.254977 -0.126963
v 1.429636 0.136979 -0.126963
v 1.407430 0.176312 -0.126963
v 1.163164 -0.177684 -0.126963
v 1.229782 -0.295682 -0.126963
v 1.207576 -0.295682 -0.126963
v 1.229782 -0.138351 -0.126963
v 1.296400 -0.138351 -0.126963
v 1.296400 -0.177684 -0.126963
v 1.163164 0.136979 -0.126963
v 1.229782 0.018980 -0.126963
v 1.207576 0.018980 -0.126963
v 1.340812 -0.177684 -0.126963
v 1.407430 -0.295682 -0.126963
v 1.385224 -0.295682 -0.126963
v 1.429636 -0.059685 -0.126963
v 1.429636 -0.177684 -0.126963
v 1.407430 -0.138351 -0.126963
v 1.496254 0.176312 -0.126963
v 1.207576 0.176312 -0.126963
v 1.207576 -0.335015 -0.126963
v 1.429636 0.294310 -0.126963
v 1.140958 -0.217017 -0.126963
v 1.496254 -0.138351 -0.126963
v 1.385224 -0.138351 -0.126963
v 1.385224 -0.335015 -0.126963
v 1.251988 0.294310 -0.126963
v 1.140958 0.097646 -0.126963
v 1.207576 -0.020353 -0.126963
v 1.318606 -0.217017 -0.126963
v 1.251988 -0.217017 -0.126963
v 1.385224 0.176312 -0.126963
v 1.385224 -0.020352 -0.126963
v 1.318606 0.097646 -0.126963
v 1.496254 0.018980 -0.126963
v 1.296400 0.018980 -0.126963
v 1.296400 -0.335015 -0.126963
v 1.340812 0.294310 -0.126963
v 1.140958 -0.059685 -0.126963
v 1.496254 -0.295682 -0.126963
v 1.474048 -0.295682 -0.126963
v 1.474048 -0.335015 -0.126963
v 1.163164 0.294310 -0.126963
v 1.140958 0.254977 -0.126963
v 1.296400 -0.020352 -0.126963
v 1.318606 -0.059685 -0.126963
v 1.163164 -0.059685 -0.126963
v 1.474048 0.018980 -0.126963
v 1.474048 -0.020352 -0.126963
v 1.318606 0.254977 -0.126963
v 1.296400 0.176312 -0.126963
v 1.296400 0.136979 -0.126963
v 1.229782 0.254977 -0.126963
v 1.385224 0.136979 -0.126963
v 1.407430 0.097646 -0.126963
v 1.340812 0.097646 -0.126963
v 1.474048 0.176312 -0.126963
v 1.474048 0.136979 -0.126963
v 1.407430 0.254977 -0.126963
v 1.207576 -0.177684 -0.126963
v 1.229782 -0.217017 -0.126963
v 1.163164 -0.217017 -0.126963
v 1.229782 -0.059685 -0.126963
v 1.251988 -0.059685 -0.126963
v 1.251988 -0.177684 -0.126963
v 1.207576 0.136979 -0.126963
v 1.229782 0.097646 -0.126963
v 1.163164 0.097646 -0.126963
v 1.385224 -0.177684 -0.126963
v 1.407430 -0.217017 -0.126963
v 1.340812 -0.217017 -0.126963
v 1.474048 -0.138351 -0.126963
v 1.474048 -0.177684 -0.126963
v 1.407430 -0.059685 -0.126963
v 1.385224 -0.059685 -0.126963
v 1.385224 -0.099018 -0.126963
v 1.363018 -0.059685 -0.126963
v 1.429636 -0.099018 -0.126963
v 1.451842 -0.138351 -0.126963
v 1.429636 -0.138351 -0.126963
v 1.474048 -0.059685 -0.126963
v 1.474048 -0.099018 -0.126963
v 1.451842 -0.059685 -0.126963
v 1.340812 -0.256349 -0.126963
v 1.363018 -0.295682 -0.126963
v 1.340812 -0.295682 -0.126963
v 1.363018 -0.217017 -0.126963
v 1.385224 -0.217017 -0.126963
v 1.385224 -0.256349 -0.126963
v 1.340812 -0.099018 -0.126963
v 1.363018 -0.138351 -0.126963
v 1.340812 -0.138351 -0.126963
v 1.163164 0.058313 -0.126963
v 1.185370 0.018980 -0.126963
v 1.163164 0.018980 -0.126963
v 1.185370 0.097646 -0.126963
v 1.207576 0.097646 -0.126963
v 1.207576 0.058313 -0.126963
v 1.163164 0.215644 -0.126963
v 1.185370 0.176312 -0.126963
v 1.163164 0.176312 -0.126963
v 1.274194 -0.217017 -0.126963
v 1.296400 -0.217017 -0.126963
v 1.296400 -0.256349 -0.126963
v 1.251988 -0.138351 -0.126963
v 1.251988 -0.099018 -0.126963
v 1.274194 -0.138351 -0.126963
v 1.185370 -0.059685 -0.126963
v 1.207576 -0.059685 -0.126963
v 1.207576 -0.099018 -0.126963
v 1.163164 -0.256349 -0.126963
v 1.185370 -0.295682 -0.126963
v 1.163164 -0.295682 -0.126963
v 1.185370 -0.217017 -0.126963
v 1.207576 -0.217017 -0.126963
v 1.207576 -0.256349 -0.126963
v 1.163164 -0.099018 -0.126963
v 1.185370 -0.138351 -0.126963
v 1.163164 -0.138351 -0.126963
v 1.385224 0.254977 -0.126963
v 1.385224 0.215644 -0.126963
v 1.363018 0.254977 -0.126963
v 1.429636 0.215644 -0.126963
v 1.451842 0.176312 -0.126963
v 1.429636 0.176312 -0.126963
v 1.474048 0.254977 -0.126963
v 1.474048 0.215644 -0.126963
v 1.451842 0.254977 -0.126963
v 1.340812 0.058313 -0.126963
v 1.363018 0.018980 -0.126963
v 1.340812 0.018980 -0.126963
v 1.363018 0.097646 -0.126963
v 1.385224 0.097646 -0.126963
v 1.385224 0.058313 -0.126963
v 1.340812 0.215644 -0.126963
v 1.363018 0.176312 -0.126963
v 1.340812 0.176312 -0.126963
v 1.207576 0.254977 -0.126963
v 1.207576 0.215644 -0.126963
v 1.185370 0.254977 -0.126963
v 1.251988 0.215644 -0.126963
v 1.274194 0.176312 -0.126963
v 1.251988 0.176312 -0.126963
v 1.296400 0.254977 -0.126963
v 1.296400 0.215644 -0.126963
v 1.274194 0.254977 -0.126963
v 1.296400 0.097646 -0.126963
v 1.296400 0.058313 -0.126963
v 1.274194 0.097646 -0.126963
v 1.429636 0.058313 -0.126963
v 1.451842 0.018980 -0.126963
v 1.429636 0.018980 -0.126963
v 1.474048 0.097646 -0.126963
v 1.474048 0.058313 -0.126963
v 1.451842 0.097646 -0.126963
v 1.251988 -0.256349 -0.126963
v 1.274194 -0.295682 -0.126963
v 1.251988 -0.295682 -0.126963
v 1.274194 -0.059685 -0.126963
v 1.296400 -0.059685 -0.126963
v 1.296400 -0.099018 -0.126963
v 1.251988 0.058313 -0.126963
v 1.274194 0.018980 -0.126963
v 1.251988 0.018980 -0.126963
v 1.429636 -0.256349 -0.126963
v 1.451842 -0.295682 -0.126963
v 1.429636 -0.295682 -0.126963
v 1.474048 -0.217017 -0.126963
v 1.474048 -0.256349 -0.126963
v 1.451842 -0.217017 -0.126963
v 1.318606 -0.020352 0.142204
v 1.496254 -0.020352 0.142204
v 1.318606 -0.335015 0.142204
v 1.318606 0.294310 0.142204
v 1.140958 -0.020353 0.142204
v 1.229782 0.136979 0.142204
v 1.496254 0.136979 0.142204
v 1.229782 -0.335015 0.142204
v 1.407430 0.294310 0.142204
v 1.140958 -0.177684 0.142204
v 1.407430 -0.177684 0.142204
v 1.496254 -0.177684 0.142204
v 1.407430 -0.335015 0.142204
v 1.229782 0.294310 0.142204
v 1.140958 0.136979 0.142204
v 1.229782 -0.177684 0.142204
v 1.318606 -0.177684 0.142204
v 1.229782 -0.020352 0.142204
v 1.318606 0.136979 0.142204
v 1.407430 -0.020352 0.142204
v 1.407430 0.136979 0.142204
v 1.185370 0.215644 0.142204
v 1.496254 0.215644 0.142204
v 1.185370 -0.335015 0.142204
v 1.451842 0.294310 0.142204
v 1.140958 -0.256349 0.142204
v 1.363018 -0.099018 0.142204
v 1.496254 -0.099018 0.142204
v 1.363018 -0.335015 0.142204
v 1.274194 0.294310 0.142204
v 1.140958 0.058313 0.142204
v 1.185370 -0.099018 0.142204
v 1.318606 -0.099018 0.142204
v 1.274194 -0.020352 0.142204
v 1.318606 0.215644 0.142204
v 1.451842 -0.020352 0.142204
v 1.451842 0.058313 0.142204
v 1.274194 0.058313 0.142204
v 1.496254 0.058313 0.142204
v 1.274194 -0.335015 0.142204
v 1.363018 0.294310 0.142204
v 1.140958 -0.099018 0.142204
v 1.451842 -0.256349 0.142204
v 1.496254 -0.256349 0.142204
v 1.451842 -0.335015 0.142204
v 1.185370 0.294310 0.142204
v 1.140958 0.215644 0.142204
v 1.274194 -0.256349 0.142204
v 1.318606 -0.256349 0.142204
v 1.185370 -0.020352 0.142204
v 1.318606 0.058313 0.142204
v 1.363018 -0.020352 0.142204
v 1.363018 0.215644 0.142204
v 1.407430 0.215644 0.142204
v 1.451842 0.136979 0.142204
v 1.451842 0.215644 0.142204
v 1.363018 0.136979 0.142204
v 1.363018 0.058313 0.142204
v 1.407430 0.058313 0.142204
v 1.229782 0.215644 0.142204
v 1.274194 0.136979 0.142204
v 1.274194 0.215644 0.142204
v 1.185370 0.058313 0.142204
v 1.229782 0.058313 0.142204
v 1.185370 0.136979 0.142204
v 1.229782 -0.099018 0.142204
v 1.274194 -0.177684 0.142204
v 1.274194 -0.099018 0.142204
v 1.185370 -0.256349 0.142204
v 1.229782 -0.256349 0.142204
v 1.185370 -0.177684 0.142204
v 1.363018 -0.256349 0.142204
v 1.407430 -0.256349 0.142204
v 1.363018 -0.177684 0.142204
v 1.407430 -0.099018 0.142204
v 1.451842 -0.177684 0.142204
v 1.451842 -0.099018 0.142204
v 1.163164 0.254977 0.142204
v 1.496254 0.254977 0.142204
v 1.163164 -0.335015 0.142204
v 1.474048 0.294310 0.142204
v 1.140958 -0.295682 0.142204
v 1.340812 -0.059685 0.142204
v 1.496254 -0.059685 0.142204
v 1.340812 -0.335015 0.142204
v 1.296400 0.294310 0.142204
v 1.140958 0.018980 0.142204
v 1.163164 -0.059685 0.142204
v 1.318606 -0.059685 0.142204
v 1.296400 -0.020352 0.142204
v 1.318606 0.254977 0.142204
v 1.474048 -0.020352 0.142204
v 1.474048 0.018980 0.142204
v 1.251988 0.097646 0.142204
v 1.496254 0.097646 0.142204
v 1.251988 -0.335015 0.142204
v 1.385224 0.294310 0.142204
v 1.140958 -0.138351 0.142204
v 1.429636 -0.217017 0.142204
v 1.496254 -0.217017 0.142204
v 1.429636 -0.335015 0.142204
v 1.207576 0.294310 0.142204
v 1.140958 0.176312 0.142204
v 1.251988 -0.217017 0.142204
v 1.318606 -0.217017 0.142204
v 1.207576 -0.020352 0.142204
v 1.318606 0.097646 0.142204
v 1.385224 -0.020352 0.142204
v 1.385224 0.176312 0.142204
v 1.407430 0.254977 0.142204
v 1.474048 0.136979 0.142204
v 1.474048 0.176312 0.142204
v 1.385224 0.136979 0.142204
v 1.385224 0.018980 0.142204
v 1.407430 0.018980 0.142204
v 1.229782 0.254977 0.142204
v 1.296400 0.136979 0.142204
v 1.296400 0.176312 0.142204
v 1.163164 0.097646 0.142204
v 1.229782 0.097646 0.142204
v 1.207576 0.136979 0.142204
v 1.229782 -0.059685 0.142204
v 1.296400 -0.177684 0.142204
v 1.296400 -0.138351 0.142204
v 1.163164 -0.217017 0.142204
v 1.229782 -0.217017 0.142204
v 1.207576 -0.177684 0.142204
v 1.340812 -0.217017 0.142204
v 1.407430 -0.217017 0.142204
v 1.385224 -0.177684 0.142204
v 1.407430 -0.059685 0.142204
v 1.474048 -0.177684 0.142204
v 1.474048 -0.138351 0.142204
v 1.207576 0.176312 0.142204
v 1.496254 0.176312 0.142204
v 1.207576 -0.335015 0.142204
v 1.429636 0.294310 0.142204
v 1.140958 -0.217017 0.142204
v 1.385224 -0.138351 0.142204
v 1.496254 -0.138351 0.142204
v 1.385224 -0.335015 0.142204
v 1.251988 0.294310 0.142204
v 1.140958 0.097646 0.142204
v 1.207576 -0.138351 0.142204
v 1.318606 -0.138351 0.142204
v 1.251988 -0.020352 0.142204
v 1.318606 0.176312 0.142204
v 1.429636 -0.020352 0.142204
v 1.429636 0.097646 0.142204
v 1.296400 0.018980 0.142204
v 1.496254 0.018980 0.142204
v 1.296400 -0.335015 0.142204
v 1.340812 0.294310 0.142204
v 1.140958 -0.059685 0.142204
v 1.474048 -0.295682 0.142204
v 1.496254 -0.295682 0.142204
v 1.474048 -0.335015 0.142204
v 1.163164 0.294310 0.142204
v 1.140958 0.254977 0.142204
v 1.296400 -0.295682 0.142204
v 1.318606 -0.295682 0.142204
v 1.163164 -0.020352 0.142204
v 1.318606 0.018980 0.142204
v 1.340812 -0.020352 0.142204
v 1.340812 0.254977 0.142204
v 1.407430 0.176312 0.142204
v 1.429636 0.136979 0.142204
v 1.429636 0.254977 0.142204
v 1.340812 0.136979 0.142204
v 1.340812 0.097646 0.142204
v 1.407430 0.097646 0.142204
v 1.229782 0.176312 0.142204
v 1.251988 0.136979 0.142204
v 1.251988 0.254977 0.142204
v 1.207576 0.018980 0.142204
v 1.229782 0.018980 0.142204
v 1.163164 0.136979 0.142204
v 1.229782 -0.138351 0.142204
v 1.251988 -0.177684 0.142204
v 1.251988 -0.059685 0.142204
v 1.207576 -0.295682 0.142204
v 1.229782 -0.295682 0.142204
v 1.163164 -0.177684 0.142204
v 1.385224 -0.295682 0.142204
v 1.407430 -0.295682 0.142204
v 1.340812 -0.177684 0.142204
v 1.407430 -0.138351 0.142204
v 1.429636 -0.177684 0.142204
v 1.429636 -0.059685 0.142204
v 1.451842 -0.059685 0.142204
v 1.474048 -0.099018 0.142204
v 1.474048 -0.059685 0.142204
v 1.429636 -0.099018 0.142204
v 1.429636 -0.138351 0.142204
v 1.451842 -0.138351 0.142204
v 1.363018 -0.059685 0.142204
v 1.385224 -0.099018 0.142204
v 1.385224 -0.059685 0.142204
v 1.340812 -0.138351 0.142204
v 1.363018 -0.138351 0.142204
v 1.340812 -0.099018 0.142204
v 1.363018 -0.217017 0.142204
v 1.385224 -0.256349 0.142204
v 1.385224 -0.217017 0.142204
v 1.340812 -0.295682 0.142204
v 1.363018 -0.295682 0.142204
v 1.340812 -0.256349 0.142204
v 1.163164 -0.138351 0.142204
v 1.185370 -0.138351 0.142204
v 1.163164 -0.099018 0.142204
v 1.185370 -0.217017 0.142204
v 1.207576 -0.256349 0.142204
v 1.207576 -0.217017 0.142204
v 1.163164 -0.295682 0.142204
v 1.185370 -0.295682 0.142204
v 1.163164 -0.256349 0.142204
v 1.274194 -0.059685 0.142204
v 1.296400 -0.099018 0.142204
v 1.296400 -0.059685 0.142204
v 1.251988 -0.099018 0.142204
v 1.251988 -0.138351 0.142204
v 1.274194 -0.138351 0.142204
v 1.185370 -0.059685 0.142204
v 1.207576 -0.099018 0.142204
v 1.207576 -0.059685 0.142204
v 1.163164 0.176312 0.142204
v 1.185370 0.176312 0.142204
v 1.163164 0.215644 0.142204
v 1.185370 0.097646 0.142204
v 1.207576 0.058313 0.142204
v 1.207576 0.097646 0.142204
v 1.163164 0.018980 0.142204
v 1.185370 0.018980 0.142204
v 1.163164 0.058313 0.142204
v 1.274194 0.254977 0.142204
v 1.296400 0.215644 0.142204
v 1.296400 0.254977 0.142204
v 1.251988 0.215644 0.142204
v 1.251988 0.176312 0.142204
v 1.274194 0.176312 0.142204
v 1.185370 0.254977 0.142204
v 1.207576 0.215644 0.142204
v 1.207576 0.254977 0.142204
v 1.429636 0.058313 0.142204
v 1.429636 0.018980 0.142204
v 1.451842 0.018980 0.142204
v 1.385224 0.097646 0.142204
v 1.363018 0.097646 0.142204
v 1.385224 0.058313 0.142204
v 1.340812 0.215644 0.142204
v 1.340812 0.176312 0.142204
v 1.363018 0.176312 0.142204
v 1.451842 0.254977 0.142204
v 1.474048 0.215644 0.142204
v 1.474048 0.254977 0.142204
v 1.429636 0.215644 0.142204
v 1.429636 0.176312 0.142204
v 1.451842 0.176312 0.142204
v 1.363018 0.254977 0.142204
v 1.385224 0.215644 0.142204
v 1.385224 0.254977 0.142204
v 1.451842 0.097646 0.142204
v 1.474048 0.058313 0.142204
v 1.474048 0.097646 0.142204
v 1.340812 0.058313 0.142204
v 1.340812 0.018980 0.142204
v 1.363018 0.018980 0.142204
v 1.274194 0.097646 0.142204
v 1.296400 0.058313 0.142204
v 1.296400 0.097646 0.142204
v 1.251988 0.018980 0.142204
v 1.274194 0.018980 0.142204
v 1.251988 0.058313 0.142204
v 1.274194 -0.217017 0.142204
v 1.296400 -0.256349 0.142204
v 1.296400 -0.217017 0.142204
v 1.251988 -0.295682 0.142204
v 1.274194 -0.295682 0.142204
v 1.251988 -0.256349 0.142204
v 1.429636 -0.295682 0.142204
v 1.451842 -0.295682 0.142204
v 1.429636 -0.256349 0.142204
v 1.451842 -0.217017 0.142204
v 1.474048 -0.256349 0.142204
v 1.474048 -0.217017 0.142204
vn 0.9658 0.1921 -0.1740
vn -0.9995 0.0150 -0.0273
vn -0.0573 0.0003 0.9984
vn 0.7575 -0.6454 0.0982
vn 0.2038 -0.2156 0.9550
vn 0.2490 -0.1131 0.9619
vn -0.9350 0.3534 0.0292
vn -0.9318 0.3486 0.1008
vn -0.9977 0.0085 0.0669
vn 0.9222 -0.3618 0.1366
vn -0.9995 0.0162 -0.0273
vn 0.9656 0.1932 -0.1739
vn 0.2047 -0.0030 0.9788
vn 0.9893 -0.0161 0.1453
vn 0.7019 -0.5212 0.4855
vn 0.8601 -0.3400 0.3803
vn -0.6339 0.5967 0.4920
vn -0.2872 0.1209 0.9502
vn -0.8012 0.2977 0.5191
vn -0.2187 0.2355 0.9469
vn 0.3066 -0.2387 0.9214
vn 0.3430 -0.1200 0.9316
vn 0.3066 -0.2384 0.9215
vn 0.3442 -0.1205 0.9311
vn 0.7006 -0.5212 0.4874
vn 0.8601 -0.3399 0.3804
vn -0.4131 0.0033 0.9107
vn -0.9227 0.0072 0.3855
vn -0.8018 0.2976 0.5182
vn -0.9230 0.0076 0.3848
vn 0.8108 -0.0112 0.5852
vn 0.8101 -0.0111 0.5862
vn 0.2223 -0.0017 0.9750
vn 0.1752 -0.2700 0.9468
vn 0.4482 -0.7774 0.4413
vn 0.4481 -0.7775 0.4413
vn 0.4627 -0.8859 0.0330
vn 0.7560 -0.6472 0.0981
vn -0.1189 0.2675 0.9562
vn -0.3613 0.8071 0.4669
vn 0.1674 -0.3497 0.9218
vn 0.2037 -0.2157 0.9550
vn 0.7011 -0.5222 0.4855
vn 0.0056 -0.9978 0.0665
vn 0.0011 -0.4146 0.9100
vn 0.0032 -0.9233 0.3840
vn 0.0001 -0.1487 0.9889
vn 0.0042 -0.9232 0.3843
vn -0.0007 0.2222 0.9750
vn -0.0026 0.8064 0.5913
vn 0.0525 0.9986 -0.0000
vn -0.4281 0.8972 0.1084
vn -0.5301 0.8479 -0.0000
vn -0.0040 0.9895 0.1446
vn -0.3617 0.8076 0.4658
vn -0.0024 0.8071 0.5904
vn -0.7503 0.6473 0.1344
vn -0.8118 0.5797 0.0705
vn -0.7604 0.6487 0.0313
vn -0.6579 0.7517 0.0459
vn -0.7590 0.6504 0.0313
vn -0.8109 0.5809 0.0707
vn -0.7522 0.6451 0.1342
vn -0.6353 0.5964 0.4906
vn -0.6341 0.5978 0.4905
vn -0.0551 0.0002 0.9985
vn -1.0000 -0.0048 -0.0058
vn -0.0732 -0.0010 0.9973
vn -0.9995 0.0150 -0.0275
vn -0.0570 -0.0000 0.9984
vn -0.0000 -0.0570 0.9984
vn 0.0073 -0.0603 0.9982
vn -0.1153 -0.0000 0.9933
vn 0.2047 -0.0031 0.9788
vn 0.8823 0.0028 0.4707
vn 0.2274 0.0035 0.9738
vn 0.9224 0.0140 0.3859
vn 0.4175 0.0047 0.9087
vn -0.2209 -0.0017 0.9753
vn 0.9976 0.0162 0.0667
vn 0.2289 0.0038 0.9734
vn 0.9224 0.0145 0.3859
vn -0.8058 -0.0064 0.5921
vn -0.8064 -0.0063 0.5913
vn -0.9893 -0.0082 0.1453
vn -0.9978 0.0078 0.0663
vn -0.9896 -0.0081 0.1438
vn 0.0919 0.0688 0.9934
vn 0.2787 0.0970 0.9555
vn 0.9675 0.2523 0.0176
vn 0.8709 0.4874 0.0628
vn 0.9215 0.3757 0.0987
vn -0.2765 -0.0872 0.9571
vn -0.8375 -0.2676 0.4764
vn 0.8401 0.3491 0.4152
vn 0.2802 0.0974 0.9550
vn 0.3323 0.1416 0.9325
vn 0.8409 0.3495 0.4132
vn 0.0907 0.0680 0.9936
vn 0.7555 0.6501 0.0813
vn 0.6748 0.6091 0.4168
vn 0.6743 0.6089 0.4178
vn 0.2171 0.2170 0.9517
vn -0.9395 -0.3227 0.1149
vn -0.3479 -0.9118 -0.2182
vn 0.7058 -0.7067 0.0494
vn -0.8068 -0.5906 0.0125
vn -0.7860 -0.6182 -0.0000
vn -0.7747 -0.6198 0.1253
vn -0.5217 -0.8478 0.0953
vn -0.3469 -0.9121 -0.2186
vn -0.3224 -0.9466 0.0082
vn 0.7072 0.7070 -0.0000
vn -0.9387 -0.3247 0.1155
vn -0.8378 -0.2681 0.4756
vn -0.7087 -0.5528 0.4384
vn -0.2589 -0.1941 0.9462
vn -0.7081 -0.5523 0.4399
vn -0.8381 -0.2673 0.4755
vn -0.9393 -0.3229 0.1160
vn -0.0726 -0.0007 0.9974
vn -0.3480 -0.9118 -0.2182
vn 0.7044 -0.7081 0.0494
vn -0.0018 -0.9947 0.1032
vn -0.0026 -1.0000 -0.0000
vn 0.1546 0.2269 0.9616
vn 0.5004 0.8620 0.0814
vn 0.0018 0.3610 0.9326
vn 0.0055 0.9895 0.1446
vn -0.4722 -0.7629 0.4416
vn 0.4111 0.7686 0.4901
vn 0.1377 0.2753 0.9514
vn -0.1882 -0.2909 0.9381
vn -0.4718 -0.7622 0.4433
vn -0.0018 -0.4138 0.9104
vn -0.0028 -0.9227 0.3855
vn -0.0034 -0.9230 0.3848
vn 0.0009 0.2222 0.9750
vn 0.0039 0.8062 0.5916
vn 0.4115 0.7690 0.4892
vn 0.0036 0.8068 0.5908
vn 0.4352 0.4350 0.7883
vn 0.1539 0.2257 0.9620
vn 0.0016 0.3596 0.9331
vn 0.5034 0.7791 0.3736
vn 0.0093 0.7698 0.6382
vn 0.1442 0.3307 -0.9327
vn 0.0438 -0.8302 0.5557
vn -0.0000 -0.1488 0.9889
vn 0.0044 -0.9978 0.0664
vn -0.0006 -0.1522 0.9884
vn 0.0033 -0.9233 0.3840
vn 0.0275 -0.9931 0.1140
vn -0.5991 -0.2542 -0.7593
vn -0.9866 0.0597 0.1516
vn 0.0028 0.9230 0.3847
vn 0.8229 0.4918 -0.2846
vn 0.4798 -0.2688 -0.8352
vn 0.0030 0.9978 0.0664
vn -0.0000 1.0000 -0.0085
vn 0.0021 -0.9946 0.1040
vn 0.0059 -1.0000 -0.0000
vn 0.0032 -0.8069 0.5907
vn 0.0026 -0.8075 0.5899
vn 0.0009 -0.2221 0.9750
vn -0.0018 0.4146 0.9100
vn 0.0043 0.9895 0.1447
vn -0.0056 0.9978 0.0667
vn -0.0050 0.9230 0.3849
vn -0.0000 0.3622 0.9321
vn 0.0035 0.8069 0.5907
vn -0.0041 0.9227 0.3855
vn -0.0003 0.0956 0.9954
vn -0.0003 0.0972 0.9953
vn 0.0210 0.9980 0.0603
vn 0.9682 -0.2460 0.0460
vn 0.6418 0.6948 0.3245
vn 0.7180 0.6945 0.0473
vn 0.9735 -0.1981 0.1143
vn 0.4966 -0.8680 -0.0000
vn 0.1099 -0.7162 0.6892
vn 0.9512 0.2637 -0.1601
vn -0.3762 0.8079 -0.4537
vn 0.6410 0.6946 0.3265
vn 0.4694 0.8802 0.0706
vn -0.6707 -0.6807 -0.2947
vn -0.4361 -0.8155 0.3805
vn -0.4074 0.4786 -0.7778
vn -0.4845 -0.8734 0.0494
vn -0.1936 -0.3278 0.9247
vn 0.6681 -0.7079 0.2291
vn -0.2509 -0.2362 0.9387
vn -0.6659 -0.6291 0.4010
vn -0.6655 -0.6304 0.3997
vn -0.6931 -0.7059 0.1462
vn -0.4856 -0.8728 0.0492
vn -0.4360 -0.8152 0.3812
vn -0.6661 -0.6295 0.4002
vn -0.2176 -0.1954 0.9563
vn 0.4685 -0.8696 -0.1557
vn 0.9930 -0.1155 -0.0241
vn 0.4711 -0.8811 -0.0422
vn 0.8939 -0.2753 0.3538
vn 0.9664 -0.1253 0.2245
vn 0.7132 0.6964 0.0798
vn 0.2732 0.2220 0.9360
vn 0.6738 0.6127 0.4130
vn 0.6742 0.6133 0.4115
vn -0.3347 -0.3574 -0.8719
vn -0.1363 -0.1032 0.9853
vn -0.3340 0.1501 -0.9305
vn -0.6812 -0.7003 0.2134
vn 0.9434 0.3309 0.0208
vn 0.9340 0.3468 0.0862
vn -0.2182 -0.1948 0.9563
vn -0.8924 -0.4345 0.1221
vn -0.2522 -0.0990 0.9626
vn 0.8842 0.3870 0.2617
vn -0.6945 -0.7047 0.1455
vn -0.9977 -0.0160 0.0658
vn 0.9442 0.3287 0.0207
vn 0.8402 0.0597 0.5390
vn 0.9999 0.0142 0.0008
vn 0.9348 0.3444 0.0864
vn 0.9895 0.0077 0.1446
vn -0.2731 0.7847 0.5565
vn 0.8424 0.5328 0.0808
vn 0.3104 0.1145 0.9437
vn -0.2990 -0.1644 0.9400
vn 0.8605 0.3227 0.3943
vn 0.8608 0.3238 0.3926
vn 0.8084 0.0077 0.5886
vn 0.2207 0.0034 0.9753
vn 0.8614 0.3222 0.3927
vn 0.8090 0.0077 0.5877
vn -0.7636 -0.4090 0.4996
vn -0.4144 -0.0065 0.9101
vn -0.9223 -0.0142 0.3863
vn -0.8921 -0.4346 0.1238
vn -0.7646 -0.4094 0.4978
vn -0.9226 -0.0146 0.3855
vn -0.9976 -0.0155 0.0671
vn -0.6944 -0.7045 0.1468
vn -0.6669 -0.6290 0.3996
vn 0.6056 -0.6697 0.4298
vn 0.8523 -0.5188 0.0669
vn 0.0824 -0.0294 0.9962
vn 0.9519 -0.3054 0.0236
vn 0.4608 -0.3612 0.8107
vn 0.7654 -0.5349 0.3578
vn 0.9186 -0.2958 0.2619
vn 0.7657 -0.5345 0.3578
vn 0.2709 -0.1010 0.9573
vn 0.9186 -0.2959 0.2618
vn 0.2124 -0.1874 0.9591
vn 0.5740 -0.2193 0.7889
vn 0.9014 -0.0125 0.4329
vn 0.5640 -0.0044 0.8257
vn 0.3123 -0.0893 0.9458
vn 0.2227 -0.0017 0.9749
vn 0.5749 -0.2186 0.7885
vn 0.2212 -0.0026 0.9752
vn 0.0226 -0.9505 0.3100
vn 0.0045 -0.1643 0.9864
vn 0.0392 -0.0747 0.9964
vn 0.2864 -0.5107 0.8107
vn 0.0064 -0.4144 0.9101
vn 0.0102 -0.5657 0.8245
vn 0.4987 -0.8013 0.3306
vn 0.2108 -0.1891 0.9591
vn 0.7650 -0.5355 0.3579
vn 0.1835 -0.2542 0.9496
vn -0.0070 0.4118 0.9113
vn 0.4986 -0.8009 0.3316
vn 0.0217 -0.9506 0.3097
vn -0.2421 0.5882 0.7716
vn 0.2700 -0.2065 0.9405
vn -0.5081 0.4356 0.7430
vn -0.5824 0.2399 0.7767
vn -0.8079 0.0063 0.5893
vn 0.5644 -0.0000 0.8255
vn 0.8325 0.0773 0.5486
vn 0.9230 -0.0076 0.3847
vn 0.9977 -0.0086 0.0667
vn 0.4154 -0.0051 0.9096
vn 0.9228 -0.0073 0.3853
vn -0.2224 0.0034 0.9750
vn 1.0000 -0.0078 -0.0000
vn -0.2124 -0.0000 0.9772
vn -0.9895 0.0149 0.1438
vn -0.9893 0.0157 0.1453
vn -0.8059 0.0122 0.5919
vn -0.8052 0.0123 0.5928
vn 0.5673 0.0058 0.8235
vn 0.9863 0.0116 0.1643
vn 0.9863 0.0120 0.1643
vn 0.2406 0.0017 0.9706
vn 0.2197 -0.0025 0.9756
vn 0.0476 0.0597 0.9971
vn 0.2392 0.0019 0.9710
vn 0.4147 0.0032 0.9099
vn -0.1897 -0.0000 0.9819
vn -0.1397 -0.0010 0.9902
vn -0.0000 -0.0000 1.0000
vn -0.0235 0.0048 0.9997
vn -0.3505 -0.0027 0.9366
vn -0.4771 -0.0037 0.8789
vn 0.9593 -0.2823 -0.0000
vn 0.9319 -0.3485 0.1008
vn 0.8376 -0.3706 0.4013
vn 0.7384 -0.6698 0.0779
vn 0.7863 -0.6179 -0.0000
vn 0.4553 -0.8869 -0.0788
vn 0.6755 -0.6406 0.3652
vn 0.5064 -0.8576 0.0896
vn -0.2814 0.1025 0.9541
vn 0.2459 -0.2459 0.9376
vn -0.2433 0.2030 0.9485
vn 0.3155 -0.1660 0.9343
vn 0.8368 -0.3706 0.4030
vn 0.6753 -0.6403 0.3660
vn -0.8065 0.3401 0.4837
vn -0.9064 0.4121 0.0929
vn -0.2073 0.0186 0.9781
vn -0.9061 0.4129 0.0922
vn -0.5541 -0.5952 0.5820
vn -0.8059 0.3403 0.4845
vn -0.9894 0.0160 0.1442
vn -0.6668 0.5861 0.4603
vn -0.7372 0.6713 0.0765
vn -0.0898 0.0897 0.9919
vn -0.8059 0.3403 0.4844
vn -0.6667 0.5857 0.4610
vn 0.4541 -0.8012 0.3896
vn 0.0032 -0.9945 0.1042
vn 0.0025 -0.8075 0.5898
vn 0.1595 -0.2836 0.9456
vn 0.4537 -0.8006 0.3913
vn 0.3631 -0.8698 -0.3342
vn -0.1743 0.2548 0.9512
vn -0.4744 0.7517 0.4581
vn -0.4748 0.7519 0.4573
vn -0.5184 0.8503 0.0912
vn -0.5206 0.8489 0.0910
vn -0.1365 0.2619 0.9554
vn -0.1368 0.2619 0.9553
vn -0.4740 0.7524 0.4574
vn -0.9240 0.0602 0.3776
vn -0.6810 0.4585 0.5710
vn -0.3875 0.1411 -0.9110
vn -0.4476 0.8125 0.3736
vn -0.0288 0.3629 -0.9314
vn 0.8973 -0.0135 0.4412
vn 0.4267 -0.0139 -0.9043
vn 0.7927 0.4179 0.4438
vn 0.1164 0.0872 0.9894
vn 0.0465 0.0752 0.9961
vn 0.2101 0.0613 0.9758
vn -0.1912 -0.0637 0.9795
vn -0.1829 -0.1599 0.9701
vn 0.2973 0.1337 0.9454
vn 0.5683 0.0063 0.8228
vn 0.8677 0.3577 0.3452
vn 0.6097 0.2174 0.7623
vn 0.6087 0.2173 0.7631
vn 0.2137 0.0624 0.9749
vn 0.8679 0.3580 0.3443
vn 0.1185 0.0895 0.9889
vn 0.6804 0.6409 0.3554
vn 0.4735 0.4058 0.7818
vn 0.4735 0.4060 0.7816
vn -0.5794 -0.1811 0.7947
vn 0.2237 0.2236 0.9487
vn -0.4761 -0.3740 0.7959
vn 0.4435 0.8395 0.3138
vn 0.2660 0.5188 0.8125
vn 0.0472 0.0765 0.9959
vn 0.0053 0.1879 0.9822
vn 0.0185 0.8553 0.5178
vn 0.6804 0.6419 0.3537
vn 0.0467 0.0751 0.9961
vn 0.4442 0.8398 0.3122
vn 0.2653 0.5180 0.8132
vn 0.0186 0.8552 0.5179
vn 0.0087 0.5624 0.8268
vn 0.0477 0.0766 0.9959
vn 0.5480 0.4930 0.6758
vn 0.5533 0.8300 0.0703
vn 0.0105 0.8183 0.5747
vn 0.0042 0.1852 0.9827
vn 0.3387 0.9406 0.0233
vn -0.0036 -0.1415 0.9899
vn -0.0036 -0.2225 0.9749
vn -0.0087 -0.5635 0.8261
vn -0.0186 -0.8558 0.5170
vn -0.0178 -0.8566 0.5157
vn 0.0080 0.6762 0.7367
vn 0.1098 0.2196 -0.9694
vn 0.2041 0.1226 -0.9713
vn -0.0000 -0.0000 -1.0000
vn -0.0000 0.2614 -0.9652
vn 0.3543 0.1143 -0.9281
vn 0.1266 0.0020 -0.9920
vn 0.0208 0.0063 -0.9998
vn 0.3507 0.0028 -0.9365
vn 0.3548 0.2218 -0.9083
vn -0.0095 -0.7298 0.6836
vn -0.5378 -0.8400 0.0717
vn -0.3165 -0.9484 0.0209
vn -0.6352 -0.6350 0.4397
vn -0.9123 -0.0027 0.4095
vn -0.8709 -0.4874 0.0627
vn -0.9675 -0.2523 0.0175
vn -0.2001 -0.2997 0.9328
vn -0.4444 -0.8262 0.3462
vn -0.7162 -0.6180 0.3242
vn -0.2300 -0.1575 0.9604
vn -0.4428 -0.8266 0.3474
vn -0.1916 -0.3028 0.9336
vn -0.3083 -0.5024 0.8078
vn -0.1440 -0.2877 0.9468
vn -0.3084 -0.5013 0.8084
vn 0.3741 0.5234 0.7656
vn 0.5423 0.3977 0.7401
vn -0.2597 -0.2291 0.9381
vn -0.4259 -0.3651 0.8278
vn -0.4436 -0.8264 0.3469
vn -0.7161 -0.6181 0.3243
vn -0.0031 -0.1383 0.9904
vn -0.1985 -0.2976 0.9338
vn 0.1104 0.2206 0.9691
vn 0.2041 0.1226 0.9713
vn 0.0033 0.4142 0.9102
vn 0.0012 0.2629 0.9648
vn 0.3543 0.1143 0.9281
vn 0.1267 0.0019 0.9919
vn 0.3507 0.0028 0.9365
vn 0.0209 0.0063 0.9998
vn 0.3548 0.2218 0.9082
vn 0.6336 0.2464 0.7334
vn -0.2928 -0.1387 0.9461
vn -0.5937 -0.2070 0.7776
vn -0.5944 -0.2077 0.7769
vn -0.8874 -0.3476 0.3027
vn -0.2481 -0.0831 0.9652
vn -0.8874 -0.3477 0.3028
vn -0.5683 -0.0058 0.8228
vn -0.9508 -0.0146 0.3096
vn -0.4784 -0.0038 0.8781
vn -0.9511 -0.0154 0.3086
vn -0.1043 -0.0020 0.9945
vn 0.5623 0.0042 0.8269
vn -0.2453 -0.0818 0.9660
vn -0.1027 -0.0015 0.9947
vn -0.2278 -0.1554 0.9612
vn 0.1909 -0.0008 -0.9816
vn 0.3779 -0.0030 -0.9258
vn 0.1909 -0.0008 0.9816
vn 0.3779 -0.0030 0.9259
vn -0.9507 -0.0144 0.3098
vn -0.8565 0.0118 0.5160
vn -0.3975 0.0062 0.9176
vn -0.1043 -0.0000 0.9945
vn -0.7060 0.0081 0.7081
vn -0.3962 0.0061 0.9181
vn -0.0000 -0.2406 0.9706
vn 0.0056 -0.3500 0.9367
vn 0.0033 -0.1386 0.9903
vn -0.0050 -0.3788 0.9255
vn -0.0098 -0.6936 0.7203
vn 0.0132 -0.8554 0.5178
vn 0.0111 -0.5703 0.8214
vn -0.0147 -0.8966 0.4426
vn 0.0082 -0.9895 -0.1440
vn 0.0141 -0.8560 0.5168
vn -0.0000 0.1882 0.9821
vn -0.0050 0.1925 0.9813
vn -0.0226 0.9510 0.3084
vn 0.0184 0.8553 0.5178
vn -0.0029 0.8377 0.5462
vn -0.0043 0.1893 0.9819
vn 0.3534 -0.0943 -0.9307
vn 0.2033 -0.0436 -0.9781
vn 0.2020 -0.1120 -0.9730
vn 0.1680 -0.1955 -0.9662
vn 0.0033 -0.1373 -0.9905
vn 0.2033 -0.0436 0.9781
vn 0.3534 -0.0943 0.9307
vn 0.1685 -0.1964 0.9659
vn 0.2028 -0.1125 0.9727
vn -0.8904 0.3285 0.3150
vn -0.2531 0.1098 0.9612
vn -0.7499 0.5570 0.3568
vn -0.7497 0.5571 0.3572
vn -0.2980 0.5388 0.7880
vn -0.4768 0.8066 0.3494
vn -0.4688 0.3886 0.7932
vn -0.0829 0.0778 0.9935
vn -0.0470 0.0986 0.9940
vn -0.4761 0.8077 0.3478
vn -0.0476 0.0984 0.9940
vn -0.2503 0.1088 0.9620
vn -0.0814 0.0769 0.9937
vn -0.8190 0.5702 0.0641
vn -0.9406 0.3391 0.0163
vn -0.4724 0.8784 0.0726
vn -0.2168 0.9760 0.0215
vn -0.0465 0.0970 0.9942
vn -0.3725 0.4314 0.8217
vn 0.5208 -0.4994 0.6923
vn 0.8633 -0.0221 -0.5042
vn 0.6030 -0.0969 0.7918
vn 0.6483 -0.7475 -0.1445
vn 0.0125 -0.8599 -0.5104
vn 0.4140 -0.6068 0.6786
vn 0.9659 0.1920 0.1739
vn -0.0573 0.0003 -0.9984
vn -0.9995 0.0150 0.0273
vn 0.7576 -0.6453 -0.0983
vn 0.2490 -0.1132 -0.9619
vn 0.2038 -0.2156 -0.9550
vn -0.9350 0.3534 -0.0292
vn -0.9977 0.0084 -0.0669
vn -0.9319 0.3486 -0.1008
vn 0.9222 -0.3618 -0.1366
vn -0.9995 0.0163 0.0273
vn 0.9656 0.1932 0.1741
vn 0.9893 -0.0162 -0.1453
vn 0.2047 -0.0030 -0.9788
vn 0.7018 -0.5212 -0.4857
vn 0.8601 -0.3400 -0.3803
vn -0.6340 0.5966 -0.4920
vn -0.8012 0.2977 -0.5191
vn -0.2872 0.1209 -0.9502
vn -0.2187 0.2355 -0.9470
vn 0.3430 -0.1200 -0.9317
vn 0.3066 -0.2386 -0.9215
vn 0.3066 -0.2384 -0.9215
vn 0.3441 -0.1205 -0.9312
vn 0.8601 -0.3399 -0.3803
vn 0.7006 -0.5212 -0.4874
vn -0.4125 0.0034 -0.9110
vn -0.9227 0.0073 -0.3855
vn -0.9230 0.0076 -0.3847
vn -0.8018 0.2977 -0.5181
vn 0.8108 -0.0112 -0.5852
vn 0.2223 -0.0017 -0.9750
vn 0.8100 -0.0114 -0.5863
vn 0.1754 -0.2698 -0.9468
vn 0.4482 -0.7775 -0.4413
vn 0.4480 -0.7775 -0.4414
vn 0.7560 -0.6472 -0.0981
vn 0.4627 -0.8859 -0.0330
vn -0.1189 0.2675 -0.9562
vn -0.3613 0.8071 -0.4669
vn 0.2037 -0.2157 -0.9550
vn 0.1675 -0.3497 -0.9218
vn 0.7011 -0.5222 -0.4856
vn 0.0057 -0.9978 -0.0666
vn 0.0032 -0.9233 -0.3840
vn 0.0011 -0.4145 -0.9100
vn 0.0001 -0.1487 -0.9889
vn 0.0043 -0.9232 -0.3843
vn -0.0007 0.2222 -0.9750
vn -0.0026 0.8064 -0.5913
vn 0.0524 0.9986 -0.0000
vn -0.4281 0.8972 -0.1084
vn -0.0041 0.9895 -0.1446
vn -0.3616 0.8076 -0.4658
vn -0.0025 0.8071 -0.5904
vn -0.7503 0.6473 -0.1344
vn -0.8118 0.5797 -0.0706
vn -0.7605 0.6486 -0.0313
vn -0.6579 0.7517 -0.0459
vn -0.7590 0.6504 -0.0313
vn -0.8109 0.5809 -0.0707
vn -0.7519 0.6454 -0.1343
vn -0.6352 0.5966 -0.4905
vn -0.6340 0.5980 -0.4904
vn -0.0551 0.0003 -0.9985
vn -0.0732 -0.0008 -0.9973
vn -1.0000 -0.0048 0.0058
vn -0.9995 0.0150 0.0275
vn -0.0570 -0.0000 -0.9984
vn 0.0561 -0.0232 -0.9982
vn -0.0000 0.0729 -0.9973
vn 0.2047 -0.0031 -0.9788
vn 0.2273 0.0034 -0.9738
vn 0.8823 0.0028 -0.4707
vn 0.4176 0.0048 -0.9086
vn 0.9224 0.0137 -0.3859
vn -0.2209 -0.0017 -0.9753
vn 0.9976 0.0162 -0.0668
vn 0.2288 0.0041 -0.9735
vn 0.9224 0.0145 -0.3859
vn -0.8057 -0.0065 -0.5923
vn -0.9893 -0.0082 -0.1453
vn -0.8064 -0.0065 -0.5914
vn -0.9978 0.0078 -0.0663
vn -0.9896 -0.0081 -0.1440
vn 0.8710 0.4873 -0.0627
vn 0.9675 0.2523 -0.0175
vn 0.2785 0.0968 -0.9555
vn 0.9215 0.3757 -0.0987
vn -0.8375 -0.2675 -0.4764
vn -0.2763 -0.0872 -0.9571
vn 0.8400 0.3492 -0.4153
vn 0.2802 0.0974 -0.9550
vn 0.3323 0.1416 -0.9325
vn 0.8409 0.3495 -0.4132
vn 0.0907 0.0680 -0.9936
vn 0.7555 0.6501 -0.0813
vn 0.6748 0.6091 -0.4168
vn 0.6743 0.6089 -0.4178
vn 0.2171 0.2170 -0.9517
vn -0.3478 -0.9118 0.2182
vn -0.9395 -0.3227 -0.1148
vn 0.7051 -0.7073 -0.0492
vn -0.7864 -0.6177 -0.0000
vn -0.8068 -0.5908 -0.0125
vn -0.5217 -0.8478 -0.0953
vn -0.7747 -0.6198 -0.1253
vn -0.3469 -0.9121 0.2187
vn -0.3221 -0.9467 -0.0077
vn -0.9387 -0.3249 -0.1155
vn -0.7087 -0.5529 -0.4383
vn -0.8379 -0.2681 -0.4754
vn -0.2589 -0.1941 -0.9462
vn -0.7082 -0.5522 -0.4399
vn -0.9394 -0.3226 -0.1160
vn -0.8381 -0.2671 -0.4756
vn -0.0729 -0.0007 -0.9973
vn 0.7044 -0.7081 -0.0494
vn -0.3480 -0.9117 0.2184
vn -0.0411 -0.9982 -0.0438
vn -0.0034 -1.0000 -0.0000
vn 0.5004 0.8620 -0.0814
vn 0.1546 0.2269 -0.9616
vn 0.0062 0.9895 -0.1445
vn 0.0018 0.3610 -0.9326
vn -0.4721 -0.7630 -0.4415
vn 0.4111 0.7686 -0.4901
vn 0.1377 0.2753 -0.9514
vn -0.1882 -0.2909 -0.9381
vn -0.4718 -0.7620 -0.4435
vn -0.0021 -0.4139 -0.9103
vn -0.0026 -0.9227 -0.3855
vn -0.0060 -0.9234 -0.3837
vn 0.0009 0.2222 -0.9750
vn 0.0038 0.8061 -0.5918
vn 0.4116 0.7690 -0.4891
vn 0.0035 0.8068 -0.5908
vn 0.4350 0.4352 -0.7883
vn 0.4830 0.7611 -0.4330
vn 0.0119 0.7315 -0.6817
vn 0.1798 0.4611 0.8689
vn -0.0027 -0.8066 -0.5911
vn -0.0000 -0.1487 -0.9889
vn -0.0003 -0.1520 -0.9884
vn 0.0044 -0.9978 -0.0664
vn -0.0052 -0.9896 -0.1436
vn 0.0033 -0.9234 -0.3839
vn -0.0024 -0.8073 -0.5901
vn -0.0007 -0.2224 -0.9750
vn 0.0028 0.9230 -0.3847
vn -0.0264 0.4364 -0.8994
vn -0.4518 0.3698 0.8119
vn 0.0030 0.9978 -0.0664
vn -0.0000 1.0000 0.0085
vn 0.0059 1.0000 0.0001
vn 0.0015 0.0369 -0.9993
vn 0.0027 -0.8068 -0.5908
vn 0.0025 -0.9160 -0.4011
vn 0.0009 -0.2221 -0.9750
vn -0.0018 0.4147 -0.9100
vn 0.0043 0.9895 -0.1447
vn -0.0051 0.9229 -0.3849
vn -0.0056 0.9978 -0.0667
vn -0.0000 0.3623 -0.9321
vn 0.0036 0.8069 -0.5907
vn -0.0040 0.9227 -0.3855
vn -0.0003 0.0956 -0.9954
vn 0.4795 0.8773 -0.0214
vn 0.7180 0.6945 -0.0473
vn 0.6418 0.6948 -0.3245
vn 0.9552 -0.0252 0.2950
vn 0.1773 0.9801 -0.0894
vn 0.7862 -0.6175 -0.0236
vn 0.9512 0.2637 0.1601
vn 0.6400 0.6955 -0.3265
vn -0.3762 0.8078 0.4538
vn 0.4693 0.8802 -0.0706
vn -0.4362 -0.8155 -0.3804
vn -0.1231 -0.2873 -0.9499
vn -0.4360 -0.8153 -0.3811
vn -0.4846 -0.8734 -0.0493
vn -0.1937 -0.3278 -0.9247
vn 0.1502 0.2671 -0.9519
vn -0.2509 -0.2361 -0.9388
vn -0.6659 -0.6290 -0.4011
vn -0.6930 -0.7060 -0.1462
vn -0.6654 -0.6305 -0.3997
vn -0.4857 -0.8727 -0.0493
vn -0.6660 -0.6295 -0.4002
vn -0.2177 -0.1953 -0.9563
vn 0.0041 0.9978 -0.0666
vn 0.4487 0.8889 -0.0928
vn 0.0038 0.9228 -0.3852
vn 0.3962 0.7797 -0.4849
vn 0.9761 0.1513 -0.1558
vn 0.7132 0.6964 -0.0798
vn 0.2732 0.2220 -0.9360
vn 0.6739 0.6125 -0.4131
vn 0.6741 0.6134 -0.4115
vn -0.8714 -0.4881 -0.0500
vn -0.9444 -0.3286 -0.0093
vn -0.0303 -0.0517 -0.9982
vn -0.6387 -0.6387 -0.4291
vn 0.9340 0.3468 -0.0862
vn 0.9434 0.3309 -0.0209
vn -0.2182 -0.1951 -0.9562
vn -0.2522 -0.0990 -0.9626
vn -0.8924 -0.4344 -0.1220
vn 0.8839 0.3875 -0.2619
vn -0.6947 -0.7045 -0.1454
vn -0.9977 -0.0160 -0.0658
vn 0.9442 0.3287 -0.0207
vn 0.9999 0.0143 -0.0008
vn 0.8413 0.0526 -0.5380
vn 0.9348 0.3444 -0.0864
vn 0.9895 0.0078 -0.1446
vn -0.2731 0.7845 -0.5567
vn 0.8425 0.5326 -0.0812
vn 0.3104 0.1145 -0.9437
vn -0.2990 -0.1644 -0.9400
vn 0.8606 0.3226 -0.3941
vn 0.8609 0.3238 -0.3925
vn 0.8083 0.0078 -0.5888
vn 0.2207 0.0034 -0.9753
vn 0.8615 0.3222 -0.3925
vn 0.8090 0.0076 -0.5878
vn -0.7637 -0.4089 -0.4996
vn -0.4144 -0.0064 -0.9101
vn -0.9223 -0.0139 -0.3863
vn -0.8921 -0.4346 -0.1238
vn -0.9226 -0.0146 -0.3854
vn -0.7647 -0.4093 -0.4977
vn -0.9976 -0.0155 -0.0671
vn -0.6944 -0.7045 -0.1468
vn -0.6668 -0.6290 -0.3997
vn 0.6058 -0.6695 -0.4299
vn 0.1612 -0.0488 -0.9857
vn 0.8424 -0.5277 0.1092
vn 0.5257 -0.1829 0.8308
vn 0.0027 -0.7692 -0.6390
vn 0.0037 -0.1613 -0.9869
vn 0.0383 -0.0735 -0.9966
vn 0.4608 -0.3612 -0.8107
vn 0.9186 -0.2959 -0.2619
vn 0.7655 -0.5348 -0.3577
vn 0.7658 -0.5344 -0.3577
vn 0.9187 -0.2959 -0.2618
vn 0.2708 -0.1012 -0.9573
vn 0.2119 -0.1873 -0.9592
vn 0.5740 -0.2190 -0.7890
vn 0.5640 -0.0044 -0.8257
vn 0.9014 -0.0125 -0.4329
vn 0.3123 -0.0893 -0.9458
vn 0.2227 -0.0017 -0.9749
vn 0.5752 -0.2185 -0.7883
vn 0.9013 -0.0126 -0.4330
vn 0.2211 -0.0027 -0.9752
vn -0.4634 0.7038 -0.5385
vn -0.7953 0.5989 0.0942
vn -0.4427 0.8871 0.1305
vn -0.4617 0.7038 -0.5399
vn -0.0125 0.5703 -0.8213
vn -0.3901 0.5514 -0.7374
vn -0.0044 0.4156 -0.9095
vn -0.2573 0.3431 -0.9034
vn -0.6970 0.4869 -0.5264
vn -0.0139 0.8560 -0.5168
vn -0.4429 0.8872 0.1292
vn -0.0084 0.9895 0.1440
vn -0.0150 0.8553 -0.5179
vn -0.4610 0.7051 -0.5388
vn -0.6979 0.4864 -0.5256
vn -0.5778 0.7914 0.1997
vn -0.4443 0.8864 0.1302
vn -0.7954 0.5987 0.0941
vn -0.0301 0.9801 0.1964
vn -0.5758 0.7927 0.2000
vn 0.0226 -0.9505 -0.3099
vn 0.0395 -0.0750 -0.9964
vn 0.0040 -0.1643 -0.9864
vn 0.2865 -0.5106 -0.8107
vn 0.0102 -0.5657 -0.8245
vn 0.0064 -0.4144 -0.9101
vn 0.4988 -0.8012 -0.3305
vn 0.7649 -0.5355 -0.3579
vn 0.2105 -0.1894 -0.9591
vn 0.1835 -0.2542 -0.9496
vn -0.0072 0.4118 -0.9113
vn 0.4986 -0.8009 -0.3316
vn 0.0215 -0.9506 -0.3098
vn -0.2429 0.5878 -0.7717
vn 0.2700 -0.2065 -0.9405
vn -0.5081 0.4356 -0.7430
vn -0.4356 0.8685 -0.2364
vn -0.7642 0.5870 -0.2673
vn -0.5089 0.4359 -0.7423
vn -0.2413 0.5875 -0.7724
vn -0.5132 0.8528 -0.0970
vn -0.2422 0.5881 -0.7717
vn -0.0096 0.9247 -0.3806
vn -0.4333 0.8697 -0.2363
vn -0.0109 0.9999 -0.0030
vn -0.5111 0.8540 -0.0972
vn -0.0101 0.9240 -0.3823
vn -0.9369 0.3416 0.0749
vn -0.8260 0.2541 -0.5032
vn -0.3585 0.2239 -0.9063
vn -0.6225 0.1844 -0.7606
vn -0.5509 0.3594 -0.7532
vn -0.5520 0.3592 -0.7525
vn -0.6245 0.1851 -0.7588
vn -0.8279 0.5366 0.1632
vn -0.9369 0.3412 0.0756
vn -0.9538 0.2741 0.1231
vn -0.8963 0.0071 -0.4433
vn -0.6939 0.0047 -0.7200
vn -0.9973 0.0152 0.0725
vn -0.9915 0.0047 0.1302
vn -0.0238 0.0048 -0.9997
vn -0.3796 0.0020 -0.9252
vn -0.3937 0.1183 -0.9116
vn -0.6922 0.0046 -0.7217
vn -0.9973 0.0149 0.0717
vn -0.2072 0.1244 -0.9704
vn -0.0021 0.1268 -0.9919
vn -0.1812 0.1812 -0.9666
vn -0.5821 0.2407 -0.7767
vn -0.9172 0.3468 -0.1963
vn -0.5824 0.2398 -0.7767
vn -0.7873 0.6125 -0.0711
vn -0.9321 0.3609 -0.0294
vn -0.9999 0.0119 -0.0009
vn -0.9957 0.0084 -0.0926
vn -0.8079 0.0063 -0.5893
vn -0.8080 0.0066 -0.5892
vn 0.5644 -0.0000 -0.8255
vn 0.8325 0.0775 -0.5486
vn -0.1902 -0.0000 -0.9817
vn 0.9230 -0.0076 -0.3847
vn 0.9977 -0.0086 -0.0668
vn 0.4154 -0.0051 -0.9096
vn 0.9227 -0.0072 -0.3854
vn -0.2224 0.0034 -0.9750
vn -0.2124 -0.0000 -0.9772
vn -0.9895 0.0149 -0.1438
vn -0.9892 0.0157 -0.1454
vn -0.8059 0.0122 -0.5919
vn -0.8051 0.0125 -0.5930
vn 0.5673 0.0058 -0.8235
vn 0.9863 0.0115 -0.1643
vn 0.9863 0.0120 -0.1643
vn 0.2406 0.0018 -0.9706
vn 0.2196 -0.0026 -0.9756
vn 0.2392 0.0017 -0.9710
vn 0.0477 0.0596 -0.9971
vn 0.4147 0.0032 -0.9099
vn -0.9973 -0.0040 0.0734
vn -0.9972 -0.0043 0.0740
vn -0.9910 -0.0147 0.1330
vn -0.8563 -0.0067 -0.5164
vn -0.5714 -0.0057 -0.8207
vn -0.3506 -0.0028 -0.9365
vn -0.1397 -0.0011 -0.9902
vn -1.0000 -0.0069 -0.0000
vn -0.9786 -0.0076 -0.2054
vn -0.4770 -0.0036 -0.8789
vn 0.9319 -0.3485 -0.1008
vn 0.8376 -0.3706 -0.4013
vn 0.7384 -0.6698 -0.0779
vn 0.5546 -0.8321 -0.0000
vn 0.6755 -0.6406 -0.3652
vn 0.5064 -0.8576 -0.0897
vn -0.2814 0.1025 -0.9541
vn -0.2433 0.2029 -0.9485
vn 0.2460 -0.2459 -0.9376
vn 0.3155 -0.1660 -0.9343
vn 0.6748 -0.6408 -0.3660
vn 0.8368 -0.3706 -0.4030
vn -0.9064 0.4121 -0.0929
vn -0.8065 0.3399 -0.4838
vn -0.2111 0.0030 -0.9775
vn -0.2970 0.1617 -0.9411
vn -0.9060 0.4130 -0.0922
vn -0.8059 0.3402 -0.4845
vn -0.9894 0.0160 -0.1442
vn -0.7372 0.6713 -0.0765
vn -0.6668 0.5861 -0.4602
vn -0.0898 0.0897 -0.9919
vn -0.8059 0.3403 -0.4844
vn -0.6667 0.5856 -0.4611
vn 0.4540 -0.8013 -0.3896
vn 0.0026 -0.8075 -0.5899
vn 0.0033 -0.9945 -0.1042
vn 0.1595 -0.2835 -0.9456
vn 0.4536 -0.8007 -0.3913
vn 0.0070 -1.0000 -0.0000
vn -0.1743 0.2548 -0.9512
vn -0.4744 0.7517 -0.4581
vn -0.4749 0.7519 -0.4572
vn -0.5184 0.8503 -0.0912
vn -0.5205 0.8490 -0.0910
vn -0.1365 0.2619 -0.9554
vn -0.1369 0.2616 -0.9554
vn -0.4740 0.7524 -0.4574
vn -0.8931 0.0734 -0.4439
vn -0.5257 0.1826 0.8308
vn -0.6520 0.4368 -0.6197
vn -0.4276 0.7931 -0.4338
vn -0.0715 0.4914 0.8680
vn 0.0064 0.9907 -0.1361
vn 0.8619 -0.0000 -0.5070
vn 0.7693 0.3977 -0.5001
vn 0.5628 0.0367 0.8258
vn 0.1164 0.0872 -0.9894
vn 0.0466 0.0752 -0.9961
vn 0.2102 0.0613 -0.9757
vn -0.3708 -0.1114 -0.9220
vn -0.5876 -0.1995 -0.7842
vn -0.8564 -0.0067 -0.5163
vn -0.9687 -0.2398 0.0639
vn -0.9973 -0.0040 0.0733
vn -0.8357 -0.2445 -0.4917
vn -0.5735 -0.0057 -0.8192
vn -0.5895 -0.1998 -0.7827
vn -0.6772 -0.5077 -0.5326
vn -0.8254 -0.5536 0.1104
vn -0.4618 -0.3907 -0.7963
vn -0.6761 -0.5074 -0.5343
vn -0.9068 -0.3795 0.1837
vn -0.9686 -0.2402 0.0639
vn -0.8252 -0.5538 0.1112
vn -0.7407 -0.6328 0.2259
vn -0.1914 -0.0638 -0.9794
vn -0.1829 -0.1600 -0.9700
vn -0.3206 -0.2442 -0.9152
vn -0.1374 -0.2199 -0.9658
vn -0.0009 -0.2406 -0.9706
vn -0.2153 -0.3227 -0.9217
vn -0.3256 -0.5470 -0.7712
vn -0.3994 -0.7316 -0.5525
vn -0.4005 -0.7320 -0.5512
vn -0.5571 -0.8195 0.1342
vn -0.0099 -0.6936 -0.7203
vn -0.0145 -0.8959 -0.4440
vn -0.3988 -0.7331 -0.5510
vn -0.0149 -0.8966 -0.4426
vn -0.0297 -0.9892 0.1439
vn -0.0051 -0.3788 -0.9255
vn -0.5560 -0.8205 0.1328
vn -0.4164 -0.8733 0.2531
vn -0.0099 -0.9656 0.2599
vn -0.5576 -0.8192 0.1338
vn -0.4186 -0.8722 0.2531
vn 0.2972 0.1337 -0.9454
vn 0.5683 0.0062 -0.8228
vn 0.6098 0.2173 -0.7622
vn 0.8677 0.3577 -0.3452
vn 0.6087 0.2173 -0.7631
vn 0.2134 0.0622 -0.9750
vn 0.8679 0.3581 -0.3443
vn -0.5796 -0.1812 -0.7945
vn -0.5797 -0.1809 -0.7945
vn 0.6804 0.6408 -0.3556
vn 0.1191 0.0891 -0.9889
vn 0.4735 0.4058 -0.7818
vn 0.4735 0.4060 -0.7816
vn -0.9322 -0.3609 0.0294
vn -0.9146 -0.3537 -0.1962
vn -0.5131 -0.8528 0.0971
vn -0.7874 -0.6124 0.0710
vn -0.5244 -0.8410 -0.1332
vn -0.7711 -0.6124 -0.1742
vn -0.4761 -0.3740 -0.7959
vn -0.4763 -0.3740 -0.7958
vn 0.2239 0.2236 -0.9486
vn 0.4430 0.8398 -0.3139
vn 0.1156 0.2890 -0.9503
vn -0.3495 -0.5226 -0.7777
vn -0.3478 -0.5225 -0.7785
vn 0.2653 0.5181 -0.8132
vn 0.2660 0.5188 -0.8125
vn -0.5111 -0.8540 0.0971
vn -0.0165 -0.9870 0.1601
vn -0.0165 -0.9957 -0.0915
vn 0.0036 0.2224 -0.9749
vn -0.0125 -0.8078 -0.5893
vn -0.5223 -0.8423 -0.1332
vn -0.0131 -0.8078 -0.5893
vn -0.3485 -0.5220 -0.7785
vn 0.0053 0.1880 -0.9822
vn 0.0471 0.0767 -0.9959
vn 0.0087 0.5624 -0.8268
vn 0.0185 0.8553 -0.5178
vn 0.6804 0.6419 -0.3537
vn 0.4442 0.8398 -0.3122
vn 0.0470 0.0752 -0.9961
vn 0.0477 0.0766 -0.9959
vn 0.5997 0.5602 -0.5715
vn 0.0209 0.8949 -0.4457
vn 0.4855 0.5513 0.6785
vn 0.0042 0.1846 -0.9828
vn 0.1943 0.7573 0.6235
vn 0.0033 0.4141 -0.9102
vn 0.0080 0.6949 -0.7190
vn 0.0150 0.8962 -0.4433
vn 0.0299 0.9891 0.1443
vn 0.0092 0.9807 0.1953
vn 0.0085 0.6965 -0.7175
vn -0.0107 0.5713 -0.8207
vn 0.0011 0.2629 -0.9648
vn -0.0036 -0.1415 -0.9899
vn -0.0087 -0.5635 -0.8261
vn -0.0036 -0.2224 -0.9749
vn -0.0188 -0.8558 -0.5170
vn -0.0186 -0.8565 -0.5158
vn 0.0084 0.6769 -0.7360
vn 0.0114 0.9829 -0.1840
vn 0.0242 0.9997 -0.0000
vn -0.0065 0.4130 -0.9107
vn 0.0071 0.6762 -0.7367
vn -0.0000 0.2614 0.9652
vn 0.1098 0.2196 0.9694
vn -0.0245 -0.8158 -0.5778
vn -0.1567 -0.7200 0.6760
vn -0.4803 -0.5679 0.6685
vn -0.6964 -0.7005 -0.1557
vn -0.5726 -0.4147 0.7072
vn -0.9741 -0.0002 -0.2259
vn -0.6313 -0.0077 0.7755
vn 0.4395 0.7251 -0.5302
vn 0.6741 0.4903 -0.5525
vn 0.5203 0.3909 -0.7593
vn 0.3554 0.5741 -0.7376
vn 0.5447 0.8272 0.1379
vn 0.8393 0.5370 0.0848
vn 0.2371 0.3557 -0.9040
vn 0.3546 0.5725 -0.7393
vn 0.4269 0.8765 0.2224
vn 0.7128 0.6609 0.2347
vn -0.2001 -0.2997 -0.9328
vn -0.7163 -0.6180 -0.3241
vn -0.4445 -0.8262 -0.3461
vn -0.2304 -0.1572 -0.9603
vn -0.1987 -0.3004 -0.9329
vn -0.4425 -0.8267 -0.3474
vn -0.3083 -0.5024 -0.8078
vn -0.1440 -0.2877 -0.9468
vn -0.3084 -0.5013 -0.8084
vn 0.3740 0.5234 -0.7656
vn 0.5002 0.8175 -0.2855
vn 0.3738 0.5234 -0.7657
vn 0.5186 0.8542 -0.0372
vn 0.7577 0.6017 -0.2527
vn 0.7890 0.6140 0.0213
vn -0.2597 -0.2291 -0.9381
vn 0.5425 0.3977 -0.7399
vn -0.4259 -0.3651 -0.8278
vn 0.5428 0.3983 -0.7394
vn -0.4437 -0.8263 -0.3469
vn -0.7161 -0.6181 -0.3243
vn -0.0031 -0.1383 -0.9904
vn -0.1984 -0.2975 -0.9339
vn 0.5196 0.3890 -0.7607
vn 0.3544 0.1143 -0.9281
vn 0.3548 0.2218 -0.9082
vn 0.1104 0.2207 -0.9691
vn 0.2041 0.1226 -0.9712
vn 0.3507 0.0027 -0.9365
vn 0.1266 0.0019 -0.9920
vn 0.6742 0.4892 -0.5533
vn 0.8254 0.2540 -0.5042
vn 0.5925 0.2085 -0.7781
vn 0.8264 0.2543 -0.5024
vn 0.9684 0.2414 0.0625
vn 0.9974 0.0044 0.0726
vn 0.8570 0.0071 -0.5152
vn 0.5726 0.0059 -0.8198
vn 0.8561 0.0071 -0.5168
vn 0.9092 0.3646 0.2009
vn 0.9909 0.0185 0.1336
vn 0.9113 0.4116 0.0072
vn 0.8932 0.4031 -0.1990
vn 0.6336 0.2463 -0.7334
vn -0.2928 -0.1387 -0.9461
vn 0.6335 0.2464 -0.7335
vn 0.9940 0.0144 -0.1088
vn 0.9999 0.0130 -0.0021
vn -0.5937 -0.2070 -0.7776
vn -0.8874 -0.3476 -0.3027
vn -0.5945 -0.2078 -0.7768
vn -0.2481 -0.0831 -0.9652
vn -0.8874 -0.3477 -0.3028
vn -0.5682 -0.0058 -0.8229
vn -0.9506 -0.0144 -0.3099
vn -0.4784 -0.0037 -0.8781
vn -0.1043 -0.0020 -0.9945
vn -0.9511 -0.0154 -0.3086
vn 0.5623 0.0042 -0.8269
vn 0.5612 0.0036 -0.8277
vn -0.1027 -0.0015 -0.9947
vn -0.2449 -0.0817 -0.9661
vn -0.2278 -0.1554 -0.9612
vn 0.6924 -0.0043 -0.7215
vn 0.8961 -0.0072 -0.4438
vn 0.9974 0.0039 0.0724
vn 0.8969 -0.0076 -0.4422
vn 0.8571 0.0064 -0.5151
vn 0.9974 -0.0149 0.0709
vn 0.9909 0.0166 0.1336
vn 0.9914 -0.0048 0.1307
vn -0.3974 0.0063 -0.9176
vn -0.8564 0.0120 -0.5162
vn -0.1044 -0.0000 -0.9945
vn 0.9999 0.0117 -0.0019
vn 0.9940 0.0130 -0.1086
vn 0.9999 -0.0165 -0.0000
vn 0.9998 -0.0201 0.0066
vn 0.5612 0.0042 -0.8277
vn 0.8754 -0.0134 -0.4832
vn -0.5643 0.0043 -0.8255
vn -0.2618 0.0021 -0.9651
vn 0.8754 -0.0136 -0.4832
vn -0.8154 0.0262 -0.5783
vn -0.3962 0.0059 -0.9181
vn 0.0033 -0.1387 -0.9903
vn 0.0056 -0.3500 -0.9367
vn 0.0132 -0.8554 -0.5178
vn 0.0112 -0.5702 -0.8214
vn 0.0083 -0.9895 0.1440
vn 0.0242 -0.9668 0.2545
vn 0.0143 -0.8559 -0.5169
vn 0.0167 -0.9788 -0.2043
vn 0.0073 -0.4761 -0.8793
vn 0.0170 -0.9966 0.0812
vn 0.0072 -0.4763 -0.8792
vn -0.0065 0.4144 -0.9101
vn -0.0103 0.5668 -0.8238
vn -0.0000 0.1882 -0.9821
vn -0.0228 0.9510 -0.3083
vn -0.0047 0.1924 -0.9813
vn 0.0184 0.8553 -0.5178
vn -0.0215 0.9512 -0.3080
vn -0.0106 0.9091 -0.4163
vn -0.0043 0.1892 -0.9819
vn 0.2028 -0.1123 -0.9728
vn 0.1685 -0.1967 -0.9659
vn 0.3185 -0.2274 -0.9202
vn 0.6235 -0.1847 -0.7597
vn 0.9377 -0.3381 0.0806
vn 0.8239 -0.2408 -0.5130
vn 0.8228 -0.2410 -0.5147
vn 0.5198 -0.3544 -0.7773
vn 0.6806 -0.4891 -0.5455
vn 0.6818 -0.4891 -0.5440
vn 0.7476 -0.6472 0.1489
vn 0.7746 -0.5771 0.2586
vn 0.9421 -0.2741 0.1932
vn 0.3470 -0.5082 -0.7882
vn 0.2329 -0.3113 -0.9213
vn 0.4396 -0.7403 -0.5087
vn 0.4588 -0.8761 0.1483
vn 0.4398 -0.7410 -0.5075
vn 0.7468 -0.6482 0.1488
vn 0.0119 -0.5710 -0.8209
vn 0.6815 -0.4892 -0.5443
vn 0.7732 -0.5790 0.2587
vn 0.5651 -0.7760 0.2802
vn 0.8984 -0.4200 -0.1280
vn 0.8822 -0.4411 0.1648
vn 0.5535 -0.2423 -0.7969
vn 0.7664 -0.6255 0.1460
vn 0.5516 -0.8275 0.1047
vn 0.7682 -0.6078 -0.2012
vn 0.5525 -0.8270 0.1040
vn 0.7671 -0.6249 0.1454
vn 0.5266 -0.8355 -0.1570
vn -0.3150 0.0946 -0.9444
vn -0.2587 0.1977 -0.9455
vn 0.4520 -0.4174 -0.7883
vn 0.4522 -0.4172 -0.7883
vn 0.5536 -0.2422 -0.7968
vn -0.2529 0.1101 -0.9612
vn -0.8904 0.3285 -0.3151
vn -0.5738 0.2186 -0.7893
vn -0.7497 0.5570 -0.3573
vn -0.0828 0.0782 -0.9935
vn -0.4688 0.3884 -0.7933
vn 0.5252 -0.8363 -0.1573
vn 0.3034 -0.5689 -0.7644
vn 0.3038 -0.5697 -0.7636
vn -0.1739 0.2687 -0.9474
vn -0.4767 0.8066 -0.3495
vn -0.2978 0.5388 -0.7880
vn 0.4515 -0.4163 -0.7892
vn -0.0471 0.0984 -0.9940
vn -0.4761 0.8077 -0.3478
vn -0.0475 0.0984 -0.9940
vn -0.2500 0.1088 -0.9621
vn -0.0814 0.0769 -0.9937
vn -0.6029 0.0971 0.7919
vn -0.5208 0.4992 0.6925
vn -0.4136 0.6068 0.6788
vn -0.0555 0.7486 0.6607
vn -0.0465 0.0970 -0.9942
vn -0.4963 0.5625 -0.6613
vn -0.6508 0.7592 -0.0000
vn 0.3572 -0.9288 -0.0991
vn 0.3028 -0.3224 -0.8969
vn 0.3025 -0.3225 0.8969
vn 0.3442 0.0784 0.9356
vn 0.3443 0.0783 -0.9356
vn -0.9885 0.0671 0.1355
vn -0.9358 0.3422 0.0848
vn -0.8072 -0.0000 -0.5902
vn -0.8072 0.0001 0.5902
vn -0.6120 -0.0556 0.7889
vn -0.6547 -0.1210 0.7461
vn -0.7171 -0.1354 0.6837
vn -0.7377 -0.1271 0.6631
vn -0.7852 -0.0679 0.6155
vn -0.7937 -0.0400 0.6070
vn -0.7977 -0.0101 0.6030
vn -0.7979 -0.0000 0.6028
vn -0.7774 0.0851 0.6232
vn -0.7624 0.1070 0.6382
vn -0.7443 0.1238 0.6563
vn -0.7378 0.1281 0.6628
vn -0.7170 0.1366 0.6835
vn -0.7099 0.1379 0.6907
vn -0.7027 0.1387 0.6979
vn -0.8072 -0.0000 0.5903
vn -0.8072 -0.0001 -0.5903
vn -0.6113 0.0560 -0.7894
vn -0.6546 0.1213 -0.7462
vn -0.7171 0.1353 -0.6837
vn -0.7376 0.1268 -0.6632
vn -0.7847 0.0674 -0.6162
vn -0.7931 0.0397 -0.6078
vn -0.7969 0.0100 -0.6040
vn -0.7971 -0.0000 -0.6039
vn -0.7765 -0.0840 -0.6245
vn -0.7616 -0.1054 -0.6394
vn -0.7438 -0.1217 -0.6572
vn -0.7374 -0.1259 -0.6637
vn -0.7170 -0.1341 -0.6841
vn -0.7099 -0.1354 -0.6911
vn -0.7029 -0.1360 -0.6982
vn -0.4632 0.7037 0.5388
vn -0.4437 0.8866 -0.1307
vn -0.7952 0.5990 -0.0942
vn -0.4617 0.7039 0.5398
vn -0.3901 0.5514 0.7374
vn -0.0122 0.5703 0.8213
vn -0.2573 0.3432 0.9033
vn -0.0046 0.4156 0.9095
vn -0.6970 0.4870 0.5263
vn -0.0139 0.8560 0.5168
vn -0.0084 0.9896 -0.1439
vn -0.4430 0.8872 -0.1292
vn -0.0148 0.8554 0.5177
vn -0.4611 0.7050 0.5388
vn -0.6979 0.4864 0.5256
vn -0.5777 0.7914 -0.1997
vn -0.7954 0.5988 -0.0942
vn -0.4442 0.8864 -0.1303
vn -0.0300 0.9801 -0.1964
vn -0.5758 0.7927 -0.2000
vn -0.4357 0.8685 0.2365
vn -0.5087 0.4358 0.7425
vn -0.7642 0.5871 0.2672
vn -0.2413 0.5877 0.7723
vn -0.5132 0.8528 0.0970
vn -0.2422 0.5881 0.7717
vn -0.4335 0.8696 0.2363
vn -0.0099 0.9246 0.3808
vn -0.0109 0.9999 0.0030
vn -0.5111 0.8540 0.0971
vn -0.2421 0.5883 0.7716
vn -0.0100 0.9240 0.3823
vn -0.0071 0.4118 0.9112
vn -0.9369 0.3415 -0.0749
vn -0.8260 0.2541 0.5032
vn -0.3584 0.2239 0.9063
vn -0.5509 0.3594 0.7532
vn -0.6225 0.1846 0.7605
vn -0.5520 0.3596 0.7523
vn -0.6244 0.1851 0.7589
vn -0.8279 0.5366 -0.1633
vn -0.9538 0.2741 -0.1230
vn -0.9369 0.3412 -0.0756
vn -0.8963 0.0070 0.4433
vn -0.6938 0.0047 0.7201
vn -0.9915 0.0047 -0.1303
vn -0.9973 0.0151 -0.0725
vn -0.0238 0.0048 0.9997
vn -0.3938 0.1181 0.9116
vn -0.3796 0.0019 0.9252
vn -0.6924 0.0045 0.7215
vn -0.9973 0.0148 -0.0717
vn -0.2072 0.1244 0.9704
vn -0.0021 0.1268 0.9919
vn -0.1812 0.1812 0.9666
vn -0.5824 0.2398 0.7767
vn -0.9172 0.3468 0.1962
vn -0.7873 0.6124 0.0711
vn -0.9321 0.3609 0.0294
vn -0.9999 0.0116 0.0009
vn -0.9957 0.0083 0.0926
vn -0.8078 0.0066 0.5894
vn -0.1902 -0.0000 0.9817
vn -0.9973 -0.0041 -0.0733
vn -0.9910 -0.0147 -0.1329
vn -0.9972 -0.0043 -0.0740
vn -0.8563 -0.0067 0.5164
vn -0.5715 -0.0057 0.8206
vn -0.3506 -0.0028 0.9365
vn -0.5735 -0.0057 0.8192
vn -1.0000 -0.0068 -0.0000
vn -0.4768 -0.0038 0.8790
vn -0.9786 -0.0076 0.2055
vn -0.5876 -0.1996 0.7842
vn -0.3708 -0.1114 0.9220
vn -0.9687 -0.2398 -0.0639
vn -0.8357 -0.2445 0.4917
vn -0.5895 -0.1998 0.7827
vn -0.8254 -0.5536 -0.1104
vn -0.6771 -0.5077 0.5327
vn -0.4618 -0.3907 0.7963
vn -0.6760 -0.5076 0.5342
vn -0.9068 -0.3795 -0.1837
vn -0.8252 -0.5538 -0.1111
vn -0.9686 -0.2401 -0.0638
vn -0.7406 -0.6328 -0.2259
vn -0.1399 -0.0012 0.9902
vn -0.1916 -0.0639 0.9794
vn -0.3205 -0.2442 0.9152
vn -0.1829 -0.1600 0.9700
vn -0.1374 -0.2199 0.9658
vn -0.0011 -0.2406 0.9706
vn -0.2153 -0.3227 0.9217
vn -0.3256 -0.5470 0.7712
vn -0.3994 -0.7317 0.5523
vn -0.5566 -0.8199 -0.1341
vn -0.4004 -0.7322 0.5510
vn -0.0146 -0.8959 0.4439
vn -0.3988 -0.7330 0.5510
vn -0.0297 -0.9891 -0.1440
vn -0.0149 -0.8965 0.4427
vn -0.0051 -0.3788 0.9255
vn -0.5561 -0.8205 -0.1328
vn -0.4165 -0.8732 -0.2531
vn -0.0102 -0.9656 -0.2599
vn -0.4184 -0.8723 -0.2531
vn -0.5573 -0.8194 -0.1339
vn -0.5795 -0.1812 0.7946
vn -0.4771 -0.0038 0.8789
vn 0.2971 0.1337 0.9454
vn -0.5794 -0.1813 0.7946
vn -0.9322 -0.3608 -0.0294
vn -0.9146 -0.3537 0.1961
vn -0.7874 -0.6124 -0.0710
vn -0.5131 -0.8528 -0.0970
vn -0.5244 -0.8410 0.1331
vn -0.7711 -0.6124 0.1742
vn -0.4762 -0.3740 0.7958
vn 0.2236 0.2238 0.9486
vn 0.1156 0.2890 0.9503
vn -0.3489 -0.5230 0.7777
vn -0.3479 -0.5224 0.7785
vn -0.5111 -0.8540 -0.0971
vn -0.0165 -0.9957 0.0915
vn -0.0164 -0.9870 -0.1601
vn 0.0036 0.2225 0.9749
vn -0.0125 -0.8078 0.5893
vn -0.5223 -0.8423 0.1333
vn -0.0130 -0.8078 0.5893
vn -0.3487 -0.5220 0.7784
vn 0.0033 0.4141 0.9102
vn 0.0079 0.6951 0.7189
vn 0.0151 0.8962 0.4433
vn 0.0299 0.9891 -0.1443
vn 0.0092 0.9807 -0.1953
vn 0.0085 0.6965 0.7175
vn -0.0110 0.5712 0.8207
vn 0.0112 0.9829 0.1840
vn 0.0084 0.6769 0.7360
vn -0.0065 0.4130 0.9107
vn 0.4395 0.7251 0.5302
vn 0.5204 0.3907 0.7593
vn 0.6741 0.4903 0.5525
vn 0.3555 0.5739 0.7377
vn 0.5448 0.8271 -0.1381
vn 0.8393 0.5370 -0.0849
vn 0.2371 0.3557 0.9040
vn 0.3547 0.5725 0.7392
vn 0.4268 0.8766 -0.2225
vn 0.7128 0.6609 -0.2348
vn 0.5003 0.8174 0.2855
vn 0.3738 0.5234 0.7657
vn 0.5186 0.8542 0.0372
vn 0.7890 0.6140 -0.0213
vn 0.7577 0.6017 0.2526
vn 0.5429 0.3982 0.7394
vn 0.5197 0.3890 0.7606
vn 0.3545 0.1143 0.9280
vn 0.1104 0.2207 0.9691
vn 0.2042 0.1226 0.9712
vn 0.6743 0.4892 0.5532
vn 0.5926 0.2085 0.7781
vn 0.8255 0.2540 0.5040
vn 0.8264 0.2542 0.5024
vn 0.9684 0.2414 -0.0624
vn 0.8570 0.0070 0.5152
vn 0.9974 0.0044 -0.0726
vn 0.3508 0.0028 0.9365
vn 0.5726 0.0059 0.8198
vn 0.8561 0.0071 0.5168
vn 0.9092 0.3646 -0.2009
vn 0.9909 0.0184 -0.1335
vn 0.9113 0.4116 -0.0071
vn 0.8932 0.4031 0.1991
vn 0.6335 0.2464 0.7335
vn 0.9940 0.0146 0.1088
vn 0.9999 0.0128 0.0021
vn 0.5612 0.0039 0.8277
vn 0.6924 -0.0044 0.7215
vn 0.3779 -0.0030 0.9258
vn 0.8961 -0.0072 0.4438
vn 0.9974 0.0040 -0.0726
vn 0.8570 0.0067 0.5152
vn 0.8969 -0.0074 0.4422
vn 0.9974 -0.0150 -0.0710
vn 0.9914 -0.0048 -0.1307
vn 0.9909 0.0167 -0.1336
vn 0.9999 0.0117 0.0019
vn 0.9940 0.0130 0.1086
vn 0.9998 -0.0199 -0.0066
vn 0.8754 -0.0135 0.4832
vn 0.5612 0.0042 0.8277
vn -0.5683 -0.0057 0.8228
vn -0.8564 0.0118 0.5162
vn -0.9507 -0.0145 0.3098
vn -0.5643 0.0043 0.8255
vn 0.8754 -0.0136 0.4832
vn -0.2618 0.0021 0.9651
vn -0.4784 -0.0037 0.8781
vn 0.0084 -0.9895 -0.1440
vn 0.0242 -0.9668 -0.2544
vn 0.0072 -0.4764 0.8792
vn 0.0167 -0.9788 0.2043
vn 0.0167 -0.9966 -0.0812
vn -0.0064 0.4144 0.9101
vn 0.0066 -0.4765 0.8791
vn 0.0186 0.8553 0.5179
vn -0.0103 0.5668 0.8238
vn -0.0217 0.9511 0.3082
vn 0.1685 -0.1966 0.9659
vn 0.3185 -0.2274 0.9202
vn 0.2028 -0.1127 0.9727
vn 0.6235 -0.1847 0.7597
vn 0.8239 -0.2408 0.5131
vn 0.9376 -0.3382 -0.0806
vn 0.8228 -0.2410 0.5147
vn 0.5198 -0.3544 0.7773
vn 0.6806 -0.4891 0.5455
vn 0.6817 -0.4895 0.5438
vn 0.7477 -0.6471 -0.1489
vn 0.7745 -0.5773 -0.2586
vn 0.9421 -0.2741 -0.1932
vn 0.3470 -0.5082 0.7882
vn 0.0057 -0.3500 0.9367
vn 0.2329 -0.3113 0.9213
vn 0.0034 -0.1387 0.9903
vn 0.0112 -0.5702 0.8214
vn 0.4396 -0.7403 0.5086
vn 0.4586 -0.8762 -0.1484
vn 0.4399 -0.7409 0.5076
vn 0.0146 -0.8559 0.5169
vn 0.7471 -0.6479 -0.1487
vn 0.0122 -0.5707 0.8211
vn 0.6815 -0.4892 0.5443
vn 0.5651 -0.7760 -0.2802
vn 0.7732 -0.5790 -0.2587
vn 0.8984 -0.4200 0.1280
vn 0.8822 -0.4411 -0.1648
vn 0.5536 -0.2421 0.7968
vn 0.7664 -0.6255 -0.1461
vn 0.5516 -0.8275 -0.1046
vn 0.7682 -0.6078 0.2012
vn 0.7670 -0.6249 -0.1454
vn 0.5525 -0.8270 -0.1041
vn 0.5265 -0.8356 0.1570
vn -0.3150 0.0946 0.9444
vn 0.4520 -0.4174 0.7883
vn -0.2587 0.1977 0.9455
vn 0.4522 -0.4172 0.7883
vn 0.5536 -0.2422 0.7968
vn -0.5739 0.2182 0.7893
vn -0.8904 0.3285 0.3151
vn -0.2530 0.1097 0.9612
vn -0.7499 0.5569 0.3571
vn -0.0831 0.0778 0.9935
vn -0.4688 0.3884 0.7934
vn -0.7498 0.5569 0.3572
vn 0.5255 -0.8362 0.1573
vn 0.3034 -0.5689 0.7644
vn -0.1739 0.2687 0.9474
vn 0.3038 -0.5695 0.7638
vn -0.2977 0.5389 0.7880
vn 0.4513 -0.4165 0.7892
vn -0.4767 0.8066 0.3494
vn -0.8964 0.0070 -0.4433
vn -0.8565 -0.0067 -0.5161
vn -0.9973 -0.0000 0.0734
vn 0.0208 0.0063 0.9998
vn 0.3550 0.2217 0.9082
vn 0.2018 -0.1120 0.9730
vn 0.0033 -0.1373 0.9905
vn 0.1678 -0.1955 0.9662
vn 0.0873 0.0001 -0.9962
vn 0.0178 -0.0891 -0.9959
vn -0.0111 0.0904 -0.9958
vn 0.0658 -0.0514 -0.9965
vn 0.0201 -0.0611 -0.9979
vn 0.0785 -0.0000 -0.9969
vn -0.0286 0.0690 -0.9972
vn 0.0348 0.0842 -0.9958
vn -0.0891 -0.0504 -0.9947
vn 0.0405 0.0981 -0.9944
vn 0.0981 -0.0405 -0.9944
vn -0.1024 -0.0001 -0.9947
vn -0.0953 -0.0000 -0.9955
vn -0.0372 0.0896 -0.9953
vn 0.0496 -0.0878 -0.9949
vn -0.0720 0.0563 -0.9958
vn -0.0000 -0.0801 -0.9968
vn -0.0756 -0.0314 -0.9966
vn 0.0746 0.0422 -0.9963
vn 0.0841 -0.0000 -0.9965
vn -0.0000 0.0785 -0.9969
vn -0.0000 -0.1008 -0.9949
vn -0.0611 0.0611 -0.9963
vn 0.0594 0.0724 -0.9956
vn -0.0423 -0.0837 -0.9956
vn 0.0059 0.0788 -0.9969
vn 0.0289 -0.0655 -0.9974
vn -0.0718 0.0718 -0.9948
vn 0.0970 0.0119 -0.9952
vn -0.0584 -0.0874 -0.9945
vn 0.0523 0.0784 -0.9956
vn -0.0721 -0.0000 -0.9974
vn 0.0421 0.0538 -0.9977
vn 0.0148 -0.0742 -0.9971
vn -0.0933 -0.0500 -0.9944
vn -0.0460 -0.0912 -0.9948
vn -0.0981 0.0379 -0.9945
vn -0.0000 0.0721 -0.9974
vn 0.0721 -0.0000 -0.9974
vn -0.0753 -0.0092 -0.9971
vn 0.0074 -0.0603 -0.9982
vn 0.0690 0.0286 -0.9972
vn -0.0672 0.0278 -0.9974
vn -0.0524 0.0524 -0.9973
vn 0.0374 -0.0663 -0.9971
vn -0.0738 0.0305 -0.9968
vn 0.0552 0.0552 -0.9969
vn 0.0298 -0.0719 -0.9970
vn 0.0768 -0.0213 -0.9968
vn -0.0771 -0.0320 -0.9965
vn -0.0001 0.0816 -0.9967
vn -0.0541 -0.0541 -0.9971
vn -0.0705 -0.0292 -0.9971
vn 0.0777 0.0095 -0.9969
vn -0.0648 -0.0366 -0.9972
vn 0.0513 -0.0513 -0.9974
vn 0.0277 -0.0668 -0.9974
vn -0.0090 0.0737 -0.9972
vn 0.0541 -0.0541 -0.9971
vn -0.0456 0.0456 -0.9979
vn 0.0456 0.0456 -0.9979
vn -0.0421 -0.0538 -0.9977
vn -0.0074 0.0603 -0.9982
vn -0.0000 -0.0721 -0.9974
vn -0.0262 0.0631 -0.9977
vn -0.0456 -0.0456 -0.9979
vn 0.0456 -0.0456 -0.9979
vn 0.0564 -0.0563 -0.9968
vn 0.0753 0.0092 -0.9971
vn 0.0905 0.0606 -0.9941
vn 0.0903 -0.0669 -0.9937
vn -0.0951 0.0603 -0.9936
vn 0.1072 -0.0187 -0.9941
vn 0.0415 0.1004 -0.9941
vn 0.1101 -0.0218 -0.9937
vn -0.1107 -0.0191 -0.9937
vn 0.0607 0.0909 -0.9940
vn 0.0537 -0.0949 -0.9940
vn -0.1123 0.0110 -0.9936
vn 0.0932 -0.0497 -0.9944
vn 0.0389 0.0942 -0.9948
vn 0.0664 -0.0771 -0.9948
vn -0.1049 -0.0104 -0.9944
vn -0.0777 -0.0779 -0.9939
vn -0.1120 -0.0167 -0.9936
vn 0.0897 -0.0700 -0.9935
vn -0.0897 -0.0631 -0.9940
vn 0.0028 0.1129 -0.9936
vn -0.0732 -0.0304 -0.9969
vn 0.0202 0.0727 -0.9972
vn 0.0460 -0.0689 -0.9966
vn -0.0400 0.0598 -0.9974
vn 0.0566 -0.0378 -0.9977
vn -0.0818 -0.0462 -0.9956
vn -0.0169 0.0849 -0.9962
vn 0.0833 0.0345 -0.9959
vn -0.0887 0.0176 -0.9959
vn -0.0862 -0.0106 -0.9962
vn 0.0155 0.0780 -0.9968
vn 0.0830 -0.0000 -0.9966
vn 0.0913 0.0516 -0.9945
vn 0.0197 0.0994 -0.9949
vn 0.0191 -0.0957 -0.9952
vn -0.0846 0.0168 -0.9963
vn 0.0148 0.0997 -0.9949
vn 0.0220 -0.0984 -0.9949
vn -0.0289 0.0655 -0.9974
vn 0.0386 -0.0770 -0.9963
vn -0.0561 -0.0839 -0.9949
vn -0.0113 0.0929 -0.9956
vn 0.0954 -0.0510 -0.9941
vn -0.0761 0.0407 -0.9963
vn -0.0274 -0.0662 -0.9974
vn -0.0201 0.0611 -0.9979
vn 0.0756 -0.0229 -0.9969
vn -0.0387 0.0934 -0.9949
vn 0.0870 0.0646 -0.9941
vn -0.0822 -0.0708 -0.9941
vn 0.0365 0.0942 -0.9949
vn -0.0134 -0.1074 -0.9941
vn -0.0523 0.0926 -0.9943
vn 0.1120 -0.0000 -0.9937
vn -0.0000 -0.1120 -0.9937
vn -0.0000 0.1064 -0.9943
vn -0.0000 0.1008 -0.9949
vn 0.0523 -0.0926 -0.9943
vn -0.0441 0.0781 -0.9960
vn -0.0841 -0.0000 -0.9965
vn -0.0000 0.0897 -0.9960
vn 0.0468 -0.0829 -0.9955
vn 0.0953 -0.0000 -0.9955
vn -0.0000 0.0841 -0.9965
vn -0.0000 -0.1064 -0.9943
vn 0.0001 -0.0912 -0.9958
vn -0.0859 -0.0357 -0.9957
vn 0.0843 0.0477 -0.9953
vn -0.0538 -0.0689 -0.9962
vn 0.0592 -0.0591 -0.9965
vn -0.0327 -0.0790 -0.9963
vn 0.0239 0.0860 -0.9960
vn 0.0700 -0.0698 -0.9951
vn -0.0943 -0.0116 -0.9955
vn 0.0384 0.0930 -0.9949
vn -0.0659 -0.0660 -0.9956
vn 0.0620 -0.0619 -0.9962
vn -0.0832 -0.0102 -0.9965
vn 0.0342 0.0826 -0.9960
vn -0.0415 0.0999 -0.9941
vn -0.0809 0.0631 -0.9947
vn 0.1006 -0.0279 -0.9945
vn -0.1060 0.0294 -0.9939
vn 0.1050 0.0437 -0.9935
vn 0.0437 -0.1050 -0.9935
vn -0.0779 0.0777 -0.9939
vn -0.1054 -0.0130 -0.9943
vn 0.0001 -0.1024 -0.9947
vn 0.1054 0.0130 -0.9943
vn -0.0253 -0.0914 -0.9955
vn -0.0378 0.0910 -0.9951
vn 0.0910 0.0378 -0.9951
vn -0.0670 -0.0671 -0.9955
vn -0.0329 0.0793 -0.9963
vn 0.0441 -0.0781 -0.9960
vn -0.0632 0.0494 -0.9968
vn -0.0723 0.0299 -0.9969
vn 0.0791 -0.0220 -0.9966
vn -0.0000 -0.0841 -0.9965
vn -0.0662 0.0274 -0.9974
vn 0.0274 0.0662 -0.9974
vn -0.0059 -0.0788 -0.9969
vn -0.0362 0.0872 -0.9955
vn 0.0873 -0.0242 -0.9959
vn -0.0814 -0.0545 -0.9952
vn 0.0723 0.0484 -0.9962
vn -0.0564 0.0563 -0.9968
vn -0.0462 -0.0693 -0.9965
vn -0.0546 -0.0819 -0.9951
vn 0.0296 -0.0898 -0.9955
vn -0.0483 0.0854 -0.9952
vn 0.0278 0.0672 -0.9974
vn -0.0263 -0.0635 -0.9976
vn -0.0485 0.0484 -0.9977
vn -0.1176 -0.0001 -0.9931
vn -0.0729 -0.0000 -0.9973
vn -0.0642 -0.0960 0.9933
vn -0.1032 0.0428 0.9937
vn 0.0429 -0.0760 0.9962
vn 0.0349 0.0841 0.9958
vn -0.0892 0.0178 0.9959
vn 0.0790 -0.0327 0.9963
vn 0.0657 -0.0514 0.9965
vn -0.0158 -0.0568 0.9983
vn -0.0000 -0.0649 0.9979
vn 0.0472 -0.0473 0.9978
vn 0.0179 0.0644 0.9978
vn 0.0606 -0.0169 0.9980
vn -0.0530 -0.0299 0.9981
vn -0.0000 0.0800 0.9968
vn -0.0470 -0.0600 0.9971
vn 0.0722 -0.0299 0.9969
vn -0.0552 -0.0552 0.9969
vn -0.0000 -0.0721 0.9974
vn 0.0421 0.0538 0.9977
vn -0.0650 0.0269 0.9975
vn -0.1024 -0.0000 0.9947
vn -0.0364 -0.0878 0.9955
vn 0.1054 0.0128 0.9943
vn -0.0843 -0.0476 0.9953
vn 0.0776 0.0094 0.9969
vn -0.0274 -0.0984 0.9948
vn 0.1014 0.0307 0.9944
vn -0.0588 0.0880 0.9944
vn 0.0567 -0.0850 0.9948
vn 0.0308 0.1016 0.9944
vn 0.0821 -0.0822 0.9932
vn 0.1041 0.0430 0.9936
vn -0.0758 0.0882 0.9932
vn 0.1120 -0.0085 0.9937
vn 0.1013 -0.0000 0.9949
vn 0.0374 0.0903 0.9952
vn -0.1012 0.0077 0.9948
vn -0.0894 -0.0732 0.9933
vn -0.0960 0.0642 0.9933
vn -0.1025 -0.0547 0.9932
vn -0.0428 -0.1032 0.9937
vn -0.0965 0.0400 0.9945
vn 0.0628 0.0355 0.9974
vn -0.0701 0.0291 0.9971
vn -0.0000 -0.0794 0.9968
vn -0.0000 0.0721 0.9974
vn 0.0456 0.0456 0.9979
vn -0.0456 0.0456 0.9979
vn -0.0421 -0.0538 0.9977
vn -0.0073 0.0603 0.9982
vn -0.0721 -0.0000 0.9974
vn 0.0631 0.0261 0.9977
vn 0.0456 -0.0456 0.9979
vn -0.0456 -0.0456 0.9979
vn 0.0563 -0.0563 0.9968
vn 0.0563 0.0563 0.9968
vn -0.0657 0.0514 0.9965
vn 0.0754 0.0092 0.9971
vn -0.0754 -0.0092 0.9971
vn 0.0755 0.0426 0.9962
vn -0.0836 0.0346 0.9959
vn -0.0000 -0.0940 0.9956
vn 0.0318 0.0768 0.9965
vn -0.0615 -0.0615 0.9962
vn 0.0766 0.0765 0.9941
vn -0.0373 0.0901 0.9952
vn -0.0646 -0.0824 0.9945
vn 0.0271 0.0973 0.9949
vn 0.0663 0.0662 0.9956
vn -0.0317 0.0766 0.9966
vn -0.0556 -0.0710 0.9959
vn 0.0765 -0.0766 0.9941
vn 0.0758 -0.0882 0.9932
vn 0.0600 0.0999 0.9932
vn -0.1158 0.0115 0.9932
vn 0.1158 -0.0115 0.9932
vn 0.0140 -0.1157 0.9932
vn 0.0971 0.0648 0.9932
vn -0.0783 0.0865 0.9932
vn 0.1137 -0.0227 0.9933
vn 0.0821 0.0820 0.9932
vn -0.0981 0.0624 0.9932
vn 0.0948 0.0665 0.9933
vn 0.1069 0.0442 0.9933
vn 0.0227 0.1136 0.9933
vn -0.1160 -0.0026 0.9933
vn -0.1123 -0.0280 0.9933
vn -0.0732 0.0894 0.9933
vn -0.0692 -0.0932 0.9932
vn 0.0389 -0.0940 0.9948
vn 0.0982 -0.0000 0.9952
vn -0.0318 0.0968 0.9948
vn 0.0874 -0.0442 0.9952
vn 0.0666 -0.0667 0.9955
vn 0.0839 0.0347 0.9959
vn -0.0616 0.0716 0.9955
vn -0.1091 0.0001 0.9940
vn 0.0687 -0.0800 0.9944
vn 0.0405 0.0975 0.9944
vn 0.0604 -0.0906 0.9941
vn -0.0417 -0.1004 0.9941
vn 0.0998 0.0327 0.9945
vn -0.0743 0.0744 0.9945
vn 0.0799 -0.0800 0.9936
vn 0.0352 -0.1072 0.9936
vn 0.0083 0.1090 0.9940
vn -0.1096 0.0083 0.9939
vn 0.0584 -0.0975 0.9935
vn 0.0879 0.0721 0.9935
vn -0.0698 -0.0850 0.9939
vn -0.1060 0.0295 0.9939
vn 0.0435 -0.1051 0.9935
vn 0.1028 0.0486 0.9935
vn -0.1075 0.0214 0.9940
vn -0.0421 -0.1014 0.9940
vn 0.1119 -0.0196 0.9935
vn -0.0868 -0.0609 0.9944
vn -0.0944 -0.0391 0.9948
vn 0.0199 -0.1004 0.9948
vn 0.0971 0.0428 0.9944
vn -0.0676 -0.0862 0.9940
vn 0.1100 -0.0276 0.9936
vn -0.0221 0.1111 0.9936
vn 0.0107 -0.1091 0.9940
vn 0.0584 0.0973 0.9935
vn -0.0540 0.0540 0.9971
vn -0.0689 -0.0285 0.9972
vn 0.0587 -0.0460 0.9972
vn -0.0736 0.0205 0.9971
vn 0.0620 0.0619 0.9962
vn -0.0790 0.0220 0.9966
vn 0.0307 -0.0741 0.9968
vn -0.0826 0.0342 0.9960
vn -0.0000 0.0912 0.9958
vn -0.0746 -0.0421 0.9963
vn 0.0774 -0.0321 0.9965
vn -0.0844 -0.0350 0.9958
vn -0.0952 0.0265 0.9951
vn 0.0632 -0.0495 0.9968
vn -0.0484 -0.0484 0.9977
vn 0.0642 0.0078 0.9979
vn -0.0255 0.0616 0.9978
vn 0.0665 -0.0000 0.9978
vn -0.0579 -0.0240 0.9980
vn 0.0194 0.0698 0.9974
vn -0.0000 -0.0705 0.9975
vn 0.0634 -0.0263 0.9976
vn -0.0686 0.0284 0.9972
vn -0.0374 0.0662 0.9971
vn 0.0524 -0.0524 0.9973
vn 0.0668 0.0277 0.9974
vn -0.0721 -0.0088 0.9974
vn -0.0744 -0.0000 0.9972
vn 0.0652 0.0270 0.9975
vn -0.0000 -0.0688 0.9976
vn 0.0599 0.0338 0.9976
vn 0.0530 0.0299 0.9981
vn -0.0319 0.0565 0.9979
vn -0.0000 0.0688 0.9976
vn -0.0179 -0.0644 0.9978
vn 0.0501 -0.0501 0.9975
vn -0.0000 -0.0609 0.9981
vn 0.0158 0.0568 0.9983
vn -0.0444 0.0444 0.9980
vn -0.0688 -0.0000 0.9976
vn -0.0501 -0.0501 0.9975
vn 0.0682 -0.0190 0.9975
vn -0.0599 -0.0338 0.9976
vn 0.0609 -0.0000 0.9981
vn -0.0000 0.0609 0.9981
vn -0.0606 0.0169 0.9980
vn -0.0591 0.0592 0.9965
vn 0.0096 -0.0792 0.9968
vn 0.0756 0.0313 0.9966
vn -0.0000 -0.0816 0.9967
vn -0.0563 -0.0563 0.9968
vn -0.0298 0.0719 0.9970
vn -0.0671 -0.0670 0.9955
vn 0.0356 -0.0859 0.9957
vn 0.0608 0.0776 0.9951
vn -0.0239 -0.0860 0.9960
vn 0.0539 0.0688 0.9962
vn 0.0114 -0.0940 0.9955
vn 0.0696 0.0696 0.9951
vn -0.0818 0.0547 0.9951
vn 0.0787 -0.0527 0.9955
vn -0.0547 0.0820 0.9951
vn 0.0001 0.1122 0.9937
vn -0.1101 -0.0361 0.9933
vn 0.0506 0.0999 0.9937
vn -0.0400 0.0968 0.9945
vn -0.0823 -0.0707 0.9941
vn 0.0442 -0.1069 0.9933
vn -0.0400 -0.0965 0.9945
vn -0.0830 0.0344 0.9960
vn 0.0173 0.0622 0.9979
vn -0.0631 -0.0261 0.9977
vn 0.0559 -0.0560 0.9969
vn -0.0728 -0.0000 0.9973
vn -0.8013 0.0728 0.5938
vn -0.9523 0.3042 0.0243
vn -0.9852 0.1714 -0.0000
vn -0.9824 0.1867 -0.0000
vn -0.1189 0.0675 0.9906
vn -0.5702 0.7666 0.2953
vn -0.8013 0.0728 -0.5938
vn -0.9523 0.3042 -0.0243
vn -0.9852 0.1713 -0.0000
vn -0.1190 0.0673 -0.9906
vn -0.5537 0.8327 -0.0000
vn 0.5390 -0.8423 -0.0000
vn 0.5900 -0.6833 0.4301
vn 0.4732 -0.8780 0.0726
vn 0.8725 -0.4886 -0.0000
vn 0.9676 -0.2524 -0.0000
vn 0.9408 -0.3386 0.0163
vn 0.7071 -0.7071 -0.0000
vn 0.8193 -0.5697 0.0648
vn 0.7063 -0.7079 -0.0000
vn 0.3162 -0.9487 -0.0000
vn 0.2169 -0.9759 0.0223
vn 0.0029 -1.0000 -0.0000
vn 0.0008 -0.7808 0.6248
vn 1.0000 -0.0030 -0.0000
vn 0.7610 -0.0088 0.6487
vn 0.8818 0.0025 0.4716
vn 0.9999 0.0113 -0.0000
vn 0.9675 0.2523 0.0183
vn 0.9409 0.3387 -0.0000
vn 0.8203 0.5720 -0.0000
vn 0.6536 0.7568 -0.0000
vn 0.4351 0.4352 0.7882
vn 0.8703 0.4885 0.0633
vn 0.4741 0.8805 -0.0000
vn 0.4468 0.6984 0.5591
vn 0.8215 0.5702 0.0001
vn 0.8712 0.4869 0.0631
vn 0.2170 0.9762 -0.0000
vn 0.0007 1.0000 -0.0000
vn 0.0019 0.6378 0.7702
vn 0.3161 0.9485 0.0216
vn -0.0007 -1.0000 -0.0000
vn -0.0022 -0.7706 0.6373
vn -0.0029 1.0000 -0.0000
vn -0.0009 0.9539 0.3002
vn 0.1624 -0.7888 0.5928
vn -0.1958 -0.9806 -0.0000
vn -0.0018 -1.0000 -0.0000
vn -0.3373 -0.9411 0.0243
vn -0.4656 -0.8849 -0.0140
vn -0.5374 -0.8402 0.0721
vn -0.6386 -0.6388 0.4291
vn -0.6536 -0.7568 -0.0000
vn -0.8714 -0.4880 0.0509
vn -0.9285 -0.3714 -0.0000
vn -0.8210 -0.5710 -0.0000
vn -0.9445 -0.3285 0.0094
vn -0.0301 -0.0519 0.9982
vn 0.5743 -0.8186 -0.0000
vn -0.8407 -0.5415 -0.0000
vn 0.0822 -0.0294 0.9962
vn 0.9890 -0.1467 -0.0185
vn 0.0811 0.3149 0.9457
vn 0.9390 -0.3427 0.0283
vn 0.5547 -0.8321 -0.0000
vn 0.6059 -0.6695 0.4298
vn 0.5028 -0.8613 0.0731
vn 0.7433 -0.6690 -0.0000
vn 0.8523 -0.5187 0.0676
vn 0.8872 -0.4614 -0.0000
vn 0.3397 -0.9405 -0.0000
vn 0.0128 -0.9999 -0.0000
vn 0.2238 -0.9743 0.0238
vn 0.0028 -0.7677 0.6408
vn 0.2259 -0.9739 0.0239
vn 0.3375 -0.9413 -0.0000
vn -0.3927 0.7287 0.5610
vn -0.2170 0.9759 0.0223
vn -0.3162 0.9487 -0.0000
vn -0.5381 0.8429 -0.0000
vn -0.5815 0.6733 0.4566
vn -0.3922 0.7290 0.5610
vn -0.5390 0.8423 -0.0000
vn -0.5702 0.3963 0.7196
vn -0.7071 0.7071 -0.0000
vn -0.8725 0.4886 -0.0000
vn -0.5547 0.8320 -0.0000
vn 0.9542 0.2993 -0.0000
vn -0.2807 0.0582 0.9580
vn -0.4442 0.0663 0.8935
vn 1.0000 -0.0000 -0.0000
vn 0.9626 0.2681 0.0387
vn 0.9811 0.1922 0.0244
vn 0.9548 0.2972 -0.0000
vn 0.7567 -0.0000 0.6538
vn 0.0461 0.0598 0.9971
vn 0.8600 0.5103 -0.0000
vn 0.7549 0.2671 0.5990
vn 0.5467 0.4922 0.6774
vn 0.6707 0.7417 -0.0000
vn 0.5039 0.8638 -0.0000
vn 0.5530 0.8302 0.0703
vn 0.6717 0.7408 0.0001
vn 0.5472 0.4926 0.6767
vn 0.3385 0.9407 0.0240
vn 0.2249 0.9744 -0.0000
vn 0.0105 0.8170 0.5766
vn 0.0035 1.0000 -0.0000
vn -0.0035 -1.0000 -0.0000
vn -0.0094 -0.7283 0.6852
vn -0.3161 -0.9485 0.0216
vn -0.4741 -0.8805 -0.0000
vn -0.2170 -0.9762 -0.0000
vn -0.6351 -0.6351 0.4397
vn -0.8703 -0.4885 0.0633
vn -0.8203 -0.5719 -0.0000
vn -0.8712 -0.4869 0.0632
vn -0.9409 -0.3387 -0.0000
vn -0.8215 -0.5702 0.0001
vn -0.9674 -0.2524 0.0183
vn -0.9999 -0.0113 -0.0000
vn -0.7048 0.0081 0.7093
vn -1.0000 0.0030 -0.0000
vn -0.0030 0.8366 0.5479
vn -0.0128 0.9999 -0.0000
vn -0.9408 0.3386 0.0163
vn -0.9676 0.2524 -0.0000
vn -0.4732 0.8780 0.0726
vn -0.2180 0.9757 0.0221
vn -0.3164 0.9486 -0.0000
vn -0.2160 0.9761 0.0221
vn -0.3152 0.9490 0.0001
vn -0.8194 0.5696 0.0646
vn -0.3733 0.4320 0.8210
vn 0.4732 -0.8780 -0.0726
vn 0.5900 -0.6833 -0.4301
vn 0.9408 -0.3386 -0.0163
vn 0.5901 -0.6832 -0.4301
vn 0.8193 -0.5697 -0.0648
vn 0.2169 -0.9759 -0.0223
vn 0.0008 -0.7808 -0.6248
vn 0.7611 -0.0086 -0.6486
vn 0.8818 0.0026 -0.4716
vn 0.9675 0.2523 -0.0183
vn 0.8702 0.4886 -0.0633
vn 0.4468 0.6984 -0.5591
vn 0.8712 0.4869 -0.0632
vn 0.8215 0.5702 -0.0000
vn 0.0019 0.6378 -0.7702
vn 0.3161 0.9485 -0.0216
vn -0.0022 -0.7706 -0.6373
vn -0.0008 0.9539 -0.3001
vn -0.0021 -0.7706 -0.6373
vn -0.3161 -0.9485 -0.0216
vn -0.5373 -0.8403 -0.0722
vn -0.6386 -0.6388 -0.4291
vn -0.8714 -0.4880 -0.0509
vn -0.9445 -0.3285 -0.0094
vn -0.0298 -0.0519 -0.9982
vn -0.8406 -0.5417 -0.0000
vn 0.5744 -0.8186 -0.0000
vn 0.0822 -0.0294 -0.9962
vn 0.9852 -0.1714 -0.0000
vn 0.9524 -0.3038 -0.0241
vn 0.0811 -0.0294 -0.9963
vn 0.5028 -0.8613 -0.0730
vn 0.6058 -0.6695 -0.4298
vn 0.8523 -0.5187 -0.0676
vn 0.8872 -0.4613 -0.0000
vn 0.0029 -0.7674 -0.6412
vn 0.2238 -0.9743 -0.0238
vn 0.2259 -0.9739 -0.0238
vn -0.3924 0.7288 -0.5611
vn -0.2170 0.9759 -0.0223
vn -0.5381 0.8429 -0.0001
vn -0.5815 0.6731 -0.4569
vn -0.3923 0.7289 -0.5611
vn -0.5701 0.3963 -0.7197
vn 0.0477 0.0582 -0.9972
vn -0.1203 0.0663 -0.9905
vn 0.9848 0.1712 -0.0275
vn 0.9525 0.3045 -0.0000
vn 0.9548 0.2818 -0.0943
vn 0.0460 -0.1589 -0.9862
vn 0.7566 -0.1051 -0.6454
vn 0.6973 0.3627 -0.6183
vn 0.8542 0.5199 -0.0000
vn 0.5467 0.4922 -0.6774
vn 0.6708 0.7416 -0.0001
vn 0.5530 0.8302 -0.0703
vn 0.6718 0.7407 -0.0000
vn 0.5471 0.4927 -0.6767
vn 0.3385 0.9407 -0.0240
vn 0.0105 0.8170 -0.5766
vn -0.0095 -0.7282 -0.6853
vn -0.6351 -0.6351 -0.4397
vn -0.8702 -0.4886 -0.0633
vn -0.8712 -0.4869 -0.0631
vn -0.8216 -0.5700 -0.0000
vn -0.9674 -0.2524 -0.0183
vn -0.9123 -0.0027 -0.4095
vn -0.7046 0.0082 -0.7095
vn -0.0030 0.8366 -0.5479
vn -0.9408 0.3386 -0.0163
vn -0.4733 0.8779 -0.0725
vn -0.3168 0.9485 -0.0000
vn -0.2180 0.9757 -0.0221
vn -0.2158 0.9762 -0.0220
vn -0.3152 0.9490 -0.0000
vn -0.8194 0.5696 -0.0646
vn -0.3733 0.4320 -0.8210
vn 0.7873 -0.5841 -0.1976
vn 0.2706 -0.0957 -0.9579
vn 0.8967 -0.0014 0.4427
vn 0.5900 -0.6834 0.4300
vn -0.0020 -0.8853 0.4651
vn 0.4907 -0.8512 -0.1864
vn 0.0007 -0.1488 0.9889
vn 0.0288 -0.3629 -0.9314
vn 0.2475 -0.1126 0.9623
vn 0.2028 -0.2148 0.9554
vn 0.1662 -0.3473 0.9229
vn -0.0007 -0.1523 0.9883
vn -0.0003 -0.8796 0.4758
vn -0.5538 -0.8120 -0.1840
vn -0.1439 -0.3307 -0.9327
vn -0.1924 -0.3254 0.9258
vn -0.2169 -0.1941 0.9567
vn -0.2510 -0.0982 0.9630
vn -0.2267 -0.0034 0.9740
vn 0.5734 -0.7104 0.4082
vn 0.0027 -0.7692 0.6390
vn 0.0383 -0.0735 0.9966
vn 0.5025 -0.8615 0.0728
vn 0.0036 -0.1613 0.9869
vn 0.2248 -0.9741 0.0232
vn 0.2089 -0.1870 0.9599
vn 0.2680 -0.1006 0.9582
vn -0.1192 0.0670 0.9906
vn -0.2107 0.0032 0.9776
vn -0.1360 0.2608 0.9558
vn -0.5813 0.6735 0.4566
vn 0.0007 -0.1488 -0.9889
vn 0.0554 -0.7487 0.6606
vn 0.2027 -0.2148 -0.9554
vn 0.2475 -0.1126 -0.9623
vn 0.1659 -0.3472 -0.9230
vn 0.0919 0.0688 -0.9934
vn 0.1539 0.2257 -0.9620
vn 0.0016 0.3594 -0.9332
vn -0.0022 -0.7721 -0.6355
vn -0.0007 -0.1523 -0.9883
vn -0.0005 0.0973 -0.9953
vn -0.3165 -0.9484 -0.0209
vn -0.5376 -0.8401 -0.0718
vn -0.1924 -0.3254 -0.9258
vn -0.2169 -0.1941 -0.9567
vn -0.2510 -0.0982 -0.9630
vn -0.2267 -0.0033 -0.9740
vn 0.5734 -0.8193 -0.0000
vn 0.5028 -0.8613 -0.0728
vn 0.2248 -0.9741 -0.0232
vn 0.2089 -0.1869 -0.9599
vn 0.2678 -0.1004 -0.9582
vn -0.1192 0.0670 -0.9906
vn -0.2108 0.0032 -0.9775
vn -0.1359 0.2606 -0.9558
vn -0.5815 0.6733 -0.4566
vt 0.215551 0.139185
vt 0.220624 0.133366
vt 0.184470 0.133366
vt 0.575369 0.859468
vt 0.575596 0.863890
vt 0.568553 0.864467
vt 0.894292 0.495535
vt 0.894290 0.495583
vt 0.894230 0.495581
vt 0.568398 0.860084
vt 0.894233 0.495533
vt 0.894286 0.495462
vt 0.561335 0.864694
vt 0.561302 0.860288
vt 0.574832 0.855849
vt 0.567781 0.856529
vt 0.150322 0.333147
vt 0.145743 0.328247
vt 0.147638 0.327125
vt 0.149269 0.334404
vt 0.147537 0.335457
vt 0.144005 0.329296
vt 0.574141 0.853055
vt 0.567981 0.854975
vt 0.146503 0.336761
vt 0.142521 0.329904
vt 0.144812 0.321063
vt 0.146746 0.321033
vt 0.894288 0.495622
vt 0.894228 0.495620
vt 0.561380 0.856803
vt 0.141141 0.322130
vt 0.143083 0.322102
vt 0.152808 0.340500
vt 0.151879 0.342762
vt 0.757856 0.938871
vt 0.755106 0.938864
vt 0.755166 0.948109
vt 0.153658 0.338442
vt 0.154591 0.336198
vt 0.751438 0.938855
vt 0.751498 0.948100
vt 0.758012 0.947672
vt 0.755201 0.929689
vt 0.159738 0.342515
vt 0.158851 0.344799
vt 0.751533 0.929680
vt 0.758012 0.930207
vt 0.159735 0.340467
vt 0.159761 0.338180
vt 0.894140 0.490667
vt 0.894202 0.490621
vt 0.894201 0.490669
vt 0.894140 0.490619
vt 0.894199 0.490584
vt 0.894139 0.490581
vt 0.894251 0.490626
vt 0.894336 0.495458
vt 0.894342 0.495532
vt 0.894197 0.490740
vt 0.894248 0.490673
vt 0.894251 0.490745
vt 0.894340 0.495580
vt 0.894348 0.495620
vt 0.894255 0.490587
vt 0.891473 0.495437
vt 0.893069 0.495365
vt 0.893294 0.495437
vt 0.891874 0.495365
vt 0.993837 0.510669
vt 0.983771 0.510669
vt 0.983771 0.503940
vt 0.993837 0.503940
vt 0.154257 0.580693
vt 0.134347 0.725117
vt 0.154257 0.707704
vt 0.140920 0.194852
vt 0.142854 0.195904
vt 0.144587 0.195915
vt 0.453236 0.859593
vt 0.453165 0.863996
vt 0.453183 0.856110
vt 0.146517 0.195944
vt 0.893020 0.495520
vt 0.893022 0.495482
vt 0.891874 0.495317
vt 0.893069 0.495317
vt 0.159450 0.723068
vt 0.155988 0.715898
vt 0.135212 0.732286
vt 0.138675 0.741505
vt 0.446136 0.859281
vt 0.145524 0.188771
vt 0.147411 0.189879
vt 0.142663 0.186586
vt 0.445958 0.863662
vt 0.143804 0.187740
vt 0.445949 0.855815
vt 0.438940 0.863060
vt 0.439229 0.858698
vt 0.438905 0.855257
vt 0.146242 0.179409
vt 0.147256 0.181620
vt 0.893128 0.495317
vt 0.893128 0.495365
vt 0.896547 0.500107
vt 0.896611 0.500037
vt 0.896553 0.500031
vt 0.896650 0.500041
vt 0.896654 0.499976
vt 0.896605 0.500103
vt 0.021250 0.049850
vt 0.015779 0.054993
vt 0.020853 0.055491
vt 0.886446 0.495127
vt 0.896643 0.500107
vt 0.896615 0.499974
vt 0.896672 0.500118
vt 0.896682 0.500043
vt 0.148984 0.182644
vt 0.150046 0.183874
vt 0.892961 0.495513
vt 0.892963 0.495474
vt 0.936319 0.609602
vt 0.936319 0.628031
vt 0.930567 0.626953
vt 0.896655 0.499902
vt 0.886446 0.495126
vt 0.430957 0.862047
vt 0.431358 0.857703
vt 0.423583 0.860805
vt 0.424043 0.856436
vt 0.896684 0.499972
vt 0.151490 0.174265
vt 0.152447 0.176513
vt 0.153307 0.178560
vt 0.154304 0.179862
vt 0.159378 0.175522
vt 0.159417 0.177805
vt 0.896686 0.499901
vt 0.159380 0.173474
vt 0.158482 0.171193
vt 0.432110 0.854376
vt 0.424730 0.853055
vt 0.143869 0.748675
vt 0.165510 0.729214
vt 0.172435 0.732286
vt 0.150794 0.754820
vt 0.166375 0.759942
vt 0.158585 0.758917
vt 0.738822 0.344811
vt 0.058623 0.720175
vt 0.062363 0.720170
vt 0.057929 0.036547
vt 0.065325 0.720166
vt 0.061666 0.036611
vt 0.064619 0.036521
vt 0.738791 0.342516
vt 0.887627 0.490654
vt 0.738788 0.340469
vt 0.738753 0.338186
vt 0.887628 0.490692
vt 0.887628 0.490740
vt 0.965043 0.450329
vt 0.870782 0.410222
vt 0.870770 0.410222
vt 0.887605 0.417298
vt 0.887605 0.417281
vt 0.870785 0.410224
vt 0.870785 0.410211
vt 0.877636 0.412515
vt 0.877644 0.412537
vt 0.872173 0.412515
vt 0.758011 0.416005
vt 0.172578 0.416117
vt 0.172576 0.412818
vt 0.758012 0.420353
vt 0.758009 0.412706
vt 0.872173 0.412537
vt 0.172578 0.420466
vt 0.872050 0.407245
vt 0.877570 0.406984
vt 0.871993 0.406984
vt 0.877512 0.407245
vt 0.848981 0.460226
vt 0.956026 0.495974
vt 0.956078 0.495974
vt 0.956061 0.495967
vt 0.956042 0.495968
vt 0.744840 0.340453
vt 0.745794 0.342703
vt 0.064784 0.028018
vt 0.061955 0.027895
vt 0.058191 0.027761
vt 0.743976 0.338408
vt 0.750042 0.335354
vt 0.751118 0.336600
vt 0.065325 0.019397
vt 0.062219 0.019048
vt 0.693098 0.873424
vt 0.693098 0.869544
vt 0.685703 0.869544
vt 0.058455 0.018914
vt 0.848981 0.460227
vt 0.743027 0.336186
vt 0.748312 0.334328
vt 0.851241 0.461906
vt 0.851251 0.461930
vt 0.851206 0.461963
vt 0.851194 0.461950
vt 0.785316 0.540746
vt 0.790511 0.557134
vt 0.788779 0.549965
vt 0.780123 0.533576
vt 0.583813 0.330262
vt 0.591290 0.325412
vt 0.591290 0.330262
vt 0.583813 0.325412
vt 0.598458 0.325412
vt 0.848949 0.460206
vt 0.848949 0.460205
vt 0.848948 0.460206
vt 0.848948 0.460205
vt 0.954754 0.496475
vt 0.954729 0.496491
vt 0.954729 0.496475
vt 0.751770 0.328190
vt 0.753500 0.329215
vt 0.851169 0.462029
vt 0.851157 0.462016
vt 0.750645 0.327038
vt 0.751584 0.320992
vt 0.753515 0.321027
vt 0.755443 0.329327
vt 0.755247 0.322053
vt 0.757190 0.322086
vt 0.458807 0.008662
vt 0.459612 0.005313
vt 0.465904 0.005888
vt 0.465940 0.009214
vt 0.451520 0.006744
vt 0.452325 0.003395
vt 0.802629 0.533576
vt 0.798302 0.540746
vt 0.794839 0.557134
vt 0.794839 0.549965
vt 0.992661 0.985305
vt 0.993722 0.987710
vt 0.997775 0.979002
vt 0.983439 0.112997
vt 0.978976 0.122223
vt 0.982710 0.122144
vt 0.979704 0.113076
vt 0.996469 0.978693
vt 0.999589 0.969855
vt 0.997494 0.969826
vt 0.994421 0.977482
vt 0.995405 0.969797
vt 0.983977 0.121933
vt 0.982514 0.130606
vt 0.978893 0.130498
vt 0.610655 0.355640
vt 0.610647 0.360010
vt 0.603238 0.359217
vt 0.986977 0.991788
vt 0.979529 0.991613
vt 0.979576 0.994057
vt 0.603247 0.354847
vt 0.595316 0.357651
vt 0.596533 0.353540
vt 0.985964 0.989398
vt 0.979516 0.989428
vt 0.988047 0.993213
vt 0.980545 0.996491
vt 0.985053 0.987212
vt 0.990653 0.984023
vt 0.989737 0.982914
vt 0.992572 0.976366
vt 0.993540 0.969788
vt 0.848952 0.460223
vt 0.848950 0.460223
vt 0.848948 0.460201
vt 0.848949 0.460201
vt 0.753330 0.195907
vt 0.751399 0.195950
vt 0.755063 0.195900
vt 0.848969 0.460202
vt 0.848973 0.460202
vt 0.954353 0.496491
vt 0.954353 0.496475
vt 0.573408 0.007500
vt 0.573372 0.004174
vt 0.756991 0.194838
vt 0.858751 0.455007
vt 0.858765 0.455945
vt 0.858765 0.455007
vt 0.858751 0.455945
vt 0.979553 0.257761
vt 0.975943 0.257653
vt 0.860021 0.457669
vt 0.860151 0.456737
vt 0.860021 0.456800
vt 0.858779 0.455944
vt 0.858780 0.455007
vt 0.225716 0.187390
vt 0.330587 0.187455
vt 0.337486 0.193636
vt 0.221458 0.187414
vt 0.218885 0.193559
vt 0.330616 0.183200
vt 0.858792 0.455944
vt 0.858792 0.455007
vt 0.848949 0.460200
vt 0.848948 0.460200
vt 0.753302 0.187714
vt 0.748101 0.182619
vt 0.749828 0.181589
vt 0.751573 0.188744
vt 0.750455 0.189903
vt 0.747045 0.183856
vt 0.580490 0.003395
vt 0.580526 0.006721
vt 0.954189 0.496943
vt 0.954199 0.496964
vt 0.954195 0.496968
vt 0.954204 0.495109
vt 0.954228 0.495124
vt 0.954228 0.495109
vt 0.755206 0.186589
vt 0.954204 0.495124
vt 0.954196 0.496943
vt 0.742005 0.717679
vt 0.733606 0.714406
vt 0.734161 0.717730
vt 0.954256 0.495124
vt 0.954256 0.495108
vt 0.741450 0.714355
vt 0.750836 0.179373
vt 0.851243 0.463629
vt 0.851254 0.463615
vt 0.851300 0.463637
vt 0.743770 0.178549
vt 0.738510 0.177822
vt 0.738550 0.175538
vt 0.744622 0.176499
vt 0.745575 0.174248
vt 0.851197 0.463585
vt 0.851208 0.463572
vt 0.726686 0.714355
vt 0.165573 0.416005
vt 0.725965 0.717676
vt 0.165573 0.420353
vt 0.738543 0.173490
vt 0.954284 0.495124
vt 0.954284 0.495109
vt 0.738576 0.171193
vt 0.165571 0.412706
vt 0.788779 0.725117
vt 0.785316 0.741505
vt 0.788779 0.732286
vt 0.773198 0.754820
vt 0.757615 0.759942
vt 0.765407 0.758917
vt 0.794839 0.725117
vt 0.794839 0.732286
vt 0.798302 0.741505
vt 0.859992 0.456688
vt 0.860128 0.456569
vt 0.859950 0.456653
vt 0.860015 0.456744
vt 0.860151 0.456681
vt 0.334927 0.187501
vt 0.337504 0.189569
vt 0.858788 0.455995
vt 0.858867 0.459871
vt 0.858889 0.459820
vt 0.858878 0.459823
vt 0.858774 0.455997
vt 0.975760 0.265880
vt 0.979455 0.266177
vt 0.858762 0.456006
vt 0.976071 0.274957
vt 0.979815 0.274293
vt 0.858802 0.456045
vt 0.858886 0.459765
vt 0.858876 0.459767
vt 0.858799 0.455987
vt 0.858814 0.456036
vt 0.858819 0.456021
vt 0.858878 0.459715
vt 0.858868 0.459716
vt 0.981023 0.281600
vt 0.977761 0.283523
vt 0.980728 0.291465
vt 0.983977 0.289522
vt 0.955218 0.023763
vt 0.955218 0.033463
vt 0.951931 0.031038
vt 0.858842 0.456076
vt 0.858886 0.456098
vt 0.858890 0.456081
vt 0.858858 0.459661
vt 0.860098 0.456520
vt 0.860051 0.456478
vt 0.859950 0.456443
vt 0.859903 0.456632
vt 0.860003 0.456450
vt 0.717723 0.360330
vt 0.866712 0.992736
vt 0.866681 0.995146
vt 0.866649 0.997575
vt 0.717731 0.355960
vt 0.866703 0.990591
vt 0.537202 0.319628
vt 0.535474 0.321663
vt 0.534615 0.317581
vt 0.538071 0.317594
vt 0.532914 0.326908
vt 0.527703 0.323716
vt 0.532026 0.322693
vt 0.527718 0.327938
vt 0.536412 0.324887
vt 0.943731 0.522308
vt 0.959313 0.527430
vt 0.951522 0.523333
vt 0.966238 0.533576
vt 0.975760 0.557134
vt 0.971432 0.540746
vt 0.974894 0.549965
vt 0.882087 0.089891
vt 0.882867 0.085567
vt 0.889450 0.086268
vt 0.889897 0.090689
vt 0.725144 0.355211
vt 0.725135 0.359580
vt 0.724519 0.353540
vt 0.861358 0.990601
vt 0.860329 0.992883
vt 0.862254 0.988533
vt 0.858006 0.984374
vt 0.857129 0.985348
vt 0.855226 0.986414
vt 0.859200 0.994114
vt 0.854111 0.988569
vt 0.937671 0.555085
vt 0.944597 0.558159
vt 0.216240 0.320555
vt 0.218828 0.318510
vt 0.217967 0.322592
vt 0.212628 0.318566
vt 0.215371 0.318521
vt 0.220526 0.327838
vt 0.225739 0.324650
vt 0.225723 0.328872
vt 0.221416 0.323624
vt 0.217027 0.325815
vt 0.855727 0.978317
vt 0.854019 0.979170
vt 0.852105 0.980080
vt 0.897048 0.084869
vt 0.897493 0.086141
vt 0.897940 0.090561
vt 0.850917 0.979997
vt 0.851854 0.972135
vt 0.850036 0.971907
vt 0.853663 0.972338
vt 0.904647 0.085567
vt 0.905095 0.089987
vt 0.854466 0.972431
vt 0.954119 0.572498
vt 0.955850 0.580693
vt 0.950656 0.564304
vt 0.337427 0.318582
vt 0.416062 0.317606
vt 0.422965 0.323741
vt 0.422935 0.327964
vt 0.330521 0.324713
vt 0.330550 0.328936
vt 0.862605 0.855448
vt 0.859382 0.854779
vt 0.846754 0.971411
vt 0.859050 0.457669
vt 0.858914 0.456681
vt 0.858914 0.457830
vt 0.859050 0.456800
vt 0.340058 0.193644
vt 0.343581 0.318675
vt 0.340010 0.318604
vt 0.343605 0.193627
vt 0.851819 0.489336
vt 0.851786 0.487717
vt 0.851818 0.487717
vt 0.346353 0.318753
vt 0.851854 0.489335
vt 0.845933 0.485303
vt 0.845905 0.486925
vt 0.845931 0.486928
vt 0.860195 0.461142
vt 0.859462 0.461140
vt 0.859462 0.461171
vt 0.788414 0.072881
vt 0.895630 0.068729
vt 0.788428 0.068380
vt 0.859133 0.456443
vt 0.859174 0.456632
vt 0.417751 0.326886
vt 0.418654 0.322697
vt 0.416076 0.321671
vt 0.414353 0.319649
vt 0.413480 0.317627
vt 0.334833 0.323670
vt 0.335735 0.327858
vt 0.339136 0.320625
vt 0.337412 0.322646
vt 0.864349 0.848248
vt 0.861232 0.847225
vt 0.867005 0.841681
vt 0.859658 0.455884
vt 0.859624 0.455916
vt 0.859632 0.455923
vt 0.859650 0.455877
vt 0.864206 0.839526
vt 0.870831 0.835918
vt 0.902615 0.072881
vt 0.902629 0.068380
vt 0.868526 0.833059
vt 0.895616 0.073230
vt 0.859062 0.456744
vt 0.859086 0.456688
vt 0.858943 0.456569
vt 0.858920 0.456632
vt 0.959313 0.754820
vt 0.943731 0.759942
vt 0.951522 0.758917
vt 0.859127 0.456653
vt 0.858979 0.456520
vt 0.859026 0.456478
vt 0.138674 0.540746
vt 0.134347 0.557134
vt 0.135212 0.549965
vt 0.143869 0.533576
vt 0.166375 0.522308
vt 0.150794 0.527430
vt 0.922459 0.487000
vt 0.922036 0.486921
vt 0.922528 0.486921
vt 0.886414 0.495066
vt 0.886413 0.495067
vt 0.886414 0.495067
vt 0.886414 0.495065
vt 0.886412 0.495000
vt 0.886413 0.495000
vt 0.886413 0.494999
vt 0.886412 0.494999
vt 0.886414 0.495000
vt 0.886415 0.495065
vt 0.886415 0.495066
vt 0.886413 0.495001
vt 0.886414 0.495001
vt 0.886415 0.495067
vt 0.886414 0.494999
vt 0.886376 0.495065
vt 0.886401 0.495065
vt 0.886398 0.495064
vt 0.886381 0.495064
vt 0.993837 0.403007
vt 0.983771 0.409736
vt 0.983771 0.403007
vt 0.993837 0.409736
vt 0.921497 0.489472
vt 0.921524 0.489472
vt 0.921520 0.487771
vt 0.886397 0.495066
vt 0.886381 0.495063
vt 0.886398 0.495063
vt 0.886445 0.495128
vt 0.886445 0.495127
vt 0.886446 0.495128
vt 0.886447 0.495128
vt 0.886447 0.495129
vt 0.921533 0.487689
vt 0.921568 0.487607
vt 0.921554 0.487590
vt 0.886396 0.495065
vt 0.886396 0.495066
vt 0.919743 0.485855
vt 0.919694 0.485941
vt 0.919696 0.485852
vt 0.015642 0.061351
vt 0.012179 0.061317
vt 0.886447 0.495127
vt 0.886447 0.495126
vt 0.894996 0.496762
vt 0.888481 0.496762
vt 0.894995 0.496788
vt 0.888482 0.496788
vt 0.849622 0.460265
vt 0.849693 0.460265
vt 0.849693 0.460264
vt 0.021775 0.745315
vt 0.018300 0.745359
vt 0.869998 0.409892
vt 0.870029 0.409892
vt 0.964992 0.449871
vt 0.964993 0.449913
vt 0.964992 0.449913
vt 0.869998 0.409891
vt 0.896587 0.492207
vt 0.870029 0.409891
vt 0.871989 0.410228
vt 0.877511 0.410258
vt 0.877511 0.410227
vt 0.871989 0.410259
vt 0.747255 0.333094
vt 0.598458 0.330262
vt 0.824271 0.522308
vt 0.831196 0.555085
vt 0.824271 0.558159
vt 0.925638 0.425580
vt 0.925682 0.425533
vt 0.925656 0.425590
vt 0.931998 0.425809
vt 0.931994 0.425751
vt 0.931978 0.425796
vt 0.931970 0.425751
vt 0.931962 0.425786
vt 0.931961 0.425856
vt 0.926759 0.420050
vt 0.926705 0.420074
vt 0.926761 0.420070
vt 0.932016 0.425755
vt 0.926710 0.420052
vt 0.925664 0.425523
vt 0.933438 0.421663
vt 0.933501 0.421639
vt 0.933509 0.421701
vt 0.926760 0.420148
vt 0.926711 0.420152
vt 0.933393 0.421661
vt 0.933396 0.421710
vt 0.933377 0.421709
vt 0.933378 0.421656
vt 0.933416 0.421666
vt 0.926718 0.420226
vt 0.926761 0.420202
vt 0.926716 0.420206
vt 0.926760 0.420175
vt 0.926713 0.420178
vt 0.925234 0.418828
vt 0.925282 0.418809
vt 0.925285 0.418836
vt 0.925697 0.425467
vt 0.925679 0.425466
vt 0.931932 0.425813
vt 0.931902 0.425860
vt 0.931948 0.425833
vt 0.925640 0.425516
vt 0.925656 0.425458
vt 0.933444 0.421713
vt 0.933512 0.421769
vt 0.933447 0.421766
vt 0.925482 0.423118
vt 0.925481 0.423118
vt 0.925684 0.425404
vt 0.925661 0.425404
vt 0.933513 0.421832
vt 0.933448 0.421822
vt 0.225709 0.183170
vt 0.220527 0.184213
vt 0.931902 0.425832
vt 0.931857 0.425841
vt 0.931857 0.425869
vt 0.925702 0.425404
vt 0.218015 0.189488
vt 0.217050 0.186297
vt 0.215441 0.193552
vt 0.216306 0.191528
vt 0.213636 0.189430
vt 0.931946 0.425750
vt 0.933399 0.421761
vt 0.933382 0.421765
vt 0.933420 0.421715
vt 0.933423 0.421768
vt 0.933424 0.421814
vt 0.933401 0.421814
vt 0.933384 0.421815
vt 0.848964 0.460190
vt 0.848968 0.460190
vt 0.997496 0.832732
vt 0.999589 0.832732
vt 0.813883 0.580693
vt 0.813883 0.707704
vt 0.794839 0.716922
vt 0.995428 0.832809
vt 0.925700 0.424323
vt 0.859203 0.458756
vt 0.859203 0.458748
vt 0.859203 0.458748
vt 0.859203 0.458755
vt 0.925681 0.424323
vt 0.330639 0.179922
vt 0.225695 0.179922
vt 0.933425 0.422928
vt 0.859203 0.458748
vt 0.859204 0.458756
vt 0.859204 0.458748
vt 0.859204 0.458748
vt 0.859204 0.458756
vt 0.859203 0.458756
vt 0.993593 0.832853
vt 0.933402 0.422928
vt 0.956657 0.496657
vt 0.956645 0.496676
vt 0.956648 0.496653
vt 0.956633 0.496674
vt 0.956659 0.496631
vt 0.848969 0.460190
vt 0.848975 0.460217
vt 0.848974 0.460217
vt 0.956654 0.496679
vt 0.956652 0.496698
vt 0.956643 0.496695
vt 0.742771 0.179850
vt 0.956631 0.496693
vt 0.954282 0.495135
vt 0.954258 0.495135
vt 0.814749 0.715898
vt 0.335873 0.184275
vt 0.336845 0.181000
vt 0.859256 0.458738
vt 0.859256 0.458739
vt 0.859256 0.458738
vt 0.859257 0.458739
vt 0.859257 0.458738
vt 0.859257 0.458739
vt 0.859257 0.458739
vt 0.859256 0.458739
vt 0.863291 0.460380
vt 0.863254 0.460381
vt 0.863284 0.460403
vt 0.859221 0.458728
vt 0.859221 0.458728
vt 0.859221 0.458728
vt 0.859203 0.458748
vt 0.859203 0.458748
vt 0.859203 0.458747
vt 0.859203 0.458747
vt 0.339343 0.186419
vt 0.863267 0.460366
vt 0.339209 0.191617
vt 0.341904 0.189540
vt 0.863280 0.460344
vt 0.863250 0.460344
vt 0.863231 0.460352
vt 0.859221 0.458728
vt 0.859221 0.458728
vt 0.859257 0.458740
vt 0.859257 0.458740
vt 0.859221 0.458729
vt 0.859222 0.458729
vt 0.859249 0.458748
vt 0.859249 0.458747
vt 0.859249 0.458747
vt 0.346331 0.193595
vt 0.863219 0.460317
vt 0.859249 0.458748
vt 0.859249 0.458748
vt 0.859249 0.458747
vt 0.859203 0.458747
vt 0.859203 0.458747
vt 0.982586 0.258758
vt 0.980963 0.265732
vt 0.996247 0.825134
vt 0.997914 0.823829
vt 0.994233 0.825370
vt 0.859204 0.458748
vt 0.992120 0.818028
vt 0.981285 0.273970
vt 0.859203 0.458748
vt 0.859204 0.458748
vt 0.859204 0.458747
vt 0.859203 0.458747
vt 0.859204 0.458747
vt 0.859204 0.458747
vt 0.859204 0.458747
vt 0.858846 0.456060
vt 0.858851 0.456045
vt 0.859204 0.458747
vt 0.859249 0.458748
vt 0.859249 0.458747
vt 0.859249 0.458747
vt 0.858888 0.456066
vt 0.858886 0.456053
vt 0.859249 0.458748
vt 0.859250 0.458747
vt 0.859250 0.458748
vt 0.802629 0.748675
vt 0.824271 0.759942
vt 0.809555 0.754820
vt 0.816480 0.758917
vt 0.931971 0.424660
vt 0.931995 0.424660
vt 0.927694 0.420053
vt 0.927692 0.420073
vt 0.927695 0.420149
vt 0.927697 0.420028
vt 0.926759 0.420024
vt 0.931947 0.424660
vt 0.931917 0.424660
vt 0.931916 0.425750
vt 0.927692 0.420228
vt 0.927694 0.420203
vt 0.927694 0.420176
vt 0.926761 0.420228
vt 0.966601 0.476552
vt 0.966649 0.476554
vt 0.966645 0.476529
vt 0.966602 0.476527
vt 0.964750 0.479982
vt 0.964749 0.479982
vt 0.703189 0.844496
vt 0.697696 0.846420
vt 0.702987 0.846747
vt 0.966602 0.476570
vt 0.697466 0.849477
vt 0.702622 0.849663
vt 0.209868 0.318601
vt 0.213538 0.322691
vt 0.211621 0.323858
vt 0.697507 0.844223
vt 0.927737 0.420150
vt 0.927742 0.420075
vt 0.927785 0.420153
vt 0.927790 0.420080
vt 0.927731 0.420206
vt 0.927728 0.420224
vt 0.927736 0.420178
vt 0.927772 0.420207
vt 0.927779 0.420180
vt 0.927770 0.420227
vt 0.970482 0.480722
vt 0.970439 0.480724
vt 0.970468 0.480740
vt 0.970511 0.480756
vt 0.970492 0.480699
vt 0.970448 0.480675
vt 0.970440 0.480698
vt 0.970398 0.480716
vt 0.970398 0.480690
vt 0.970398 0.480666
vt 0.964749 0.479981
vt 0.927815 0.420229
vt 0.927814 0.420211
vt 0.927858 0.420217
vt 0.927858 0.420235
vt 0.858950 0.458353
vt 0.858956 0.458353
vt 0.858956 0.458352
vt 0.858950 0.458353
vt 0.858956 0.458353
vt 0.858950 0.458353
vt 0.858989 0.458358
vt 0.964747 0.479958
vt 0.964740 0.479958
vt 0.858989 0.458358
vt 0.964747 0.479957
vt 0.964740 0.479957
vt 0.964747 0.479956
vt 0.964740 0.479956
vt 0.859761 0.454991
vt 0.859774 0.454993
vt 0.859688 0.455789
vt 0.859676 0.455788
vt 0.859744 0.454989
vt 0.859664 0.455787
vt 0.859653 0.455786
vt 0.859749 0.454990
vt 0.866133 0.855831
vt 0.975760 0.725117
vt 0.964753 0.479364
vt 0.859249 0.458740
vt 0.964707 0.479346
vt 0.964708 0.479356
vt 0.964708 0.479346
vt 0.858989 0.458358
vt 0.858989 0.458358
vt 0.964757 0.479958
vt 0.964757 0.479950
vt 0.858989 0.458362
vt 0.858989 0.458362
vt 0.858989 0.458362
vt 0.858989 0.458362
vt 0.964757 0.479394
vt 0.964749 0.479396
vt 0.979781 0.810378
vt 0.877414 0.833693
vt 0.877046 0.831504
vt 0.858957 0.458353
vt 0.858957 0.458352
vt 0.858957 0.458352
vt 0.969485 0.480782
vt 0.969499 0.480766
vt 0.969485 0.480740
vt 0.863280 0.459462
vt 0.863269 0.459448
vt 0.863263 0.459462
vt 0.858957 0.458353
vt 0.858957 0.458353
vt 0.858957 0.458353
vt 0.964739 0.479958
vt 0.964739 0.479957
vt 0.858957 0.458352
vt 0.858957 0.458352
vt 0.858957 0.458352
vt 0.863250 0.459433
vt 0.863238 0.459461
vt 0.858957 0.458352
vt 0.858957 0.458352
vt 0.964757 0.479949
vt 0.964758 0.479949
vt 0.964758 0.479950
vt 0.859657 0.455832
vt 0.859638 0.455872
vt 0.859631 0.455860
vt 0.859646 0.455825
vt 0.859669 0.455832
vt 0.859676 0.455839
vt 0.859697 0.455846
vt 0.859677 0.455898
vt 0.859250 0.458740
vt 0.859250 0.458740
vt 0.859249 0.458740
vt 0.859582 0.455910
vt 0.859608 0.455891
vt 0.859615 0.455903
vt 0.859584 0.455923
vt 0.859587 0.455938
vt 0.859589 0.455953
vt 0.966238 0.748675
vt 0.848947 0.460190
vt 0.848981 0.460209
vt 0.901444 0.503135
vt 0.901444 0.503074
vt 0.901450 0.503074
vt 0.901456 0.503074
vt 0.901461 0.503074
vt 0.901467 0.503074
vt 0.901473 0.503074
vt 0.901478 0.503074
vt 0.901484 0.503074
vt 0.901490 0.503074
vt 0.901496 0.503074
vt 0.901501 0.503074
vt 0.901507 0.503074
vt 0.901513 0.503074
vt 0.901519 0.503074
vt 0.901524 0.503074
vt 0.901530 0.503074
vt 0.901536 0.503074
vt 0.901536 0.503135
vt 0.901530 0.503135
vt 0.901524 0.503135
vt 0.901519 0.503135
vt 0.901513 0.503135
vt 0.901507 0.503135
vt 0.901501 0.503135
vt 0.901496 0.503135
vt 0.901490 0.503135
vt 0.901484 0.503135
vt 0.901478 0.503135
vt 0.901473 0.503135
vt 0.901467 0.503135
vt 0.901461 0.503135
vt 0.901456 0.503135
vt 0.901450 0.503135
vt 0.909467 0.419187
vt 0.909448 0.419176
vt 0.909421 0.419235
vt 0.902835 0.418948
vt 0.902856 0.418962
vt 0.902840 0.419008
vt 0.902873 0.418972
vt 0.902865 0.419009
vt 0.902874 0.418899
vt 0.908298 0.424952
vt 0.908296 0.424931
vt 0.908354 0.424927
vt 0.902817 0.419005
vt 0.908349 0.424950
vt 0.909440 0.419246
vt 0.901334 0.423271
vt 0.901260 0.423231
vt 0.901269 0.423295
vt 0.908297 0.424850
vt 0.908348 0.424846
vt 0.901381 0.423272
vt 0.901398 0.423222
vt 0.901379 0.423222
vt 0.901397 0.423278
vt 0.901357 0.423268
vt 0.908340 0.424769
vt 0.908343 0.424789
vt 0.908296 0.424793
vt 0.908296 0.424821
vt 0.908346 0.424818
vt 0.909887 0.426226
vt 0.909835 0.426218
vt 0.909837 0.426246
vt 0.909405 0.419304
vt 0.909424 0.419305
vt 0.902904 0.418943
vt 0.902888 0.418923
vt 0.902936 0.418895
vt 0.909464 0.419254
vt 0.909448 0.419313
vt 0.901329 0.423218
vt 0.901325 0.423163
vt 0.901258 0.423160
vt 0.909419 0.419370
vt 0.909443 0.419370
vt 0.901324 0.423105
vt 0.901257 0.423095
vt 0.902945 0.418954
vt 0.902936 0.418924
vt 0.902983 0.418915
vt 0.902983 0.418885
vt 0.909400 0.419370
vt 0.902913 0.418972
vt 0.902890 0.419009
vt 0.902898 0.418991
vt 0.902921 0.419009
vt 0.901393 0.423164
vt 0.901376 0.423168
vt 0.901354 0.423216
vt 0.901351 0.423161
vt 0.901349 0.423113
vt 0.901373 0.423113
vt 0.901391 0.423112
vt 0.902983 0.418953
vt 0.859368 0.458772
vt 0.859368 0.458772
vt 0.859368 0.458765
vt 0.859423 0.458747
vt 0.859423 0.458755
vt 0.859424 0.458755
vt 0.859424 0.458747
vt 0.859367 0.458772
vt 0.859368 0.458765
vt 0.859412 0.458775
vt 0.859412 0.458776
vt 0.859405 0.458776
vt 0.859405 0.458775
vt 0.859367 0.458765
vt 0.903937 0.418915
vt 0.859423 0.458747
vt 0.859423 0.458755
vt 0.859423 0.458747
vt 0.859423 0.458747
vt 0.859423 0.458755
vt 0.859423 0.458755
vt 0.903994 0.418895
vt 0.903985 0.418925
vt 0.909421 0.420497
vt 0.909402 0.420497
vt 0.909408 0.420572
vt 0.909427 0.420562
vt 0.903937 0.418885
vt 0.909445 0.420497
vt 0.909451 0.420563
vt 0.859368 0.458764
vt 0.859368 0.458764
vt 0.859367 0.458764
vt 0.859367 0.458764
vt 0.859368 0.458764
vt 0.859405 0.458775
vt 0.859405 0.458776
vt 0.859405 0.458775
vt 0.859404 0.458776
vt 0.859423 0.458755
vt 0.859424 0.458755
vt 0.859424 0.458755
vt 0.901323 0.421951
vt 0.901325 0.421893
vt 0.901257 0.421886
vt 0.901256 0.421961
vt 0.859423 0.458755
vt 0.903937 0.418954
vt 0.903976 0.418954
vt 0.859405 0.458775
vt 0.859405 0.458775
vt 0.859405 0.458775
vt 0.904000 0.418973
vt 0.904015 0.418992
vt 0.903999 0.419010
vt 0.904023 0.419010
vt 0.904040 0.418973
vt 0.859404 0.458775
vt 0.859404 0.458775
vt 0.859404 0.458775
vt 0.859367 0.458763
vt 0.859367 0.458763
vt 0.904064 0.418963
vt 0.904102 0.419008
vt 0.904080 0.419010
vt 0.908221 0.421905
vt 0.908237 0.421843
vt 0.908219 0.421845
vt 0.859404 0.458775
vt 0.904055 0.419010
vt 0.859404 0.458775
vt 0.908240 0.421910
vt 0.908310 0.421903
vt 0.908306 0.421844
vt 0.859423 0.458756
vt 0.859423 0.458756
vt 0.859423 0.458755
vt 0.859364 0.458735
vt 0.859364 0.458735
vt 0.859364 0.458735
vt 0.901349 0.421903
vt 0.901348 0.421951
vt 0.901372 0.421952
vt 0.901374 0.421905
vt 0.859423 0.458755
vt 0.859423 0.458755
vt 0.859423 0.458756
vt 0.859423 0.458755
vt 0.859423 0.458756
vt 0.859423 0.458755
vt 0.859423 0.458755
vt 0.859364 0.458736
vt 0.859364 0.458736
vt 0.859364 0.458736
vt 0.859365 0.458736
vt 0.859423 0.458756
vt 0.859364 0.458736
vt 0.859364 0.458736
vt 0.908335 0.421904
vt 0.908357 0.421844
vt 0.908332 0.421845
vt 0.859365 0.458736
vt 0.859365 0.458736
vt 0.859375 0.458755
vt 0.859375 0.458755
vt 0.859375 0.458755
vt 0.859375 0.458755
vt 0.859375 0.458755
vt 0.859365 0.458736
vt 0.902864 0.420146
vt 0.902839 0.420146
vt 0.907323 0.424949
vt 0.907325 0.424928
vt 0.907322 0.424849
vt 0.907319 0.424975
vt 0.908297 0.424979
vt 0.902889 0.420146
vt 0.902921 0.420146
vt 0.907323 0.424792
vt 0.907325 0.424766
vt 0.907323 0.424820
vt 0.908296 0.424766
vt 0.907275 0.424946
vt 0.907225 0.424972
vt 0.907219 0.424943
vt 0.907273 0.424973
vt 0.907273 0.424926
vt 0.907223 0.424921
vt 0.902873 0.420184
vt 0.902855 0.420194
vt 0.907279 0.424848
vt 0.907228 0.424845
vt 0.907284 0.424790
vt 0.907288 0.424771
vt 0.907279 0.424819
vt 0.907234 0.424816
vt 0.907242 0.424788
vt 0.907243 0.424767
vt 0.902887 0.420232
vt 0.902904 0.420212
vt 0.902936 0.420230
vt 0.902897 0.420164
vt 0.902913 0.420183
vt 0.902877 0.420258
vt 0.902936 0.420260
vt 0.902926 0.420286
vt 0.907167 0.424931
vt 0.907168 0.424910
vt 0.907113 0.424918
vt 0.907116 0.424898
vt 0.902983 0.420240
vt 0.902983 0.420269
vt 0.902982 0.420296
vt 0.907183 0.424839
vt 0.907138 0.424828
vt 0.907189 0.424811
vt 0.907198 0.424785
vt 0.907197 0.424765
vt 0.907152 0.424778
vt 0.907149 0.424804
vt 0.907152 0.424759
vt 0.859412 0.458766
vt 0.859412 0.458766
vt 0.859405 0.458766
vt 0.859405 0.458766
vt 0.859412 0.458766
vt 0.859405 0.458766
vt 0.859385 0.458756
vt 0.859385 0.458756
vt 0.859391 0.458756
vt 0.859391 0.458756
vt 0.859391 0.458756
vt 0.859385 0.458757
vt 0.859385 0.458757
vt 0.859391 0.458757
vt 0.859385 0.458757
vt 0.859391 0.458757
vt 0.859391 0.458757
vt 0.859385 0.458757
vt 0.864360 0.855645
vt 0.844606 0.486421
vt 0.844606 0.486406
vt 0.844552 0.486399
vt 0.844552 0.486384
vt 0.844553 0.486384
vt 0.859811 0.458314
vt 0.859811 0.458314
vt 0.859812 0.458314
vt 0.859811 0.458314
vt 0.844551 0.486384
vt 0.844551 0.486399
vt 0.859365 0.458736
vt 0.859371 0.458735
vt 0.863268 0.459412
vt 0.863280 0.459434
vt 0.863292 0.459398
vt 0.859405 0.458766
vt 0.859405 0.458766
vt 0.859392 0.458756
vt 0.859392 0.458756
vt 0.859405 0.458766
vt 0.859405 0.458767
vt 0.859405 0.458766
vt 0.859404 0.458766
vt 0.859392 0.458756
vt 0.859392 0.458756
vt 0.859392 0.458757
vt 0.859392 0.458756
vt 0.859404 0.458767
vt 0.863232 0.459425
vt 0.863256 0.459397
vt 0.863219 0.459461
vt 0.863216 0.459415
vt 0.859376 0.458764
vt 0.859376 0.458764
vt 0.859376 0.458763
vt 0.859376 0.458764
vt 0.859404 0.458767
vt 0.860122 0.459049
vt 0.860105 0.459043
vt 0.860102 0.459090
vt 0.908243 0.420640
vt 0.908220 0.420702
vt 0.908238 0.420705
vt 0.859376 0.458764
vt 0.859375 0.458764
vt 0.859375 0.458764
vt 0.859375 0.458763
vt 0.908307 0.420704
vt 0.859392 0.458757
vt 0.859392 0.458757
vt 0.859392 0.458757
vt 0.859375 0.458764
vt 0.859375 0.458764
vt 0.859392 0.458757
vt 0.859392 0.458757
vt 0.859392 0.458757
vt 0.859392 0.458757
vt 0.859392 0.458757
vt 0.859372 0.458734
vt 0.859372 0.458734
vt 0.859372 0.458734
vt 0.865378 0.849245
vt 0.859375 0.458764
vt 0.859375 0.458763
vt 0.859375 0.458763
vt 0.859375 0.458763
vt 0.859375 0.458763
vt 0.859372 0.458734
vt 0.859371 0.458735
vt 0.859371 0.458735
vt 0.859375 0.458764
vt 0.859255 0.458742
vt 0.859255 0.458742
vt 0.905815 0.420156
vt 0.905792 0.420137
vt 0.905800 0.420174
vt 0.905776 0.420222
vt 0.905768 0.420184
vt 0.905729 0.420193
vt 0.905729 0.420231
vt 0.905808 0.420204
vt 0.904714 0.420137
vt 0.904777 0.420193
vt 0.859393 0.458766
vt 0.859399 0.458767
vt 0.859399 0.458766
vt 0.859400 0.458767
vt 0.859400 0.458766
vt 0.862695 0.459398
vt 0.862695 0.459426
vt 0.862725 0.459434
vt 0.862731 0.459405
vt 0.862742 0.459441
vt 0.862742 0.459468
vt 0.862754 0.459454
vt 0.913311 0.456838
vt 0.913311 0.463567
vt 0.903246 0.463567
vt 0.923377 0.456838
vt 0.993837 0.456838
vt 0.993837 0.463567
vt 0.983771 0.463567
vt 0.913311 0.403007
vt 0.903246 0.409736
vt 0.903246 0.403007
vt 0.913311 0.409736
vt 0.903246 0.456838
vt 0.873049 0.456838
vt 0.862983 0.463567
vt 0.862983 0.456838
vt 0.873049 0.463567
vt 0.873049 0.483754
vt 0.862983 0.490482
vt 0.862983 0.483754
vt 0.873049 0.429923
vt 0.873049 0.436651
vt 0.862983 0.436651
vt 0.883114 0.429923
vt 0.913311 0.429923
vt 0.913311 0.436651
vt 0.903246 0.436651
vt 0.873049 0.403007
vt 0.862983 0.409736
vt 0.862983 0.403007
vt 0.873049 0.409736
vt 0.862983 0.429923
vt 0.953574 0.483754
vt 0.953574 0.490482
vt 0.943509 0.490482
vt 0.963640 0.483754
vt 0.993837 0.483754
vt 0.993837 0.490482
vt 0.983771 0.490482
vt 0.913311 0.483754
vt 0.923377 0.483754
vt 0.913311 0.490482
vt 0.923377 0.477025
vt 0.953574 0.456838
vt 0.963640 0.456838
vt 0.953574 0.463567
vt 0.873049 0.490482
vt 0.883114 0.483754
vt 0.903246 0.490482
vt 0.953574 0.429923
vt 0.953574 0.436651
vt 0.943509 0.436651
vt 0.963640 0.429923
vt 0.993837 0.429923
vt 0.993837 0.436651
vt 0.983771 0.436651
vt 0.953574 0.403007
vt 0.943509 0.409736
vt 0.943509 0.403007
vt 0.953574 0.409736
vt 0.943509 0.429923
vt 0.933443 0.429923
vt 0.923377 0.436651
vt 0.923377 0.429923
vt 0.933443 0.436651
vt 0.933443 0.443380
vt 0.923377 0.450109
vt 0.923377 0.443380
vt 0.933443 0.416465
vt 0.933443 0.423194
vt 0.923377 0.423194
vt 0.943509 0.416465
vt 0.953574 0.416465
vt 0.953574 0.423194
vt 0.943509 0.423194
vt 0.933443 0.403007
vt 0.923377 0.409736
vt 0.923377 0.403007
vt 0.933443 0.409736
vt 0.923377 0.416465
vt 0.973706 0.443380
vt 0.973706 0.450109
vt 0.963640 0.450109
vt 0.983771 0.443380
vt 0.993837 0.443380
vt 0.993837 0.450109
vt 0.983771 0.450109
vt 0.953574 0.443380
vt 0.963640 0.443380
vt 0.953574 0.450109
vt 0.963640 0.436651
vt 0.973706 0.429923
vt 0.983771 0.429923
vt 0.973706 0.436651
vt 0.933443 0.450109
vt 0.943509 0.443380
vt 0.943509 0.450109
vt 0.927931 0.470931
vt 0.927931 0.470885
vt 0.928001 0.470885
vt 0.927861 0.470931
vt 0.927792 0.470931
vt 0.927792 0.470885
vt 0.927861 0.470885
vt 0.928071 0.470931
vt 0.928001 0.470931
vt 0.928071 0.470885
vt 0.914460 0.460918
vt 0.914413 0.460949
vt 0.914413 0.460918
vt 0.893180 0.483754
vt 0.903246 0.483754
vt 0.893180 0.490482
vt 0.928211 0.470931
vt 0.928211 0.470885
vt 0.928281 0.470885
vt 0.928141 0.470931
vt 0.928141 0.470885
vt 0.953574 0.470296
vt 0.963640 0.470296
vt 0.953574 0.477025
vt 0.963640 0.463567
vt 0.973706 0.456838
vt 0.983771 0.456838
vt 0.973706 0.463567
vt 0.933443 0.483754
vt 0.943509 0.477025
vt 0.943509 0.483754
vt 0.933443 0.477025
vt 0.933443 0.470296
vt 0.943509 0.463567
vt 0.943509 0.470296
vt 0.927722 0.470931
vt 0.914273 0.460918
vt 0.914226 0.460949
vt 0.914226 0.460918
vt 0.933443 0.490482
vt 0.927372 0.470931
vt 0.927372 0.470885
vt 0.927442 0.470885
vt 0.973706 0.497211
vt 0.983771 0.497211
vt 0.973706 0.503940
vt 0.993837 0.497211
vt 0.927512 0.470931
vt 0.927442 0.470931
vt 0.927512 0.470885
vt 0.914086 0.460918
vt 0.914039 0.460949
vt 0.914039 0.460918
vt 0.973706 0.483754
vt 0.983771 0.483754
vt 0.973706 0.490482
vt 0.927652 0.470931
vt 0.927652 0.470885
vt 0.927722 0.470885
vt 0.927582 0.470931
vt 0.927582 0.470885
vt 0.852917 0.429923
vt 0.842852 0.436651
vt 0.842852 0.429923
vt 0.852917 0.436651
vt 0.852917 0.443380
vt 0.842852 0.450109
vt 0.842852 0.443380
vt 0.852917 0.416465
vt 0.852917 0.423194
vt 0.842852 0.423194
vt 0.862983 0.416465
vt 0.873049 0.416465
vt 0.873049 0.423194
vt 0.862983 0.423194
vt 0.852917 0.403007
vt 0.842852 0.409736
vt 0.842852 0.403007
vt 0.852917 0.409736
vt 0.842852 0.416465
vt 0.893180 0.443380
vt 0.893180 0.450109
vt 0.883114 0.450109
vt 0.903246 0.443380
vt 0.913311 0.443380
vt 0.913311 0.450109
vt 0.903246 0.450109
vt 0.873049 0.443380
vt 0.883114 0.443380
vt 0.873049 0.450109
vt 0.883114 0.436651
vt 0.893180 0.429923
vt 0.903246 0.429923
vt 0.893180 0.436651
vt 0.852917 0.450109
vt 0.862983 0.443380
vt 0.862983 0.450109
vt 0.852917 0.483754
vt 0.842852 0.490482
vt 0.842852 0.483754
vt 0.852917 0.490482
vt 0.928281 0.470931
vt 0.852917 0.470296
vt 0.852917 0.477025
vt 0.842852 0.477025
vt 0.862983 0.470296
vt 0.873049 0.470296
vt 0.873049 0.477025
vt 0.862983 0.477025
vt 0.852917 0.456838
vt 0.842852 0.463567
vt 0.842852 0.456838
vt 0.852917 0.463567
vt 0.842852 0.470296
vt 0.893180 0.456838
vt 0.883114 0.463567
vt 0.883114 0.456838
vt 0.893180 0.463567
vt 0.893180 0.470296
vt 0.883114 0.477025
vt 0.883114 0.470296
vt 0.893180 0.416465
vt 0.893180 0.423194
vt 0.883114 0.423194
vt 0.903246 0.416465
vt 0.913311 0.416465
vt 0.913311 0.423194
vt 0.903246 0.423194
vt 0.893180 0.403007
vt 0.883114 0.409736
vt 0.883114 0.403007
vt 0.893180 0.409736
vt 0.883114 0.416465
vt 0.973706 0.470296
vt 0.973706 0.477025
vt 0.963640 0.477025
vt 0.983771 0.470296
vt 0.993837 0.470296
vt 0.993837 0.477025
vt 0.983771 0.477025
vt 0.913311 0.470296
vt 0.923377 0.470296
vt 0.913311 0.477025
vt 0.923377 0.463567
vt 0.933443 0.456838
vt 0.943509 0.456838
vt 0.933443 0.463567
vt 0.893180 0.477025
vt 0.903246 0.470296
vt 0.903246 0.477025
vt 0.973706 0.416465
vt 0.973706 0.423194
vt 0.963640 0.423194
vt 0.983771 0.416465
vt 0.993837 0.416465
vt 0.993837 0.423194
vt 0.983771 0.423194
vt 0.973706 0.403007
vt 0.963640 0.409736
vt 0.963640 0.403007
vt 0.973706 0.409736
vt 0.963640 0.416465
vt 0.832786 0.477025
vt 0.832786 0.470296
vt 0.832786 0.483754
vt 0.832786 0.463567
vt 0.832786 0.456838
vt 0.928350 0.470885
vt 0.928350 0.470931
vt 0.842852 0.503940
vt 0.832786 0.510669
vt 0.832786 0.503940
vt 0.914600 0.460949
vt 0.914600 0.460918
vt 0.914647 0.460918
vt 0.914554 0.460949
vt 0.914554 0.460918
vt 0.832786 0.490482
vt 0.914647 0.460949
vt 0.832786 0.423194
vt 0.832786 0.416465
vt 0.832786 0.429923
vt 0.832786 0.409736
vt 0.832786 0.403007
vt 0.832786 0.450109
vt 0.832786 0.443380
vt 0.832786 0.436651
vt 0.943509 0.503940
vt 0.943509 0.510669
vt 0.933443 0.510669
vt 0.953574 0.503940
vt 0.953574 0.510669
vt 0.933443 0.503940
vt 0.923377 0.503940
vt 0.923377 0.510669
vt 0.913311 0.510669
vt 0.913992 0.460949
vt 0.913992 0.460918
vt 0.963640 0.490482
vt 0.963640 0.503940
vt 0.973706 0.510669
vt 0.963640 0.510669
vt 0.914179 0.460949
vt 0.914132 0.460949
vt 0.914179 0.460918
vt 0.923377 0.490482
vt 0.913311 0.503940
vt 0.862983 0.503940
vt 0.862983 0.510669
vt 0.852917 0.510669
vt 0.873049 0.503940
vt 0.873049 0.510669
vt 0.852917 0.503940
vt 0.842852 0.510669
vt 0.914366 0.460949
vt 0.914320 0.460949
vt 0.914366 0.460918
vt 0.883114 0.490482
vt 0.883114 0.503940
vt 0.903246 0.503940
vt 0.903246 0.510669
vt 0.893180 0.510669
vt 0.893180 0.503940
vt 0.883114 0.510669
vt 0.914320 0.460918
vt 0.914273 0.460949
vt 0.914460 0.460949
vt 0.914507 0.460949
vt 0.914507 0.460918
vt 0.914086 0.460949
vt 0.914132 0.460918
vt 0.933443 0.497211
vt 0.923377 0.497211
vt 0.953574 0.497211
vt 0.943509 0.497211
vt 0.899170 0.472634
vt 0.898957 0.472492
vt 0.899170 0.472492
vt 0.898957 0.472634
vt 0.898745 0.472634
vt 0.898532 0.472492
vt 0.898745 0.472492
vt 0.899595 0.472634
vt 0.899383 0.472634
vt 0.899383 0.472492
vt 0.915610 0.460151
vt 0.915610 0.460098
vt 0.915689 0.460151
vt 0.899595 0.472492
vt 0.898532 0.472634
vt 0.915927 0.460151
vt 0.915927 0.460098
vt 0.916007 0.460151
vt 0.897469 0.472634
vt 0.897256 0.472492
vt 0.897469 0.472492
vt 0.897256 0.472634
vt 0.897043 0.472634
vt 0.896830 0.472492
vt 0.897043 0.472492
vt 0.897894 0.472634
vt 0.897681 0.472634
vt 0.897681 0.472492
vt 0.916245 0.460151
vt 0.916245 0.460098
vt 0.916324 0.460151
vt 0.898319 0.472634
vt 0.898107 0.472492
vt 0.898319 0.472492
vt 0.898107 0.472634
vt 0.897894 0.472492
vt 0.896830 0.472634
vt 0.916562 0.460151
vt 0.916562 0.460098
vt 0.916641 0.460151
vt 0.913311 0.497211
vt 0.903246 0.497211
vt 0.852917 0.497211
vt 0.842852 0.497211
vt 0.873049 0.497211
vt 0.862983 0.497211
vt 0.893180 0.497211
vt 0.883114 0.497211
vt 0.963640 0.497211
vt 0.832786 0.497211
vt 0.916641 0.460098
vt 0.916720 0.460098
vt 0.916720 0.460151
vt 0.896618 0.472492
vt 0.896618 0.472634
vt 0.916324 0.460098
vt 0.916403 0.460098
vt 0.916403 0.460151
vt 0.916007 0.460098
vt 0.916086 0.460098
vt 0.916086 0.460151
vt 0.915689 0.460098
vt 0.915769 0.460098
vt 0.915769 0.460151
vt 0.915848 0.460151
vt 0.915848 0.460098
vt 0.916482 0.460151
vt 0.916482 0.460098
vt 0.916165 0.460098
vt 0.916165 0.460151
vt 0.335499 0.603773
vt 0.341119 0.603781
vt 0.341119 0.569852
vt 0.335499 0.569843
vt 0.328266 0.603768
vt 0.328266 0.569838
vt 0.857856 0.047918
vt 0.864832 0.015034
vt 0.857861 0.015150
vt 0.472267 0.640640
vt 0.463707 0.640640
vt 0.463707 0.607662
vt 0.480279 0.640640
vt 0.472267 0.607662
vt 0.480279 0.607662
vt 0.864826 0.047803
vt 0.850026 0.047995
vt 0.850032 0.015226
vt 0.842210 0.048012
vt 0.842216 0.015243
vt 0.457562 0.640640
vt 0.457562 0.607662
vt 0.315033 0.607662
vt 0.315033 0.640640
vt 0.308888 0.607662
vt 0.308888 0.640640
vt 0.914955 0.160524
vt 0.906970 0.160524
vt 0.906970 0.127546
vt 0.914955 0.127546
vt 0.898309 0.160524
vt 0.898309 0.127546
vt 0.300329 0.640640
vt 0.300329 0.607662
vt 0.889779 0.160524
vt 0.881937 0.160524
vt 0.881937 0.127546
vt 0.889779 0.127546
vt 0.249384 0.047803
vt 0.249389 0.015034
vt 0.290408 0.160524
vt 0.290408 0.127546
vt 0.956039 0.199321
vt 0.928102 0.189992
vt 0.928102 0.199321
vt 0.956039 0.189992
vt 0.928102 0.179845
vt 0.956039 0.179845
vt 0.956039 0.169542
vt 0.928102 0.169542
vt 0.956039 0.160044
vt 0.928102 0.149897
vt 0.928102 0.160044
vt 0.956039 0.149897
vt 0.956039 0.142397
vt 0.928102 0.137245
vt 0.928102 0.142397
vt 0.956039 0.137245
vt 0.089849 0.835594
vt 0.094906 0.801649
vt 0.089849 0.801653
vt 0.064464 0.835594
vt 0.073266 0.801655
vt 0.064464 0.801652
vt 0.073266 0.835597
vt 0.081114 0.801655
vt 0.081114 0.835596
vt 0.057108 0.835590
vt 0.418311 0.850145
vt 0.410435 0.817168
vt 0.418311 0.817168
vt 0.057108 0.801649
vt 0.410435 0.850145
vt 0.274035 0.127546
vt 0.282565 0.127546
vt 0.282565 0.160524
vt 0.274035 0.160524
vt 0.358011 0.603777
vt 0.366064 0.603765
vt 0.366064 0.569835
vt 0.349963 0.603783
vt 0.358011 0.569847
vt 0.349963 0.569853
vt 0.683237 0.465082
vt 0.678307 0.465082
vt 0.678307 0.432105
vt 0.683237 0.432105
vt 0.266639 0.618970
vt 0.266639 0.611891
vt 0.237882 0.611891
vt 0.266638 0.627061
vt 0.237881 0.618970
vt 0.237880 0.627061
vt 0.266639 0.601635
vt 0.237881 0.601635
vt 0.237880 0.593113
vt 0.524651 0.909311
vt 0.517545 0.909388
vt 0.517545 0.943198
vt 0.266638 0.593113
vt 0.524651 0.943121
vt 0.510480 0.943248
vt 0.510480 0.909439
vt 0.502602 0.943259
vt 0.502602 0.909449
vt 0.538330 0.850145
vt 0.538330 0.817168
vt 0.546206 0.817168
vt 0.554772 0.850145
vt 0.546206 0.850145
vt 0.554772 0.817168
vt 0.563469 0.817168
vt 0.563469 0.850145
vt 0.571487 0.817168
vt 0.571487 0.850145
vt 0.511504 0.683317
vt 0.520064 0.716295
vt 0.511504 0.716295
vt 0.520064 0.683317
vt 0.526209 0.716295
vt 0.526209 0.683317
vt 0.668742 0.683317
vt 0.668742 0.716295
vt 0.382119 0.943217
vt 0.382119 0.909407
vt 0.674887 0.683317
vt 0.674887 0.716295
vt 0.700150 0.683317
vt 0.708710 0.683317
vt 0.708710 0.716295
vt 0.374281 0.943201
vt 0.374281 0.909391
vt 0.700150 0.716295
vt 0.683447 0.716295
vt 0.683447 0.683317
vt 0.691459 0.683317
vt 0.691459 0.716295
vt 0.925949 0.493816
vt 0.925832 0.493368
vt 0.925832 0.493816
vt 0.925949 0.493368
vt 0.172435 0.557134
vt 0.158585 0.523333
vt 0.155988 0.572498
vt 0.159450 0.565329
vt 0.165510 0.560207
vt 0.751556 0.557134
vt 0.757615 0.522308
vt 0.773198 0.527430
vt 0.765406 0.523333
vt 0.758481 0.560207
vt 0.764541 0.565329
vt 0.768869 0.572498
vt 0.770601 0.580693
vt 0.094905 0.835590
vt 0.809555 0.527430
vt 0.816480 0.523333
vt 0.818212 0.564304
vt 0.814749 0.572498
vt 0.790511 0.716922
vt 0.770601 0.707704
vt 0.768869 0.715898
vt 0.764541 0.723068
vt 0.758481 0.729214
vt 0.751556 0.732286
vt 0.780123 0.748675
s 1
usemtl Material.001
f 642/1/1 644/2/2 643/3/3
f 31/4/4 32/5/5 29/6/6
f 393/7/7 395/8/8 394/9/9
f 31/4/4 29/6/6 28/10/10
f 393/7/7 394/9/9 392/11/11
f 391/12/12 393/7/7 392/11/11
f 28/10/10 26/13/13 22/14/14
f 28/10/10 29/6/6 26/13/13
f 33/15/15 28/10/10 30/16/16
f 33/15/15 31/4/4 28/10/10
f 246/17/17 217/18/18 245/19/19
f 215/20/20 214/21/21 216/22/22
f 35/23/23 30/16/16 34/24/24
f 215/20/20 216/22/22 217/18/18
f 214/21/21 247/25/25 267/26/26
f 246/17/17 215/20/20 217/18/18
f 245/19/19 217/18/18 219/27/27
f 245/19/19 219/27/27 255/28/28
f 395/8/8 397/29/29 396/30/30
f 395/8/8 396/30/30 394/9/9
f 34/24/24 30/16/16 23/31/31
f 216/22/22 256/32/32 218/33/33
f 30/16/16 22/14/14 23/31/31
f 30/16/16 28/10/10 22/14/14
f 217/18/18 218/33/33 219/27/27
f 217/18/18 216/22/22 218/33/33
f 212/34/34 247/25/25 214/21/21
f 212/34/34 237/35/35 247/25/25
f 4/36/36 1/37/37 5/38/38
f 213/39/39 212/34/34 214/21/21
f 213/39/39 214/21/21 215/20/20
f 235/40/40 213/39/39 215/20/20
f 1/37/37 3/41/41 2/42/42
f 4/36/36 5/38/38 9/43/43
f 1/37/37 2/42/42 5/38/38
f 6/44/44 3/41/41 1/37/37
f 237/35/35 211/45/45 238/46/46
f 237/35/35 212/34/34 211/45/45
f 6/44/44 7/47/47 3/41/41
f 8/48/48 1/37/37 4/36/36
f 8/48/48 6/44/44 1/37/37
f 212/34/34 210/49/49 211/45/45
f 212/34/34 213/39/39 210/49/49
f 213/39/39 236/50/50 210/49/49
f 369/51/51 370/52/52 372/53/53
f 213/39/39 235/40/40 236/50/50
f 371/54/54 373/55/55 370/52/52
f 369/51/51 371/54/54 370/52/52
f 371/54/54 374/56/56 373/55/55
f 372/53/53 370/52/52 376/57/57
f 404/58/58 393/7/7 391/12/12
f 405/59/59 395/8/8 393/7/7
f 404/58/58 405/59/59 393/7/7
f 378/60/60 372/53/53 377/61/61
f 378/60/60 377/61/61 379/62/62
f 372/53/53 376/57/57 377/61/61
f 405/59/59 402/63/63 395/8/8
f 402/63/63 397/29/29 395/8/8
f 402/63/63 403/64/64 397/29/29
f 370/52/52 373/55/55 375/65/65
f 235/40/40 215/20/20 246/17/17
f 370/52/52 375/65/65 376/57/57
f 387/66/66 384/67/67 388/68/68
f 387/66/66 386/69/69 384/67/67
f 365/70/70 2375/71/71 2374/72/72
f 365/70/70 2374/72/72 2376/73/73
f 105/74/74 102/75/75 104/76/76
f 256/32/32 257/77/77 221/78/78
f 256/32/32 221/78/78 218/33/33
f 218/33/33 220/79/79 219/27/27
f 26/13/13 25/80/80 22/14/14
f 26/13/13 27/81/81 25/80/80
f 218/33/33 221/78/78 220/79/79
f 22/14/14 25/80/80 24/82/82
f 22/14/14 24/82/82 23/31/31
f 219/27/27 244/83/83 255/28/28
f 219/27/27 220/79/79 244/83/83
f 396/30/30 399/84/84 398/85/85
f 396/30/30 398/85/85 394/9/9
f 383/86/86 384/67/67 386/69/69
f 383/86/86 385/87/87 384/67/67
f 101/88/88 103/89/89 102/75/75
f 102/75/75 185/90/90 184/91/91
f 104/76/76 102/75/75 103/89/89
f 24/82/82 25/80/80 16/92/92
f 244/83/83 223/93/93 232/94/94
f 221/78/78 257/77/77 258/95/95
f 25/80/80 17/96/96 16/92/92
f 244/83/83 220/79/79 223/93/93
f 220/79/79 222/97/97 223/93/93
f 221/78/78 258/95/95 222/97/97
f 25/80/80 27/81/81 17/96/96
f 220/79/79 221/78/78 222/97/97
f 24/82/82 16/92/92 18/98/98
f 16/92/92 17/96/96 13/99/99
f 16/92/92 13/99/99 10/100/100
f 18/98/98 16/92/92 10/100/100
f 18/98/98 10/100/100 14/101/101
f 222/97/97 258/95/95 243/102/102
f 222/97/97 243/102/102 224/103/103
f 223/93/93 222/97/97 224/103/103
f 384/67/67 389/104/104 390/105/105
f 384/67/67 385/87/87 389/104/104
f 589/106/106 591/107/107 590/108/108
f 591/107/107 587/109/109 595/110/110
f 589/106/106 592/111/111 591/107/107
f 590/112/108 593/113/112 594/114/113
f 591/115/107 595/115/110 593/115/112
f 592/111/111 584/116/114 587/109/109
f 388/68/68 384/67/67 390/105/105
f 590/108/108 591/107/107 593/117/112
f 592/111/111 587/109/109 591/107/107
f 584/116/114 586/118/115 585/119/116
f 584/116/114 585/119/116 587/109/109
f 232/94/94 223/93/93 225/120/117
f 232/94/94 225/120/117 265/121/118
f 398/85/85 400/122/119 401/123/120
f 398/85/85 399/84/84 400/122/119
f 223/93/93 224/103/103 225/120/117
f 581/124/121 583/125/122 582/126/123
f 593/117/112 595/110/110 596/127/124
f 593/115/112 596/128/124 598/128/125
f 10/100/100 12/129/126 11/130/127
f 10/100/100 13/99/99 12/129/126
f 11/130/127 19/131/128 20/132/129
f 11/130/127 12/129/126 19/131/128
f 587/109/109 585/119/116 588/133/130
f 224/103/103 243/102/102 230/134/131
f 587/109/109 588/133/130 595/110/110
f 224/103/103 230/134/131 226/135/132
f 225/120/117 224/103/103 226/135/132
f 225/120/117 226/135/132 227/136/133
f 265/121/118 227/136/133 261/137/134
f 265/121/118 225/120/117 227/136/133
f 261/137/134 227/136/133 188/138/135
f 261/137/134 188/138/135 249/139/136
f 595/110/110 597/140/137 596/127/124
f 595/110/110 588/133/130 597/140/137
f 14/101/101 10/100/100 11/130/127
f 227/136/133 190/141/138 188/138/135
f 227/136/133 226/135/132 190/141/138
f 226/135/132 229/142/139 190/141/138
f 226/135/132 230/134/131 229/142/139
f 15/143/140 11/130/127 20/132/129
f 14/101/101 11/130/127 15/143/140
f 15/143/140 20/132/129 21/144/141
f 101/88/88 102/75/75 99/145/142
f 102/75/75 184/91/91 99/145/142
f 101/88/88 99/145/142 100/146/143
f 97/147/144 99/145/142 98/148/145
f 97/147/144 100/146/143 99/145/142
f 97/147/144 98/148/145 96/149/146
f 98/148/145 186/150/147 96/149/146
f 238/46/46 211/45/45 241/151/148
f 517/152/149 516/153/150 507/154/151
f 516/153/150 518/155/152 509/156/153
f 509/156/153 518/155/152 514/157/154
f 211/45/45 208/158/155 241/151/148
f 211/45/45 210/49/49 208/158/155
f 374/56/56 371/54/54 382/159/156
f 210/49/49 236/50/50 209/160/157
f 210/49/49 209/160/157 208/158/155
f 236/50/50 250/161/158 209/160/157
f 371/54/54 380/162/159 382/159/156
f 369/51/51 381/163/160 380/162/159
f 369/51/51 380/162/159 371/54/54
f 598/164/125 599/164/161 600/164/162
f 249/165/136 188/165/135 248/166/163
f 598/167/125 596/167/124 599/168/161
f 597/169/137 601/170/164 599/170/161
f 188/165/135 190/165/138 189/166/165
f 596/167/124 597/167/137 599/168/161
f 188/165/135 189/166/165 248/166/163
f 190/165/138 191/166/166 189/166/165
f 190/171/138 229/172/139 191/173/166
f 271/174/167 269/175/168 272/176/169
f 271/174/167 268/177/170 269/175/168
f 271/174/167 272/176/169 273/178/171
f 229/172/139 251/179/172 191/173/166
f 268/177/170 270/180/173 269/175/168
f 92/181/174 96/182/146 95/183/175
f 92/181/174 97/184/144 96/182/146
f 604/185/176 606/185/177 603/185/178
f 604/185/176 607/185/179 606/185/177
f 608/185/180 607/185/179 604/185/176
f 608/185/180 609/185/181 607/185/179
f 618/186/182 621/187/183 620/188/184
f 618/186/182 620/188/184 619/189/185
f 241/151/148 206/190/186 240/191/187
f 241/151/148 208/158/155 206/190/186
f 509/156/153 514/157/154 511/192/188
f 509/156/153 511/192/188 508/193/189
f 507/154/151 509/156/153 508/193/189
f 507/154/151 508/193/189 510/194/190
f 208/158/155 209/160/157 207/195/191
f 208/158/155 207/195/191 206/190/186
f 240/191/187 206/190/186 204/196/192
f 240/191/187 204/196/192 262/197/193
f 508/193/189 515/198/194 512/199/195
f 548/200/196 550/201/197 549/202/198
f 510/194/190 512/199/195 513/203/199
f 510/194/190 508/193/189 512/199/195
f 610/185/200 604/185/176 602/185/201
f 610/185/200 608/185/180 604/185/176
f 613/204/202 610/185/200 602/185/201
f 613/204/202 602/185/201 611/185/203
f 209/160/157 233/205/204 207/195/191
f 209/160/157 250/161/158 233/205/204
f 602/185/201 603/185/178 605/185/205
f 206/190/186 205/206/206 204/196/192
f 207/207/191 233/208/204 234/209/207
f 207/207/191 234/209/207 205/210/206
f 602/185/201 604/185/176 603/185/178
f 611/185/203 602/185/201 605/185/205
f 206/190/186 207/195/191 205/206/206
f 611/185/203 605/185/205 612/185/208
f 180/211/209 119/212/210 181/213/211
f 179/214/212 119/212/210 180/211/209
f 605/185/205 615/185/213 616/185/214
f 605/185/205 603/185/178 615/185/213
f 540/215/215 541/216/216 543/217/217
f 603/185/178 606/185/177 614/185/218
f 603/185/178 614/185/218 615/185/213
f 540/215/215 542/218/219 541/216/216
f 543/217/217 541/216/216 544/219/220
f 359/220/221 360/221/222 354/221/223
f 358/222/224 354/221/223 357/223/225
f 543/224/217 544/225/220 545/226/226
f 359/220/221 361/220/227 360/221/222
f 358/222/224 359/220/221 354/221/223
f 204/196/192 205/206/206 203/227/228
f 612/185/208 605/185/205 616/185/214
f 204/196/192 203/227/228 202/228/229
f 205/210/206 266/229/230 203/230/228
f 262/197/193 204/196/192 202/228/229
f 205/210/206 234/209/207 266/229/230
f 612/185/208 616/185/214 617/185/231
f 203/227/228 266/231/230 252/232/232
f 203/227/228 252/232/232 200/233/233
f 364/222/234 357/223/225 363/223/235
f 202/228/229 203/227/228 200/233/233
f 364/222/234 358/222/224 357/223/225
f 260/234/236 202/228/229 201/235/237
f 260/234/236 201/235/237 254/236/238
f 525/237/239 526/238/240 519/239/241
f 262/197/193 202/228/229 260/234/236
f 525/237/239 519/239/241 522/240/242
f 527/241/243 528/242/244 526/238/240
f 202/228/229 200/233/233 201/235/237
f 527/241/243 526/238/240 525/237/239
f 137/243/245 140/244/246 130/245/247
f 140/244/246 141/246/248 130/245/247
f 316/247/249 321/248/250 341/249/251
f 559/250/252 557/251/253 556/252/254
f 559/250/252 560/253/255 557/251/253
f 315/254/256 329/255/257 327/256/258
f 309/257/259 315/254/256 327/256/258
f 309/257/259 327/256/258 306/258/260
f 561/259/261 556/252/254 554/260/257
f 556/252/254 557/251/253 551/261/262
f 316/247/249 341/249/251 315/254/256
f 556/252/254 551/261/262 554/260/257
f 635/262/263 636/263/264 634/264/265
f 320/265/266 314/266/267 331/267/268
f 631/268/269 633/269/270 632/270/271
f 631/268/269 634/264/265 633/269/270
f 313/271/272 289/272/273 314/266/267
f 320/265/266 313/271/272 314/266/267
f 320/265/266 334/273/274 321/248/250
f 635/262/263 634/264/265 631/268/269
f 331/267/268 333/274/275 334/273/274
f 331/267/268 334/273/274 320/265/266
f 312/275/276 313/271/272 311/276/277
f 312/275/276 311/276/277 310/277/278
f 320/265/266 321/248/250 316/247/249
f 313/271/272 316/247/249 311/276/277
f 313/271/272 320/265/266 316/247/249
f 313/271/272 312/275/276 289/272/273
f 310/277/278 311/276/277 309/257/259
f 310/277/278 309/257/259 308/278/279
f 311/276/277 316/247/249 315/254/256
f 311/276/277 315/254/256 309/257/259
f 308/278/279 306/258/260 307/279/280
f 308/278/279 309/257/259 306/258/260
f 647/280/281 649/280/281 648/281/282
f 357/223/225 362/282/283 363/223/235
f 357/223/225 355/283/284 362/282/283
f 252/232/232 199/284/285 200/233/233
f 252/232/232 253/285/286 199/284/285
f 200/233/233 198/286/287 201/235/237
f 200/233/233 199/284/285 198/286/287
f 354/221/223 356/283/288 355/283/284
f 354/221/223 355/283/284 357/223/225
f 544/287/220 546/288/289 545/287/226
f 544/225/220 547/289/290 546/290/289
f 519/239/241 520/291/291 522/240/242
f 519/239/241 521/292/292 520/291/291
f 201/235/237 239/293/293 254/236/238
f 201/235/237 198/286/287 239/293/293
f 329/294/257 328/295/294 327/296/258
f 329/294/257 330/297/295 328/295/294
f 551/261/262 552/298/296 554/260/257
f 551/261/262 553/299/297 552/298/296
f 132/300/298 131/301/299 166/302/300
f 327/296/258 328/295/294 305/303/301
f 327/296/258 305/303/301 306/304/260
f 77/305/302 62/306/303 60/307/304
f 76/308/305 77/305/302 60/307/304
f 75/309/304 76/308/305 60/307/304
f 77/305/302 85/310/306 62/306/303
f 306/304/260 305/303/301 304/311/307
f 306/304/260 304/311/307 307/312/280
f 355/283/284 353/313/308 352/313/309
f 362/282/283 355/283/284 352/313/309
f 355/283/284 356/283/288 353/313/308
f 362/282/283 352/313/309 351/314/310
f 346/313/311 347/313/312 345/313/313
f 348/314/314 346/313/311 342/313/315
f 346/313/311 345/313/313 342/313/315
f 196/315/316 195/316/317 194/317/318
f 197/318/319 259/319/320 264/320/321
f 352/313/309 347/313/312 346/313/311
f 352/313/309 353/313/308 347/313/312
f 351/314/310 346/313/311 348/314/314
f 351/314/310 352/313/309 346/313/311
f 197/318/319 264/320/321 195/316/317
f 196/315/316 197/318/319 195/316/317
f 520/291/291 523/321/322 524/322/323
f 199/323/285 259/324/320 197/325/319
f 198/286/287 199/284/285 197/318/319
f 198/286/287 197/318/319 196/315/316
f 538/326/324 536/327/325 535/328/326
f 239/293/293 196/315/316 231/329/327
f 520/291/291 521/292/292 523/321/322
f 239/293/293 198/286/287 196/315/316
f 538/326/324 539/330/328 536/327/325
f 199/323/285 253/331/286 259/324/320
f 536/332/325 534/333/329 531/334/330
f 535/328/326 536/327/325 531/335/330
f 535/328/326 531/335/330 529/336/331
f 231/329/327 196/315/316 194/317/318
f 536/332/325 537/337/332 534/333/329
f 231/329/327 194/317/318 242/338/333
f 349/313/334 343/313/335 350/313/336
f 193/339/337 263/340/338 248/341/163
f 349/313/334 342/313/315 343/313/335
f 342/313/315 345/313/313 344/313/339
f 342/313/315 344/313/339 343/313/335
f 193/342/337 248/343/163 189/344/165
f 192/345/340 193/342/337 189/344/165
f 242/338/333 192/345/340 228/346/341
f 195/347/317 263/340/338 193/339/337
f 348/314/314 342/313/315 349/313/334
f 194/317/318 193/342/337 192/345/340
f 194/317/318 195/316/317 193/342/337
f 195/347/317 264/348/321 263/340/338
f 531/334/330 534/333/329 533/349/342
f 242/338/333 194/317/318 192/345/340
f 275/350/343 272/176/169 269/175/168
f 531/334/330 533/349/342 530/351/344
f 274/352/345 275/350/343 269/175/168
f 274/352/345 269/175/168 270/180/173
f 192/345/340 189/344/165 191/353/166
f 529/336/331 531/335/330 530/354/344
f 529/336/331 530/354/344 532/355/346
f 228/346/341 191/353/166 251/356/172
f 228/346/341 192/345/340 191/353/166
f 275/350/343 276/357/347 272/176/169
f 128/358/348 91/359/349 129/360/350
f 94/361/351 95/362/175 187/363/352
f 164/364/353 167/365/354 162/366/355
f 163/367/356 162/368/355 160/369/357
f 165/370/358 131/301/299 164/371/353
f 165/370/358 164/371/353 163/367/356
f 163/367/356 164/371/353 162/368/355
f 166/302/300 131/301/299 165/370/358
f 61/372/359 60/307/304 62/306/303
f 61/372/359 63/373/360 60/307/304
f 304/311/307 305/303/301 303/374/361
f 570/375/362 558/376/363 569/377/364
f 305/303/301 328/295/294 336/378/365
f 552/298/296 555/379/366 558/380/363
f 328/295/294 330/297/295 337/381/367
f 305/303/301 336/378/365 303/374/361
f 552/298/296 553/299/297 555/379/366
f 558/380/363 562/382/368 563/383/369
f 558/380/363 555/379/366 562/382/368
f 303/374/361 336/378/365 317/384/370
f 569/377/364 563/385/369 568/386/371
f 569/377/364 558/376/363 563/385/369
f 302/387/372 301/388/373 300/389/374
f 302/387/372 303/374/361 301/388/373
f 303/374/361 317/384/370 301/388/373
f 568/386/371 563/385/369 567/390/375
f 568/386/371 567/390/375 565/391/376
f 567/392/375 564/393/377 571/394/378
f 567/392/375 571/394/378 566/395/379
f 578/396/380 580/397/381 579/398/382
f 322/399/383 324/400/384 323/401/385
f 565/391/376 567/390/375 566/402/379
f 563/383/369 562/382/368 564/393/386
f 160/369/357 162/368/355 161/403/387
f 161/403/387 168/404/388 159/405/389
f 158/406/390 160/369/357 159/405/389
f 160/369/357 161/403/387 159/405/389
f 168/404/388 169/407/391 159/405/389
f 637/408/392 636/263/264 635/262/263
f 314/266/267 290/409/393 326/410/394
f 331/267/268 314/266/267 326/410/394
f 331/267/268 326/410/394 332/411/395
f 637/408/392 635/262/263 638/412/396
f 333/274/275 331/267/268 332/411/395
f 314/266/267 289/272/273 290/409/393
f 289/272/273 291/413/397 290/409/393
f 674/414/398 673/415/399 671/416/400
f 675/417/401 674/414/398 671/416/400
f 681/418/402 676/419/403 672/420/404
f 681/418/402 682/421/405 676/419/403
f 671/416/400 673/415/399 672/420/404
f 685/422/406 681/418/402 672/420/404
f 685/422/406 672/420/404 673/415/399
f 144/423/407 177/424/408 178/425/409
f 144/423/407 174/426/410 177/424/408
f 174/426/410 145/427/411 175/428/412
f 175/428/412 145/427/411 176/429/413
f 629/430/414 630/431/415 625/432/416
f 629/430/414 625/432/416 622/433/417
f 637/408/392 639/434/418 640/435/419
f 637/408/392 638/412/396 639/434/418
f 638/412/396 641/436/420 639/434/418
f 326/410/394 290/409/393 293/437/421
f 326/410/394 293/437/421 325/438/422
f 290/409/393 291/413/397 292/439/423
f 290/409/393 292/439/423 293/437/421
f 332/411/395 326/410/394 325/438/422
f 293/437/421 294/440/424 295/441/425
f 325/438/422 295/441/425 318/442/426
f 339/443/427 325/438/422 318/442/426
f 339/443/427 318/442/426 338/444/428
f 325/438/422 293/437/421 295/441/425
f 293/437/421 292/439/423 294/440/424
f 143/445/429 146/446/430 145/427/411
f 73/447/431 58/448/304 72/449/432
f 86/450/433 74/451/434 73/447/431
f 74/451/434 58/448/304 73/447/431
f 78/452/435 70/453/436 79/454/437
f 58/448/304 71/455/438 72/449/432
f 78/452/435 71/455/438 70/453/436
f 82/456/439 71/455/438 78/452/435
f 82/456/439 72/449/432 71/455/438
f 295/441/425 294/440/424 296/457/440
f 295/441/425 296/457/440 297/458/441
f 318/442/426 295/441/425 297/458/441
f 338/444/428 318/442/426 319/459/442
f 318/442/426 297/458/441 319/459/442
f 625/432/416 628/460/443 624/461/444
f 622/433/417 624/461/444 623/462/445
f 622/433/417 625/432/416 624/461/444
f 340/463/446 319/459/442 335/464/447
f 340/463/446 335/464/447 285/465/448
f 319/459/442 299/466/449 335/464/447
f 623/462/445 626/467/450 627/468/451
f 319/459/442 297/458/441 299/466/449
f 623/462/445 624/461/444 626/467/450
f 297/458/441 296/457/440 298/469/452
f 297/458/441 298/469/452 299/466/449
f 145/427/411 148/470/453 149/471/454
f 145/427/411 147/472/455 148/470/453
f 145/427/411 146/446/430 147/472/455
f 58/448/304 60/307/304 59/473/304
f 58/448/304 75/309/304 60/307/304
f 672/420/404 676/419/403 669/474/400
f 676/419/403 677/475/456 669/474/400
f 671/416/400 672/420/404 669/474/400
f 682/421/405 677/475/456 676/419/403
f 682/421/405 684/476/457 677/475/456
f 79/454/437 70/453/436 69/477/458
f 71/455/438 59/473/304 70/453/436
f 70/453/436 59/473/304 69/477/458
f 58/448/304 59/473/304 71/455/438
f 79/454/437 69/477/458 81/478/459
f 285/465/460 284/479/461 283/480/462
f 285/465/460 283/480/462 286/481/463
f 149/482/454 150/483/464 145/484/411
f 149/482/454 151/485/465 150/483/464
f 64/486/466 83/487/467 65/488/468
f 64/486/466 84/489/469 83/487/467
f 60/307/304 65/488/468 59/473/304
f 60/307/304 64/486/466 65/488/468
f 88/490/470 89/491/471 87/492/472
f 84/489/469 87/493/472 83/487/467
f 84/494/469 88/490/470 87/492/472
f 449/495/473 448/496/474 450/497/475
f 572/498/476 575/499/477 574/500/478
f 572/501/476 574/502/478 573/503/479
f 158/406/390 159/405/389 156/504/480
f 158/406/390 156/504/480 157/505/481
f 684/476/457 683/506/482 678/507/483
f 684/476/457 678/507/483 677/475/456
f 683/506/482 679/508/484 678/507/483
f 669/474/400 680/509/485 668/510/486
f 677/475/456 678/507/483 669/474/400
f 678/507/483 679/508/484 669/474/400
f 669/474/400 679/508/484 680/509/485
f 81/478/459 68/511/487 80/512/488
f 59/473/304 66/513/489 67/514/490
f 80/512/488 68/511/487 67/514/490
f 68/511/487 59/473/304 67/514/490
f 81/478/459 69/477/458 68/511/487
f 59/473/304 65/488/468 66/513/489
f 69/477/458 59/473/304 68/511/487
f 283/480/462 282/515/491 281/516/492
f 283/480/462 284/479/461 282/515/491
f 281/516/492 282/515/491 280/517/493
f 280/518/494 288/519/495 279/520/496
f 280/518/494 287/521/497 288/519/495
f 277/522/498 280/517/494 279/523/496
f 576/524/499 577/525/500 574/502/478
f 277/522/498 279/523/496 278/526/501
f 576/524/499 574/502/478 575/527/477
f 151/485/465 152/528/502 150/483/464
f 152/528/502 153/529/503 150/483/464
f 150/483/464 172/530/504 173/531/505
f 170/532/506 156/533/480 171/534/507
f 155/535/508 156/504/480 154/536/509
f 153/529/503 155/535/508 154/536/509
f 154/536/509 156/504/480 170/537/506
f 155/535/508 157/505/481 156/504/480
f 153/529/503 154/536/509 150/483/464
f 150/483/464 154/536/509 172/530/504
f 874/538/510 865/539/511 875/540/512
f 871/541/513 865/539/511 874/538/510
f 870/542/514 871/541/513 872/543/515
f 1580/544/516 1581/545/517 1582/546/518
f 744/4/519 742/6/520 745/5/521
f 1232/547/522 1233/548/523 1234/549/524
f 744/4/519 741/10/525 742/6/520
f 1232/547/522 1231/547/526 1233/548/523
f 1230/550/527 1231/547/526 1232/547/522
f 741/10/525 735/14/528 739/13/529
f 741/10/525 739/13/529 742/6/520
f 746/15/530 743/16/531 741/10/525
f 746/15/530 741/10/525 744/4/519
f 1005/17/532 1004/19/533 976/18/534
f 974/20/535 975/22/536 973/21/537
f 748/23/538 747/24/539 743/16/531
f 974/20/535 976/18/534 975/22/536
f 973/21/537 1026/26/540 1006/25/541
f 1005/17/532 976/18/534 974/20/535
f 1004/19/533 978/27/542 976/18/534
f 1004/19/533 1014/28/543 978/27/542
f 1234/549/524 1235/548/544 1236/549/545
f 1234/549/524 1233/548/523 1235/548/544
f 747/24/539 736/31/546 743/16/531
f 975/22/536 977/33/547 1015/32/548
f 743/16/531 736/31/546 735/14/528
f 743/16/531 735/14/528 741/10/525
f 976/18/534 978/27/542 977/33/547
f 976/18/534 977/33/547 975/22/536
f 971/34/549 973/21/537 1006/25/541
f 971/34/549 1006/25/541 996/35/550
f 717/36/551 718/38/552 714/37/553
f 972/39/554 973/21/537 971/34/549
f 972/39/554 974/20/535 973/21/537
f 994/40/555 974/20/535 972/39/554
f 714/37/553 715/42/556 716/41/557
f 717/36/551 722/43/558 718/38/552
f 714/37/553 718/38/552 715/42/556
f 719/44/559 714/37/553 716/41/557
f 996/35/550 997/46/560 970/45/561
f 996/35/550 970/45/561 971/34/549
f 719/44/559 716/41/557 720/47/562
f 721/48/563 717/36/551 714/37/553
f 721/48/563 714/37/553 719/44/559
f 971/34/549 970/45/561 969/49/564
f 971/34/549 969/49/564 972/39/554
f 972/39/554 969/49/564 995/50/565
f 1208/551/566 1211/552/53 1209/553/567
f 972/39/554 995/50/565 994/40/555
f 1210/554/568 1209/553/567 1212/553/569
f 1208/551/566 1209/553/567 1210/554/568
f 1210/554/568 1212/553/569 1213/554/570
f 1211/552/53 1215/555/571 1209/553/567
f 1243/556/572 1230/550/527 1232/547/522
f 1244/557/573 1232/547/522 1234/549/524
f 1243/556/572 1232/547/522 1244/557/573
f 1217/558/574 1216/555/575 1211/552/53
f 1217/558/574 1218/559/576 1216/555/575
f 1211/552/53 1216/555/575 1215/555/571
f 1244/557/573 1234/549/524 1241/560/577
f 1241/560/577 1234/549/524 1236/549/545
f 1241/560/577 1236/549/545 1242/560/578
f 1209/553/567 1214/561/579 1212/553/569
f 994/40/555 1005/17/532 974/20/535
f 1209/553/567 1215/555/571 1214/561/579
f 1226/562/580 1227/563/581 1223/564/582
f 1226/562/580 1223/564/582 1225/565/583
f 1204/566/584 2090/567/585 2089/568/586
f 1204/566/584 2091/569/584 2090/567/585
f 864/74/587 863/76/588 861/75/589
f 1015/32/548 980/78/590 1016/77/591
f 1015/32/548 977/33/547 980/78/590
f 977/33/547 978/27/542 979/79/592
f 739/13/529 735/14/528 738/80/593
f 739/13/529 738/80/593 740/81/594
f 977/33/547 979/79/592 980/78/590
f 735/14/528 737/82/595 738/80/593
f 735/14/528 736/31/546 737/82/595
f 978/570/542 1014/571/543 1003/572/596
f 978/27/542 1003/83/596 979/79/592
f 1235/548/544 1237/573/597 1238/573/598
f 1235/548/544 1233/548/523 1237/573/597
f 1222/574/599 1225/565/583 1223/564/582
f 1222/574/599 1223/564/582 1224/575/600
f 861/75/589 943/91/601 944/90/602
f 863/76/588 862/89/603 861/75/589
f 737/82/595 729/92/604 738/80/593
f 1003/83/596 991/94/605 982/93/606
f 980/78/590 1017/95/607 1016/77/591
f 738/80/593 729/92/604 730/96/608
f 1003/83/596 982/93/606 979/79/592
f 979/79/592 982/93/606 981/97/609
f 980/78/590 981/97/609 1017/95/607
f 738/80/593 730/96/608 740/81/594
f 979/79/592 981/97/609 980/78/590
f 737/82/595 731/98/610 729/92/604
f 729/92/604 726/99/611 730/96/608
f 729/92/604 723/100/612 726/99/611
f 731/98/610 723/100/612 729/92/604
f 731/98/610 727/101/613 723/100/612
f 981/97/609 1002/102/614 1017/95/607
f 981/97/609 983/103/615 1002/102/614
f 982/93/606 983/103/615 981/97/609
f 1223/564/582 1229/564/616 1228/575/617
f 1223/564/582 1228/575/617 1224/575/600
f 1527/576/618 1528/577/619 1529/115/620
f 1529/115/620 1533/115/621 1525/578/622
f 1527/576/618 1529/115/620 1530/578/623
f 1528/112/619 1532/114/113 1531/113/624
f 1529/115/620 1531/115/624 1533/115/621
f 1530/578/623 1525/578/622 1522/578/625
f 1227/563/581 1229/564/616 1223/564/582
f 1528/577/619 1531/115/624 1529/115/620
f 1530/578/623 1529/115/620 1525/578/622
f 1522/578/625 1523/579/626 1524/580/627
f 1522/578/625 1525/578/622 1523/579/626
f 991/94/605 984/120/628 982/93/606
f 991/581/605 1024/582/629 984/583/628
f 1237/573/597 1240/584/630 1239/585/631
f 1237/573/597 1239/585/631 1238/573/598
f 982/93/606 984/120/628 983/103/615
f 1519/124/632 1520/126/633 1521/125/634
f 1531/586/624 1534/587/635 1533/588/621
f 1531/113/624 1536/589/636 1534/590/635
f 723/100/612 724/130/637 725/129/638
f 723/100/612 725/129/638 726/99/611
f 724/130/637 733/132/639 732/131/640
f 724/130/637 732/131/640 725/129/638
f 1525/578/622 1526/591/641 1523/579/626
f 983/103/615 989/134/642 1002/102/614
f 1525/578/622 1533/115/621 1526/591/641
f 983/103/615 985/135/643 989/134/642
f 984/120/628 985/135/643 983/103/615
f 984/120/628 986/136/644 985/135/643
f 1024/121/629 1020/137/645 986/136/644
f 1024/121/629 986/136/644 984/120/628
f 1020/137/645 947/138/646 986/136/644
f 1020/137/645 1008/139/647 947/138/646
f 1533/110/621 1534/127/635 1535/140/648
f 1533/115/621 1535/592/648 1526/591/641
f 727/101/613 724/130/637 723/100/612
f 986/136/644 947/138/646 949/141/649
f 986/136/644 949/141/649 985/135/643
f 985/135/643 949/141/649 988/142/650
f 985/135/643 988/142/650 989/134/642
f 728/143/651 733/132/639 724/130/637
f 727/101/613 728/143/651 724/130/637
f 728/143/651 734/144/652 733/132/639
f 861/75/589 858/145/653 943/91/601
f 857/148/654 855/149/655 945/150/656
f 997/46/560 1000/151/657 970/45/561
f 1455/152/658 1445/154/659 1454/153/660
f 1454/153/660 1447/156/661 1456/155/662
f 1447/156/661 1452/157/663 1456/155/662
f 970/45/561 1000/151/657 967/158/664
f 970/45/561 967/158/664 969/49/564
f 1213/56/570 1221/159/665 1210/54/568
f 969/593/564 968/594/666 995/595/565
f 969/49/564 967/158/664 968/160/666
f 995/595/565 968/594/666 1009/596/667
f 1210/597/568 1221/598/665 1219/599/668
f 1208/597/566 1219/599/668 1220/599/669
f 1208/51/566 1210/54/568 1219/162/668
f 1536/589/636 1538/600/670 1537/601/671
f 1008/602/647 1007/603/672 947/602/646
f 1536/589/636 1537/601/671 1534/590/635
f 1535/604/648 1537/605/671 1539/606/673
f 947/602/646 948/603/674 949/607/649
f 1534/127/635 1537/608/671 1535/140/648
f 947/602/646 1007/603/672 948/603/674
f 949/607/649 948/603/674 950/609/675
f 949/607/649 950/609/675 988/607/650
f 1030/610/676 1031/611/677 1028/612/678
f 1030/174/676 1028/175/678 1027/177/679
f 1030/610/676 1032/613/680 1031/611/677
f 988/607/650 950/609/675 1010/609/681
f 1027/177/679 1028/175/678 1029/180/682
f 1542/185/683 1541/185/684 1544/185/685
f 1542/185/683 1544/185/685 1545/185/686
f 1546/185/687 1542/185/683 1545/185/686
f 1546/185/687 1545/185/686 1547/185/688
f 1556/186/689 1558/188/690 1559/187/691
f 1556/186/689 1557/189/692 1558/188/690
f 1000/151/657 999/191/693 965/190/694
f 1000/151/657 965/190/694 967/158/664
f 1447/156/661 1449/192/695 1452/157/663
f 1447/156/661 1446/193/696 1449/192/695
f 1445/154/659 1446/193/696 1447/156/661
f 1445/154/659 1448/194/697 1446/193/696
f 967/158/664 966/195/698 968/160/666
f 967/158/664 965/190/694 966/195/698
f 999/191/693 963/196/699 965/190/694
f 999/191/693 1021/197/700 963/196/699
f 1446/193/696 1450/199/701 1453/198/702
f 1486/200/703 1487/202/704 1488/201/695
f 1448/194/697 1451/203/705 1450/199/701
f 1448/194/697 1450/199/701 1446/193/696
f 1548/185/706 1540/185/707 1542/185/683
f 1548/185/706 1542/185/683 1546/185/687
f 1551/204/708 1540/185/707 1548/185/706
f 1551/204/708 1549/185/709 1540/185/707
f 968/160/666 966/195/698 992/205/710
f 968/160/666 992/205/710 1009/161/667
f 1540/185/707 1543/185/711 1541/185/684
f 965/190/694 963/196/699 964/206/712
f 966/195/698 993/614/713 992/205/710
f 966/195/698 964/206/712 993/614/713
f 1540/185/707 1541/185/684 1542/185/683
f 1549/185/709 1543/185/711 1540/185/707
f 965/190/694 964/206/712 966/195/698
f 1549/185/709 1550/185/714 1543/185/711
f 939/211/715 940/213/716 878/212/717
f 938/214/718 939/211/715 878/212/717
f 1543/185/711 1554/185/719 1553/185/720
f 1543/185/711 1553/185/720 1541/185/684
f 1478/215/721 1481/217/722 1479/216/723
f 1541/185/684 1552/185/724 1544/185/685
f 1541/185/684 1553/185/720 1552/185/724
f 1478/215/721 1479/216/723 1480/218/725
f 1481/217/722 1482/219/726 1479/216/723
f 1198/220/727 1193/221/728 1199/221/729
f 1197/222/730 1196/223/731 1193/221/728
f 1481/217/722 1483/615/732 1482/219/726
f 1198/220/727 1199/221/729 1200/220/733
f 1197/222/730 1193/221/728 1198/220/727
f 963/196/699 962/227/734 964/206/712
f 1550/185/714 1554/185/719 1543/185/711
f 963/196/699 961/228/735 962/227/734
f 964/206/712 962/227/734 1025/231/736
f 1021/197/700 961/228/735 963/196/699
f 964/206/712 1025/231/736 993/614/713
f 1550/185/714 1555/185/737 1554/185/719
f 962/227/734 1011/232/738 1025/231/736
f 962/227/734 959/233/739 1011/232/738
f 1203/222/740 1202/223/741 1196/223/731
f 961/228/735 959/233/739 962/227/734
f 1203/222/740 1196/223/731 1197/222/730
f 1019/234/742 960/235/743 961/228/735
f 1019/234/742 1013/236/744 960/235/743
f 1463/237/745 1457/239/746 1464/238/747
f 1021/197/700 1019/234/742 961/228/735
f 1463/237/745 1460/240/748 1457/239/746
f 1465/241/749 1464/238/747 1466/242/750
f 961/228/735 960/235/743 959/233/739
f 1465/241/749 1463/237/745 1464/238/747
f 896/243/751 889/245/752 899/244/753
f 899/244/753 889/245/752 900/246/754
f 895/616/755 901/617/756 894/618/757
f 1090/247/758 1118/249/759 1095/248/760
f 1497/250/761 1494/252/762 1495/251/763
f 1497/250/761 1495/251/763 1498/253/764
f 1089/254/765 1101/256/766 1103/255/767
f 1083/257/768 1101/256/766 1089/254/765
f 1083/257/768 1080/258/769 1101/256/766
f 1499/259/770 1492/260/771 1494/252/762
f 1494/252/762 1489/261/772 1495/251/763
f 1090/247/758 1089/254/765 1118/249/759
f 1494/252/762 1492/260/771 1489/261/772
f 1160/619/773 1161/620/774 1162/621/775
f 842/622/776 826/623/777 832/624/778
f 832/624/778 825/625/779 809/626/780
f 832/624/778 844/627/781 842/622/776
f 1415/628/782 1406/629/783 1402/630/784
f 842/622/776 848/631/785 826/623/777
f 832/624/778 826/623/777 825/625/779
f 1415/628/782 1417/632/786 1406/629/783
f 1160/619/773 1163/633/787 1161/620/774
f 1148/634/788 1156/635/789 1140/636/790
f 1406/629/783 1405/637/791 1402/630/784
f 1406/629/783 1407/638/792 1405/637/791
f 1573/262/793 1572/264/794 1574/263/795
f 1094/265/796 1105/267/797 1088/266/798
f 1569/268/799 1570/270/800 1571/269/801
f 1569/268/799 1571/269/801 1572/264/794
f 1087/271/802 1088/266/798 1049/272/803
f 1094/265/796 1088/266/798 1087/271/802
f 1094/265/796 1095/248/760 1108/273/804
f 1573/262/793 1569/268/799 1572/264/794
f 1105/267/797 1108/273/804 1107/274/805
f 1105/267/797 1094/265/796 1108/273/804
f 1086/275/806 1085/276/807 1087/271/802
f 1086/275/806 1084/277/808 1085/276/807
f 1094/265/796 1090/247/758 1095/248/760
f 1157/639/809 1147/640/810 1150/641/811
f 1087/271/802 1085/276/807 1090/247/758
f 1087/271/802 1090/247/758 1094/265/796
f 1157/639/809 1150/641/811 1159/642/812
f 1149/643/813 1147/640/810 1157/639/809
f 1416/644/814 1409/645/815 1412/646/816
f 1408/647/817 1412/646/816 1409/645/815
f 1408/647/817 1413/648/818 1412/646/816
f 1087/271/802 1049/272/803 1086/275/806
f 1405/637/791 1413/648/818 1408/647/817
f 1086/649/806 1049/650/803 1119/651/819
f 1405/637/791 1407/638/792 1413/648/818
f 1163/633/787 1164/652/820 1161/620/774
f 1163/633/787 1165/653/821 1164/652/820
f 812/654/822 828/655/823 831/656/824
f 1177/657/825 1178/658/826 1165/653/821
f 1139/659/827 1135/660/828 1126/661/829
f 1139/659/827 1140/636/790 1135/660/828
f 1148/662/788 1140/663/790 1139/662/827
f 1177/657/825 1165/653/821 1163/633/787
f 1178/658/826 1167/664/830 1165/653/821
f 1178/658/826 1179/665/831 1167/664/830
f 1126/661/829 1133/666/832 1120/667/833
f 793/308/834 802/668/835 815/669/836
f 815/670/836 802/671/835 824/672/837
f 1165/653/821 1166/673/838 1164/652/820
f 1126/661/829 1135/660/828 1133/666/832
f 815/670/836 824/672/837 828/655/823
f 1165/653/821 1167/664/830 1166/673/838
f 812/654/822 815/670/836 828/655/823
f 792/674/839 793/308/834 815/669/836
f 832/624/778 831/656/824 844/627/781
f 809/626/780 831/656/824 832/624/778
f 809/626/780 812/654/822 831/656/824
f 792/674/839 815/669/836 812/675/822
f 789/676/840 790/309/400 791/677/841
f 790/309/400 793/308/834 792/674/839
f 809/678/780 789/676/840 791/677/841
f 809/626/780 825/625/779 789/679/840
f 791/677/841 790/309/400 792/674/839
f 791/677/841 812/675/822 809/678/780
f 791/677/841 792/674/839 812/675/822
f 1084/277/808 1083/257/768 1085/276/807
f 1084/277/808 1082/278/842 1083/257/768
f 1147/640/810 1128/680/843 1146/681/844
f 1147/640/810 1146/681/844 1150/641/811
f 1085/276/807 1089/254/765 1090/247/758
f 1085/276/807 1083/257/768 1089/254/765
f 1148/634/788 1139/659/827 1142/682/845
f 1149/643/813 1142/682/845 1147/640/810
f 1139/659/827 1127/683/846 1142/682/845
f 1139/659/827 1126/661/829 1127/683/846
f 1142/682/845 1127/683/846 1128/680/843
f 1142/682/845 1128/680/843 1147/640/810
f 1148/634/788 1142/682/845 1149/643/813
f 1126/661/829 1120/667/833 1125/684/847
f 1127/683/846 1125/684/847 1123/685/848
f 1082/278/842 1081/279/849 1080/258/769
f 1082/278/842 1080/258/769 1083/257/768
f 1127/683/846 1123/685/848 1128/680/843
f 1126/661/829 1125/684/847 1127/683/846
f 1128/680/843 1143/686/850 1146/681/844
f 1128/680/843 1123/685/848 1143/686/850
f 1583/280/851 1584/281/852 1585/280/851
f 793/308/834 794/305/853 802/668/835
f 1196/223/731 1202/223/741 1201/282/854
f 1196/223/731 1201/282/854 1194/283/855
f 1011/232/738 959/233/739 958/284/856
f 1011/232/738 958/284/856 1012/285/857
f 959/233/739 960/235/743 957/286/858
f 959/233/739 957/286/858 958/284/856
f 1193/221/728 1194/283/855 1195/283/288
f 1193/221/728 1196/223/731 1194/283/855
f 1482/287/726 1483/287/732 1484/288/859
f 1482/287/726 1484/288/859 1485/288/860
f 1457/687/746 1460/687/748 1458/688/861
f 1457/687/746 1458/688/861 1459/688/862
f 960/235/743 1013/236/744 998/293/863
f 960/235/743 998/293/863 957/286/858
f 1103/255/767 1101/256/766 1102/689/864
f 1103/255/767 1102/689/864 1104/690/865
f 1489/261/772 1492/260/771 1490/298/866
f 1489/261/772 1490/298/866 1491/299/867
f 891/691/868 925/692/869 890/693/870
f 1101/256/766 1079/694/871 1102/689/864
f 1101/256/766 1080/258/769 1079/694/871
f 1167/664/830 1176/695/872 1166/673/838
f 1120/696/833 1132/697/873 1121/698/874
f 1120/696/833 1133/699/832 1132/697/873
f 1179/665/831 1175/700/875 1167/664/830
f 802/668/835 823/701/876 824/702/837
f 802/668/835 803/310/877 823/701/876
f 794/305/853 773/307/400 775/306/878
f 793/308/834 773/307/400 794/305/853
f 794/305/853 803/310/877 802/668/835
f 790/309/400 773/307/400 793/308/834
f 794/305/853 775/306/878 803/310/877
f 1123/685/848 1125/684/847 1122/703/879
f 1120/696/833 1121/698/874 1122/704/879
f 1143/705/850 1124/706/880 1144/707/881
f 1123/708/848 1122/704/879 1124/706/880
f 1120/696/833 1122/704/879 1125/709/847
f 1080/304/769 1078/311/881 1079/303/871
f 1080/258/769 1081/279/849 1078/710/881
f 1143/686/850 1123/685/848 1124/711/880
f 1194/283/855 1191/313/882 1192/313/308
f 1201/282/854 1191/313/882 1194/283/855
f 1194/283/855 1192/313/308 1195/283/288
f 1201/282/854 1190/314/883 1191/313/882
f 1185/313/884 1184/313/885 1186/313/312
f 1187/712/886 1181/713/887 1185/714/884
f 1185/714/884 1181/713/887 1184/715/885
f 955/315/888 953/317/889 954/316/890
f 956/318/891 1023/320/892 1018/319/893
f 1191/313/882 1185/313/884 1186/313/312
f 1191/313/882 1186/313/312 1192/313/308
f 1190/716/883 1187/712/886 1185/714/884
f 1190/314/883 1185/313/884 1191/313/882
f 956/318/891 954/316/890 1023/320/892
f 955/315/888 954/316/890 956/318/891
f 1458/688/861 1462/717/894 1461/717/895
f 958/284/856 956/318/891 1018/319/893
f 957/286/858 956/318/891 958/284/856
f 957/286/858 955/315/888 956/318/891
f 1476/718/896 1473/718/897 1474/718/898
f 998/293/863 990/329/899 955/315/888
f 1458/688/861 1461/717/895 1459/688/862
f 998/293/863 955/315/888 957/286/858
f 1476/718/896 1474/718/898 1477/718/900
f 958/284/856 1018/319/893 1012/285/857
f 1474/718/898 1469/719/901 1472/719/902
f 1473/718/897 1469/719/901 1474/718/898
f 1473/718/897 1467/719/903 1469/719/901
f 990/329/899 953/317/889 955/315/888
f 1474/718/898 1472/719/902 1475/718/904
f 990/329/899 1001/338/905 953/317/889
f 1188/720/906 1189/721/907 1182/722/908
f 952/342/909 1007/343/672 1022/723/910
f 1188/720/906 1182/722/908 1181/713/887
f 1181/713/887 1183/724/911 1184/715/885
f 1181/713/887 1182/722/908 1183/724/911
f 952/342/909 948/344/674 1007/343/672
f 951/345/912 948/344/674 952/342/909
f 1001/338/905 987/346/913 951/345/912
f 954/316/890 952/342/909 1022/723/910
f 1187/712/886 1188/720/906 1181/713/887
f 953/317/889 951/345/912 952/342/909
f 953/317/889 952/342/909 954/316/890
f 954/316/890 1022/723/910 1023/320/892
f 1469/335/901 1471/725/914 1472/726/902
f 1001/338/905 951/345/912 953/317/889
f 1034/350/915 1028/175/678 1031/176/677
f 1469/335/901 1468/354/916 1471/725/914
f 1033/352/917 1028/175/678 1034/350/915
f 1033/352/917 1029/180/682 1028/175/678
f 951/345/912 950/353/675 948/344/674
f 1467/719/903 1468/719/916 1469/719/901
f 1467/719/903 1470/719/918 1468/719/916
f 987/346/913 1010/356/681 950/353/675
f 987/346/913 950/353/675 951/345/912
f 1034/350/915 1031/176/677 1035/357/919
f 887/358/920 888/360/921 850/359/922
f 853/361/923 946/363/924 854/362/925
f 923/364/926 921/366/927 926/365/928
f 922/367/929 919/369/930 921/368/927
f 924/727/931 923/364/926 890/693/870
f 924/370/931 922/367/929 923/371/926
f 922/367/929 921/368/927 923/371/926
f 925/692/869 924/727/931 890/693/870
f 803/310/877 804/728/932 816/729/933
f 1175/730/934 1174/731/935 1176/732/936
f 1175/730/934 1172/733/937 1174/731/935
f 803/310/877 816/729/933 823/701/876
f 1180/734/938 1172/733/937 1175/730/934
f 1180/734/938 1173/735/939 1172/733/937
f 1172/733/937 1168/736/940 1171/737/941
f 1173/735/939 1168/736/940 1172/733/937
f 1172/733/937 1171/737/941 1174/731/935
f 804/738/932 818/739/942 816/740/933
f 816/741/933 818/742/942 836/743/943
f 1131/744/944 1134/745/945 1136/746/946
f 1121/698/874 1134/745/945 1131/744/944
f 1121/698/874 1132/697/873 1134/745/945
f 1131/744/944 1136/746/946 1138/747/947
f 774/372/948 775/306/878 773/307/400
f 775/306/878 804/728/932 803/310/877
f 774/372/948 773/307/400 776/373/949
f 775/306/878 774/372/948 804/728/932
f 774/372/948 776/373/949 805/748/950
f 774/372/948 805/748/950 804/728/932
f 804/738/932 805/749/950 818/739/942
f 776/373/949 773/307/400 777/750/951
f 773/307/400 778/486/952 777/750/951
f 776/373/949 777/750/951 808/751/953
f 776/752/949 808/753/953 805/749/950
f 805/749/950 821/754/954 818/739/942
f 818/742/942 837/755/955 836/743/943
f 818/742/942 821/756/954 837/755/955
f 805/749/950 808/753/953 821/754/954
f 1168/736/940 1169/757/956 1170/758/957
f 1168/736/940 1170/758/957 1171/737/941
f 821/756/954 820/759/958 843/760/959
f 1311/761/960 1308/762/961 1290/763/962
f 821/756/954 843/760/959 837/755/955
f 808/751/953 801/489/963 820/764/958
f 777/750/951 801/489/963 808/751/953
f 808/753/953 820/765/958 821/754/954
f 777/750/951 778/486/952 801/489/963
f 1311/761/960 1290/763/962 1295/766/964
f 1294/767/965 1290/763/962 1289/768/966
f 1294/767/965 1295/766/964 1290/763/962
f 1138/747/947 1154/769/967 1153/770/968
f 1138/747/947 1136/746/946 1154/769/967
f 1078/311/881 1077/374/969 1079/303/871
f 1508/771/970 1507/772/971 1496/380/972
f 1079/694/871 1113/773/973 1102/689/864
f 1490/298/866 1496/380/972 1493/379/974
f 1102/689/864 1114/774/975 1104/690/865
f 1079/694/871 1077/775/969 1113/773/973
f 1490/298/866 1493/379/974 1491/299/867
f 1124/706/880 1145/776/976 1144/707/881
f 1078/311/881 1076/387/977 1077/374/969
f 1496/380/972 1501/383/978 1500/382/979
f 1496/380/972 1500/382/979 1493/379/974
f 1077/775/969 1091/777/980 1113/773/973
f 1507/772/971 1506/778/981 1501/383/978
f 1507/772/971 1501/383/978 1496/380/972
f 1121/698/874 1131/744/944 1130/779/982
f 1122/704/879 1129/780/983 1124/706/880
f 1121/698/874 1130/779/982 1122/704/879
f 1122/704/879 1130/779/982 1129/780/983
f 1124/706/880 1129/780/983 1145/776/976
f 1138/747/947 1152/781/984 1137/782/985
f 1131/744/944 1137/782/985 1130/779/982
f 1131/744/944 1138/747/947 1137/782/985
f 1137/782/985 1152/781/984 1151/783/986
f 1137/782/985 1151/783/986 1141/784/987
f 1130/779/982 1137/782/985 1141/784/987
f 1130/779/982 1141/784/987 1129/780/983
f 1129/780/983 1141/784/987 1155/785/988
f 1076/387/977 1074/389/989 1075/388/990
f 1076/387/977 1075/388/990 1077/374/969
f 1077/374/969 1075/388/990 1091/384/980
f 1129/780/983 1155/785/988 1145/776/976
f 1506/386/981 1505/390/991 1501/385/978
f 1074/389/989 1073/786/992 1075/388/990
f 1074/389/989 1072/787/993 1073/786/992
f 1141/784/987 1158/788/994 1155/785/988
f 1075/388/990 1073/786/992 1096/399/995
f 1075/388/990 1096/399/995 1091/384/980
f 1141/784/987 1151/783/986 1158/788/994
f 1138/747/947 1153/770/968 1152/781/984
f 1506/386/981 1503/391/996 1505/390/991
f 1296/789/997 1291/790/998 1297/791/999
f 1072/787/993 1070/792/1000 1073/786/992
f 1072/787/993 1071/793/1001 1070/792/1000
f 1301/794/1002 1297/791/999 1306/795/1003
f 1296/789/997 1297/791/999 1301/794/1002
f 1301/794/1002 1306/795/1003 1310/796/1004
f 1294/767/965 1289/768/966 1291/790/998
f 1294/767/965 1291/790/998 1296/789/997
f 1505/392/991 1509/394/1005 1502/393/1006
f 1073/786/992 1097/401/1007 1096/399/995
f 1505/392/991 1504/395/1008 1509/394/1005
f 1516/396/1009 1517/398/1010 1518/397/1011
f 1096/399/995 1097/401/1007 1098/400/1008
f 1503/391/996 1504/402/1008 1505/390/991
f 1073/786/992 1070/792/1000 1097/401/1007
f 1501/383/978 1502/393/1012 1500/382/979
f 919/369/930 920/403/1013 921/368/927
f 920/797/1013 918/798/1014 927/799/1015
f 917/406/1016 918/405/1014 919/369/930
f 919/369/930 918/405/1014 920/403/1013
f 927/799/1015 918/798/1014 928/800/1017
f 811/801/1018 826/623/777 827/802/1019
f 1414/803/1020 1402/630/784 1404/804/1021
f 1402/630/784 1403/805/1022 1404/804/1021
f 1418/806/1023 1419/807/1024 1415/628/782
f 825/625/779 826/623/777 811/801/1018
f 1402/630/784 1405/637/791 1403/805/1022
f 1418/806/1023 1415/628/782 1414/803/1020
f 1414/803/1020 1415/628/782 1402/630/784
f 789/679/840 825/625/779 788/808/1025
f 825/625/779 811/801/1018 788/808/1025
f 789/679/840 771/809/400 790/810/400
f 789/679/840 788/808/1025 771/809/400
f 1575/408/1026 1573/262/793 1574/263/795
f 1088/266/798 1100/410/1027 1050/409/1028
f 1105/267/797 1100/410/1027 1088/266/798
f 1105/267/797 1106/411/1029 1100/410/1027
f 1575/408/1026 1576/412/1030 1573/262/793
f 1107/274/805 1106/411/1029 1105/267/797
f 1409/645/815 1399/811/1031 1410/812/1032
f 1088/266/798 1050/409/1028 1049/272/803
f 1408/647/817 1410/812/1032 1411/813/1033
f 1408/647/817 1409/645/815 1410/812/1032
f 1403/805/1022 1405/637/791 1408/647/817
f 1403/805/1022 1408/647/817 1411/813/1033
f 1420/814/1034 1399/811/1031 1409/645/815
f 1049/272/803 1050/409/1028 1051/413/1035
f 1607/417/1036 1605/416/304 1606/414/1037
f 903/423/1038 937/425/1039 936/424/1040
f 903/423/1038 936/424/1040 933/426/1041
f 933/426/1041 934/428/1042 904/427/1043
f 934/428/1042 935/429/1044 904/427/1043
f 1398/815/1045 1397/816/1046 1400/817/1047
f 1398/815/1045 1400/817/1047 1401/818/1048
f 1388/819/1049 1380/820/1050 1397/820/1046
f 1404/821/1021 1398/822/1045 1414/823/1020
f 1388/824/1049 1397/816/1046 1398/815/1045
f 1414/823/1020 1401/825/1048 1418/826/1023
f 827/827/1019 810/828/1051 811/450/1018
f 827/827/1019 834/829/1052 810/828/1051
f 1404/821/1021 1388/830/1049 1398/822/1045
f 1414/823/1020 1398/822/1045 1401/825/1048
f 1404/804/1021 1389/831/1053 1388/832/1049
f 1388/832/1049 1382/833/1054 1380/834/1050
f 1388/832/1049 1389/831/1053 1382/833/1054
f 1404/804/1021 1403/805/1022 1389/831/1053
f 1567/430/1055 1563/432/1056 1568/431/1057
f 1567/430/1055 1560/433/1058 1563/432/1056
f 1575/408/1026 1578/435/1059 1577/434/1060
f 1575/408/1026 1577/434/1060 1576/412/1030
f 1576/412/1030 1577/434/1060 1579/436/1061
f 1100/410/1027 1053/437/1062 1050/409/1028
f 1100/410/1027 1099/438/1063 1053/437/1062
f 1050/409/1028 1052/439/1064 1051/413/1035
f 1050/409/1028 1053/437/1062 1052/439/1064
f 1106/411/1029 1099/438/1063 1100/410/1027
f 1399/811/1031 1390/835/1065 1410/812/1032
f 1399/811/1031 1391/836/1066 1390/835/1065
f 1410/812/1032 1387/837/1067 1411/813/1033
f 1410/812/1032 1390/835/1065 1387/837/1067
f 1411/813/1033 1389/831/1053 1403/805/1022
f 1411/813/1033 1387/837/1067 1389/831/1053
f 1390/835/1065 1386/838/1068 1381/839/1069
f 1053/437/1062 1055/441/1070 1054/440/1071
f 1391/836/1066 1386/838/1068 1390/835/1065
f 1099/438/1063 1092/442/1072 1055/441/1070
f 1390/835/1065 1381/839/1069 1387/837/1067
f 1391/836/1066 1395/840/1073 1386/838/1068
f 1116/443/1074 1092/442/1072 1099/438/1063
f 1116/443/1074 1115/444/1075 1092/442/1072
f 1099/438/1063 1055/441/1070 1053/437/1062
f 1053/437/1062 1054/440/1071 1052/439/1064
f 902/445/1076 904/427/1043 905/446/1077
f 833/841/1078 795/842/1079 799/843/1080
f 811/450/1018 810/828/1051 787/447/1081
f 787/447/1081 786/449/1082 771/448/400
f 810/828/1051 799/456/1080 786/449/1082
f 810/828/1051 786/449/1082 787/447/1081
f 834/829/1052 799/456/1080 810/828/1051
f 811/450/1018 787/447/1081 788/451/1025
f 834/844/1052 833/841/1078 799/843/1080
f 788/451/1025 787/447/1081 771/448/400
f 795/452/1079 796/454/1083 784/453/1084
f 771/448/400 786/449/1082 785/455/404
f 795/452/1079 784/453/1084 785/455/404
f 799/456/1080 795/452/1079 785/455/404
f 799/456/1080 785/455/404 786/449/1082
f 840/845/1085 841/846/1086 829/847/1087
f 1380/820/1050 1392/820/1088 1397/820/1046
f 840/845/1085 829/847/1087 833/841/1078
f 833/841/1078 829/847/1087 795/842/1079
f 1380/820/1050 1375/820/1089 1392/820/1088
f 1375/820/1089 1378/820/1090 1396/820/1091
f 1375/820/1089 1396/820/1091 1392/820/1088
f 829/847/1087 796/848/1083 795/842/1079
f 841/846/1086 822/849/1092 829/847/1087
f 841/846/1086 846/850/1093 822/849/1092
f 829/847/1087 822/849/1092 796/848/1083
f 1380/820/1050 1376/851/1094 1375/820/1089
f 1380/820/1050 1382/851/1054 1376/851/1094
f 1375/820/1089 1376/851/1094 1377/851/1095
f 1375/820/1089 1377/851/1095 1378/820/1090
f 1387/837/1067 1382/833/1054 1389/831/1053
f 1386/851/1068 1379/851/1096 1381/851/1069
f 1381/851/1069 1379/851/1096 1376/851/1094
f 1381/851/1069 1376/851/1094 1382/851/1054
f 1387/837/1067 1381/839/1069 1382/833/1054
f 1386/851/1068 1384/851/1097 1379/851/1096
f 1055/441/1070 1056/457/1098 1054/440/1071
f 1055/441/1070 1057/458/1099 1056/457/1098
f 1395/840/1073 1393/852/1100 1384/853/1097
f 1395/840/1073 1384/853/1097 1386/838/1068
f 1092/442/1072 1057/458/1099 1055/441/1070
f 1393/852/1100 1385/854/1101 1384/853/1097
f 1379/851/1096 1377/851/1095 1376/851/1094
f 1379/851/1096 1383/851/1102 1377/851/1095
f 1384/851/1097 1385/851/1101 1383/851/1102
f 1384/851/1097 1383/851/1102 1379/851/1096
f 1115/444/1075 1093/459/1103 1092/442/1072
f 1092/442/1072 1093/459/1103 1057/458/1099
f 1563/432/1056 1562/461/1104 1566/460/1105
f 1560/433/1058 1561/462/1106 1562/461/1104
f 1560/433/1058 1562/461/1104 1563/432/1056
f 1117/463/1107 1112/464/1108 1093/459/1103
f 1117/463/1107 1044/465/1109 1112/464/1108
f 1093/459/1103 1112/464/1108 1059/466/1110
f 1561/462/1106 1565/468/1111 1564/467/1112
f 1093/459/1103 1059/466/1110 1057/458/1099
f 1561/462/1106 1564/467/1112 1562/461/1104
f 1057/458/1099 1058/469/1113 1056/457/1098
f 1057/458/1099 1059/466/1110 1058/469/1113
f 1393/852/1100 1394/855/1114 1385/854/1101
f 904/427/1043 908/471/1115 907/470/1116
f 904/427/1043 907/470/1116 906/472/1117
f 904/427/1043 906/472/1117 905/446/1077
f 771/448/400 772/473/400 773/307/400
f 771/448/400 773/307/400 790/309/400
f 796/454/1083 783/477/456 784/453/1084
f 785/455/404 784/453/1084 772/473/400
f 784/453/1084 783/477/456 772/473/400
f 771/448/400 785/455/404 772/473/400
f 796/856/1083 798/857/457 783/858/456
f 846/859/1093 817/860/1118 822/861/1092
f 822/861/1092 817/860/1118 798/857/457
f 822/861/1092 798/857/457 796/856/1083
f 846/862/1093 847/862/1119 817/862/1118
f 1321/863/1120 1335/864/1121 1336/863/1122
f 1321/865/1120 1317/865/1123 1335/865/1121
f 1321/863/1120 1322/866/1124 1318/867/1125
f 1321/863/1120 1318/867/1125 1317/864/1123
f 1044/465/1109 1042/480/1126 1043/479/1127
f 1044/465/1109 1045/481/1128 1042/480/1126
f 1323/866/1129 1324/866/1130 1326/867/1131
f 1323/865/1129 1326/865/1131 1327/865/1132
f 1323/865/1129 1327/865/1132 1318/865/1125
f 1323/865/1129 1318/865/1125 1322/865/1124
f 1324/866/1130 1334/868/1133 1325/869/1134
f 1112/870/1108 1044/871/1109 1043/872/1127
f 1112/870/1108 1043/872/1127 1111/873/1135
f 1324/865/1130 1325/865/1134 1326/865/1131
f 1058/874/1113 1060/875/1136 1061/876/1137
f 1059/877/1110 1112/870/1108 1111/873/1135
f 1059/877/1110 1111/873/1135 1060/875/1136
f 1058/469/1113 1059/466/1110 1060/878/1136
f 908/471/1115 904/427/1043 909/879/1138
f 908/482/1115 909/483/1138 910/485/1139
f 778/486/952 779/488/1140 800/487/1141
f 778/486/952 800/487/1141 801/489/963
f 773/307/400 772/473/400 779/488/1140
f 773/307/400 779/488/1140 778/486/952
f 820/880/958 845/880/1142 843/880/959
f 820/880/958 819/880/1143 845/880/1142
f 1287/881/1144 1289/768/966 1290/763/962
f 801/489/963 800/487/1141 819/493/1143
f 801/882/963 819/883/1143 820/884/958
f 1287/885/1144 1288/885/1145 1289/886/966
f 1308/887/961 1309/888/1146 1287/888/1144
f 1308/762/961 1287/881/1144 1290/763/962
f 1306/889/1003 1298/889/1147 1307/889/1148
f 1292/889/1149 1298/889/1147 1297/889/999
f 1070/890/1000 1068/891/1150 1069/891/1151
f 1071/892/1001 1068/891/1150 1070/890/1000
f 1292/889/1149 1297/889/999 1291/889/998
f 1297/889/999 1298/889/1147 1306/889/1003
f 1288/885/1145 1291/886/998 1289/886/966
f 1288/885/1145 1292/885/1149 1291/886/998
f 1097/893/1007 1109/894/1152 1098/893/1008
f 1097/893/1007 1069/894/1151 1109/894/1152
f 1070/890/1000 1069/891/1151 1097/890/1007
f 1510/501/1153 1512/502/1154 1513/527/1155
f 1510/501/1153 1511/503/1156 1512/502/1154
f 1098/895/1008 1109/896/1152 1110/897/1157
f 917/406/1016 915/504/1158 918/405/1014
f 917/406/1016 916/505/1159 915/504/1158
f 798/857/457 797/898/482 782/899/483
f 772/473/400 781/514/1160 780/513/1161
f 797/898/482 781/900/1160 782/899/483
f 782/511/483 781/514/1160 772/473/400
f 798/857/457 782/899/483 783/858/456
f 780/901/1161 781/902/1160 807/903/1162
f 772/904/400 780/905/1161 779/906/1140
f 783/477/456 782/511/483 772/473/400
f 797/898/482 807/907/1162 781/900/1160
f 817/860/1118 797/898/482 798/857/457
f 817/860/1118 814/908/1163 797/898/482
f 1317/865/1123 1320/865/1164 1337/865/1165
f 1317/865/1123 1337/865/1165 1335/865/1121
f 847/862/1119 838/862/1166 814/862/1163
f 847/862/1119 814/862/1163 817/862/1118
f 814/908/1163 807/907/1162 797/898/482
f 814/908/1163 830/909/1167 807/907/1162
f 838/862/1166 830/862/1167 814/862/1163
f 838/862/1166 835/862/1168 830/862/1167
f 1320/865/1164 1339/865/1169 1337/865/1165
f 1320/910/1164 1331/910/1170 1339/910/1169
f 1320/910/1164 1330/911/1171 1331/910/1170
f 1320/910/1164 1319/911/1172 1330/911/1171
f 1317/864/1123 1319/911/1172 1320/910/1164
f 1317/864/1123 1318/867/1125 1319/911/1172
f 835/862/1168 813/862/1173 830/862/1167
f 800/912/1141 806/913/1174 813/914/1173
f 779/906/1140 806/915/1174 800/916/1141
f 830/909/1167 806/913/1174 807/907/1162
f 830/909/1167 813/914/1173 806/913/1174
f 780/917/1161 807/907/1162 806/913/1174
f 779/906/1140 780/905/1161 806/915/1174
f 819/862/1143 813/862/1173 839/862/1175
f 1293/885/1176 1309/885/1146 1313/885/1177
f 800/912/1141 813/914/1173 819/918/1143
f 1303/885/1178 1293/885/1176 1313/885/1177
f 835/862/1168 839/862/1175 813/862/1173
f 1316/885/1179 1313/885/1177 1309/885/1146
f 1293/919/1176 1287/888/1144 1309/888/1146
f 1303/885/1178 1313/885/1177 1314/885/1180
f 1303/919/1178 1304/920/1181 1300/920/1182
f 1303/919/1178 1300/920/1182 1293/919/1176
f 1288/921/1145 1293/919/1176 1300/920/1182
f 1288/921/1145 1287/888/1144 1293/919/1176
f 1325/865/1134 1328/865/1183 1326/865/1131
f 1327/867/1132 1329/911/1184 1319/911/1172
f 1325/865/1134 1338/865/1185 1328/865/1183
f 1326/865/1131 1329/865/1184 1327/865/1132
f 1326/865/1131 1328/865/1183 1329/865/1184
f 1329/911/1184 1330/911/1171 1319/911/1172
f 1305/885/1186 1299/885/1187 1300/885/1182
f 1333/865/1188 1340/865/1189 1332/865/1190
f 1305/920/1186 1300/920/1182 1304/920/1181
f 1333/865/1188 1341/865/1191 1340/865/1189
f 1329/911/1184 1332/911/1190 1330/911/1171
f 1328/865/1183 1333/865/1188 1332/865/1190
f 1328/865/1183 1332/865/1190 1329/865/1184
f 1338/865/1185 1333/865/1188 1328/865/1183
f 1063/922/1192 1065/923/1193 1064/924/1194
f 1338/865/1185 1342/865/1195 1333/865/1188
f 1342/865/1195 1341/865/1191 1333/865/1188
f 1063/922/1192 1064/924/1194 1062/925/1196
f 1060/875/1136 1063/922/1192 1062/925/1196
f 1042/480/1126 1040/516/1197 1041/515/1198
f 1042/480/1126 1041/515/1198 1043/479/1127
f 1060/875/1136 1062/925/1196 1061/876/1137
f 1111/873/1135 1046/926/1199 1063/922/1192
f 1043/872/1127 1046/926/1199 1111/873/1135
f 1043/872/1127 1041/927/1198 1046/926/1199
f 1327/865/1132 1319/865/1172 1318/865/1125
f 1111/873/1135 1063/922/1192 1060/875/1136
f 1040/516/1197 1039/517/1200 1041/515/1198
f 1040/928/1197 1036/929/1201 1039/518/1200
f 1041/927/1198 1047/521/1202 1046/926/1199
f 1046/926/1199 1065/923/1193 1063/922/1192
f 1046/926/1199 1047/521/1202 1065/923/1193
f 1041/927/1198 1039/518/1200 1047/521/1202
f 1302/885/1203 1292/885/1149 1299/885/1187
f 1312/930/1204 1307/931/1148 1298/932/1147
f 1302/885/1203 1298/885/1147 1292/885/1149
f 1312/885/1204 1298/885/1147 1302/885/1203
f 1299/920/1187 1288/921/1145 1300/920/1182
f 1068/933/1150 1066/934/1205 1067/935/1206
f 1299/920/1187 1292/921/1149 1288/921/1145
f 1039/518/1200 1038/520/1207 1048/519/1208
f 1065/923/1193 1067/935/1206 1066/934/1205
f 1039/518/1200 1048/519/1208 1047/521/1202
f 1047/521/1202 1067/935/1206 1065/923/1193
f 1065/923/1193 1066/934/1205 1064/924/1194
f 1047/521/1202 1048/519/1208 1067/935/1206
f 1315/885/1209 1312/885/1204 1302/885/1203
f 1036/929/1201 1038/520/1207 1039/518/1200
f 1068/933/1150 1067/935/1206 1069/936/1151
f 1514/524/1210 1512/502/1154 1515/525/1211
f 1069/936/1151 1048/519/1208 1109/937/1152
f 1036/522/1201 1037/526/1212 1038/523/1207
f 1038/520/1207 1109/937/1152 1048/519/1208
f 1069/936/1151 1067/935/1206 1048/519/1208
f 1038/520/1207 1110/938/1157 1109/937/1152
f 1514/524/1210 1513/527/1155 1512/502/1154
f 910/485/1139 909/483/1138 911/528/1213
f 911/528/1213 909/483/1138 912/529/1214
f 909/483/1138 932/531/1215 931/530/1216
f 929/532/1217 930/534/1218 915/533/1158
f 914/535/1219 913/536/1220 915/504/1158
f 912/529/1214 913/536/1220 914/535/1219
f 913/939/1220 929/532/1217 915/533/1158
f 914/535/1219 915/504/1158 916/505/1159
f 912/529/1214 909/483/1138 913/536/1220
f 909/483/1138 931/530/1216 913/536/1220
f 1635/940/1221 713/940/1221 712/940/1221 1634/940/1221
f 1483/941/732 545/941/226 546/941/289 1484/941/859
f 369/597/51 1208/597/566 1220/599/669 381/599/160
f 1199/941/729 360/941/222 361/941/227 1200/941/733
f 1559/941/691 621/941/183 618/941/182 1556/941/689
f 345/313/313 698/940/1222 697/940/1222 344/313/339
f 886/941/1223 127/941/1224 126/941/1225 885/941/1226
f 535/941/326 885/941/1227 883/941/1228 538/941/324
f 1207/942/1229 368/943/1230 2301/944/1231 2245/945/1232 2357/946/1233 2229/947/1234 2317/948/1235 2261/949/1236 2373/950/1237 2224/951/1238 2306/952/1239 2250/953/1240 2362/954/1241 2234/955/1242 2322/956/1243 2266/957/1244 2378/958/1245 366/959/1246 1205/960/1247 2093/961/1248 1981/962/1249 2037/963/1250 1949/964/1251 2077/965/1252 1965/966/1253 2021/967/1254 1939/968/1255 2088/969/1256 1976/970/1257 2032/971/1258 1944/972/1259 2072/973/1260 1960/974/1261 2016/975/1262
f 1791/976/1263 1793/977/1264 1792/978/1265
f 1702/979/1266 1692/980/1267 1686/981/1268
f 1692/980/1267 1669/982/1269 1685/983/1270
f 1692/980/1267 1702/979/1266 1704/984/1271
f 1908/985/1272 1895/986/1273 1899/987/1274
f 1702/979/1266 1686/981/1268 1708/988/1275
f 1692/980/1267 1685/983/1270 1686/981/1268
f 1908/985/1272 1899/987/1274 1910/989/1276
f 1791/976/1263 1792/978/1265 1794/990/1277
f 1779/991/1278 1771/992/1279 1787/993/1280
f 1899/987/1274 1895/986/1273 1898/994/1281
f 1899/987/1274 1898/994/1281 1900/995/1282
f 1788/996/1283 1781/997/1284 1778/998/1285
f 1788/996/1283 1790/999/1286 1781/997/1284
f 1780/1000/1287 1788/996/1283 1778/998/1285
f 1909/1001/1288 1905/1002/1289 1902/1003/1290
f 1901/1004/1291 1902/1003/1290 1905/1002/1289
f 1901/1004/1291 1905/1002/1289 1906/1005/1292
f 1898/994/1281 1901/1004/1291 1906/1005/1292
f 1741/1006/1293 1750/1007/1294 1719/1008/1295
f 1898/994/1281 1906/1005/1292 1900/995/1282
f 1794/990/1277 1792/978/1265 1795/1009/1296
f 1794/990/1277 1795/1009/1296 1796/1010/1297
f 1672/1011/1298 1691/1012/1299 1688/1013/1300
f 1808/1014/1301 1796/1010/1297 1809/1015/1302
f 1770/1016/1303 1757/1017/1304 1766/1018/1305
f 1770/1016/1303 1766/1018/1305 1771/992/1279
f 1779/991/1278 1770/1016/1303 1771/992/1279
f 1808/1014/1301 1794/990/1277 1796/1010/1297
f 1809/1015/1302 1796/1010/1297 1798/1019/1306
f 1809/1015/1302 1798/1019/1306 1810/1020/1307
f 1757/1017/1304 1751/1021/1308 1764/1022/1309
f 1653/1023/1310 1675/1024/1311 1662/1025/1312
f 1675/1024/1311 1684/1026/1313 1662/1025/1312
f 1796/1010/1297 1795/1009/1296 1797/1027/1314
f 1757/1017/1304 1764/1022/1309 1766/1018/1305
f 1675/1024/1311 1688/1013/1300 1684/1026/1313
f 1796/1010/1297 1797/1027/1314 1798/1019/1306
f 1672/1011/1298 1688/1013/1300 1675/1024/1311
f 1652/1028/1315 1675/1024/1311 1653/1023/1310
f 1692/980/1267 1704/984/1271 1691/1012/1299
f 1669/982/1269 1692/980/1267 1691/1012/1299
f 1669/982/1269 1691/1012/1299 1672/1011/1298
f 1652/1028/1315 1672/1011/1298 1675/1024/1311
f 1649/1029/1316 1651/1030/1317 1650/1031/304
f 1650/1031/304 1652/1028/1315 1653/1023/1310
f 1669/982/1269 1651/1030/1317 1649/1029/1316
f 1669/982/1269 1649/1029/1316 1685/983/1270
f 1651/1030/1317 1652/1028/1315 1650/1031/304
f 1651/1030/1317 1669/982/1269 1672/1011/1298
f 1651/1030/1317 1672/1011/1298 1652/1028/1315
f 1778/998/1285 1777/1032/1318 1759/1033/1319
f 1778/998/1285 1781/997/1284 1777/1032/1318
f 1779/991/1278 1773/1034/1320 1770/1016/1303
f 1780/1000/1287 1778/998/1285 1773/1034/1320
f 1770/1016/1303 1773/1034/1320 1758/1035/1321
f 1770/1016/1303 1758/1035/1321 1757/1017/1304
f 1773/1034/1320 1759/1033/1319 1758/1035/1321
f 1773/1034/1320 1778/998/1285 1759/1033/1319
f 1779/991/1278 1780/1000/1287 1773/1034/1320
f 1757/1017/1304 1756/1036/1322 1751/1021/1308
f 1758/1035/1321 1754/1037/1323 1756/1036/1322
f 1758/1035/1321 1759/1033/1319 1754/1037/1323
f 1757/1017/1304 1758/1035/1321 1756/1036/1322
f 1759/1033/1319 1777/1032/1318 1774/1038/1324
f 1759/1033/1319 1774/1038/1324 1754/1037/1323
f 1653/1023/1310 1662/1025/1312 1654/1039/1325
f 1798/1040/1306 1797/1041/1314 1807/1042/1326
f 1751/1043/1308 1752/1044/1327 1763/1045/1328
f 1751/1043/1308 1763/1045/1328 1764/1046/1309
f 1810/1047/1307 1798/1040/1306 1806/1048/1329
f 1662/1049/1312 1684/1050/1313 1683/1051/1330
f 1662/1049/1312 1683/1051/1330 1663/1052/1331
f 1810/1047/1307 1806/1048/1329 1811/1053/1332
f 1798/1040/1306 1807/1042/1326 1806/1048/1329
f 1654/1039/1325 1662/1025/1312 1663/1054/1331
f 1754/1055/1323 1753/1056/1333 1756/1057/1322
f 1751/1043/1308 1753/1056/1333 1752/1044/1327
f 1774/1058/1324 1775/1059/1334 1755/1060/1335
f 1754/1055/1323 1755/1060/1335 1753/1056/1333
f 1751/1043/1308 1756/1057/1322 1753/1056/1333
f 1774/1058/1324 1755/1060/1335 1754/1055/1323
f 1663/1054/1331 1676/1061/1336 1664/1062/1337
f 1806/1063/1329 1807/1064/1326 1805/1065/1338
f 1806/1063/1329 1805/1065/1338 1803/1066/1339
f 1663/1054/1331 1683/1067/1330 1676/1061/1336
f 1811/1068/1332 1806/1063/1329 1803/1066/1339
f 1811/1068/1332 1803/1066/1339 1804/1069/1340
f 1803/1070/1339 1802/1071/1341 1799/1072/1342
f 1804/1073/1340 1803/1070/1339 1799/1072/1342
f 1803/1070/1339 1805/1074/1338 1802/1071/1341
f 1664/1075/1337 1676/1076/1336 1678/1077/1343
f 1676/1076/1336 1696/1078/1344 1678/1077/1343
f 1762/1079/1345 1767/1080/1346 1765/1081/1347
f 1752/1082/1327 1762/1083/1345 1765/1084/1347
f 1752/1082/1327 1765/1084/1347 1763/1085/1328
f 1762/1079/1345 1769/1086/1348 1767/1080/1346
f 1639/1087/1349 1663/1054/1331 1664/1062/1337
f 1639/1087/1349 1664/1062/1337 1638/1088/1350
f 1638/1089/1350 1665/1090/1351 1640/1091/1352
f 1638/1089/1350 1664/1075/1337 1665/1090/1351
f 1664/1075/1337 1678/1077/1343 1665/1090/1351
f 1640/1092/1352 1641/1093/1353 1637/1094/304
f 1637/1094/304 1641/1093/1353 1642/1095/1354
f 1640/1092/1352 1668/1096/1355 1641/1093/1353
f 1640/1091/1352 1665/1090/1351 1668/1097/1355
f 1665/1090/1351 1678/1077/1343 1681/1098/1356
f 1678/1077/1343 1696/1078/1344 1697/1099/1357
f 1678/1077/1343 1697/1099/1357 1681/1098/1356
f 1665/1090/1351 1681/1098/1356 1668/1097/1355
f 1799/1072/1342 1801/1100/1358 1800/1101/1359
f 1799/1072/1342 1802/1071/1341 1801/1100/1358
f 1681/1102/1356 1703/1103/1360 1680/1104/470
f 1836/1105/1361 1815/1106/1362 1833/1107/1363
f 1681/1098/1356 1697/1099/1357 1703/1108/1360
f 1668/1096/1355 1680/1104/470 1661/1109/1364
f 1641/1093/1353 1668/1096/1355 1661/1109/1364
f 1668/1097/1355 1681/1098/1356 1680/1110/470
f 1641/1093/1353 1661/1109/1364 1642/1095/1354
f 1836/1105/1361 1820/1111/1365 1815/1106/1362
f 1819/1112/1366 1814/1113/1367 1815/1106/1362
f 1819/1112/1366 1815/1106/1362 1820/1111/1365
f 1769/1086/1348 1784/1114/1368 1785/1115/1369
f 1769/1086/1348 1785/1115/1369 1767/1080/1346
f 1755/1060/1335 1775/1059/1334 1776/1116/1370
f 1740/1117/1371 1739/1118/1372 1738/1119/1373
f 1752/1082/1327 1761/1120/1374 1762/1083/1345
f 1753/1121/1333 1755/1122/1335 1760/1123/1375
f 1752/1082/1327 1753/1121/1333 1761/1120/1374
f 1753/1121/1333 1760/1123/1375 1761/1120/1374
f 1755/1060/1335 1776/1116/1370 1760/1124/1375
f 1769/1086/1348 1768/1125/1376 1783/1126/1377
f 1762/1079/1345 1761/1127/1374 1768/1125/1376
f 1762/1079/1345 1768/1125/1376 1769/1086/1348
f 1768/1125/1376 1782/1128/1378 1783/1126/1377
f 1768/1125/1376 1772/1129/1379 1782/1128/1378
f 1761/1127/1374 1772/1129/1379 1768/1125/1376
f 1761/1127/1374 1760/1124/1375 1772/1129/1379
f 1760/1124/1375 1786/1130/1380 1772/1129/1379
f 1760/1124/1375 1776/1116/1370 1786/1130/1380
f 1736/1131/374 1737/1132/1381 1735/1133/1382
f 1736/1131/374 1735/1133/1382 1734/1134/1383
f 1772/1129/1379 1786/1130/1380 1789/1135/1384
f 1737/1132/1381 1743/1136/383 1735/1133/1382
f 1737/1132/1381 1742/1137/370 1743/1136/383
f 1772/1129/1379 1789/1135/1384 1782/1128/1378
f 1769/1086/1348 1783/1126/1377 1784/1114/1368
f 1821/1138/1385 1822/1139/1386 1816/1140/1387
f 1734/1134/1383 1735/1133/1382 1732/1141/1388
f 1734/1134/1383 1732/1141/1388 1733/1142/1389
f 1826/1143/1390 1831/1144/1391 1822/1145/1386
f 1821/1146/1385 1826/1143/1390 1822/1145/1386
f 1826/1143/1390 1835/1147/1392 1831/1144/1391
f 1819/1112/1366 1816/1140/1387 1814/1113/1367
f 1819/1112/1366 1821/1138/1385 1816/1140/1387
f 1735/1133/1382 1743/1136/383 1744/1148/385
f 1735/1133/1382 1744/1148/385 1732/1141/1388
f 1671/1149/1393 1687/1150/1394 1686/981/1268
f 1907/1151/1395 1897/1152/1396 1895/986/1273
f 1895/986/1273 1897/1152/1396 1896/1153/1397
f 1911/1154/1398 1908/985/1272 1912/1155/1399
f 1685/983/1270 1671/1149/1393 1686/981/1268
f 1895/986/1273 1896/1153/1397 1898/994/1281
f 1911/1154/1398 1907/1151/1395 1908/985/1272
f 1907/1151/1395 1895/986/1273 1908/985/1272
f 1649/1029/1316 1648/1156/434 1685/983/1270
f 1685/983/1270 1648/1156/434 1671/1149/1393
f 1649/1029/1316 1650/1031/304 1636/1157/304
f 1649/1029/1316 1636/1157/304 1648/1156/434
f 1902/1003/1290 1903/1158/1400 1892/1159/1401
f 1901/1004/1291 1904/1160/1033 1903/1158/1400
f 1901/1004/1291 1903/1158/1400 1902/1003/1290
f 1896/1153/1397 1901/1004/1291 1898/994/1281
f 1896/1153/1397 1904/1160/1033 1901/1004/1291
f 1913/1161/1402 1902/1003/1290 1892/1159/1401
f 1891/1162/1403 1893/1163/1404 1890/1164/1405
f 1891/1162/1403 1894/1165/1406 1893/1163/1404
f 1881/1166/1407 1890/1164/1405 1873/1167/1408
f 1897/1152/1396 1907/1151/1395 1891/1162/1403
f 1881/1166/1407 1891/1162/1403 1890/1164/1405
f 1907/1151/1395 1911/1154/1398 1894/1165/1406
f 1687/1150/1394 1671/1149/1393 1670/1168/1409
f 1687/1150/1394 1670/1168/1409 1694/1169/1410
f 1897/1152/1396 1891/1162/1403 1881/1166/1407
f 1907/1151/1395 1894/1165/1406 1891/1162/1403
f 1897/1152/1396 1881/1166/1407 1882/1170/1411
f 1881/1166/1407 1873/1167/1408 1875/1171/1412
f 1881/1166/1407 1875/1171/1412 1882/1170/1411
f 1897/1152/1396 1882/1170/1411 1896/1153/1397
f 1892/1159/1401 1903/1158/1400 1883/1172/1413
f 1892/1159/1401 1883/1172/1413 1884/1173/1414
f 1903/1158/1400 1904/1160/1033 1880/1174/1415
f 1903/1158/1400 1880/1174/1415 1883/1172/1413
f 1904/1160/1033 1896/1153/1397 1882/1170/1411
f 1904/1160/1033 1882/1170/1411 1880/1174/1415
f 1883/1172/1413 1874/1175/1416 1879/1176/1417
f 1884/1173/1414 1883/1172/1413 1879/1176/1417
f 1883/1172/1413 1880/1174/1415 1874/1175/1416
f 1884/1173/1414 1879/1176/1417 1888/1177/1418
f 1693/1178/1419 1659/1179/439 1655/1180/1420
f 1671/1149/1393 1647/1181/1421 1670/1168/1409
f 1670/1168/1409 1646/1182/1422 1659/1179/439
f 1670/1168/1409 1647/1181/1421 1646/1182/1422
f 1694/1169/1410 1670/1168/1409 1659/1179/439
f 1694/1169/1410 1659/1179/439 1693/1178/1419
f 1700/1183/1423 1689/1184/1424 1701/1185/1425
f 1873/1167/1408 1890/1164/1405 1885/1186/1426
f 1700/1183/1423 1693/1178/1419 1689/1184/1424
f 1693/1178/1419 1655/1180/1420 1689/1184/1424
f 1873/1167/1408 1885/1186/1426 1868/1187/1427
f 1868/1187/1427 1889/1188/1428 1871/1189/1429
f 1868/1187/1427 1885/1186/1426 1889/1188/1428
f 1689/1184/1424 1655/1180/1420 1656/1190/1430
f 1701/1185/1425 1689/1184/1424 1682/1191/1431
f 1701/1185/1425 1682/1191/1431 1706/1192/1432
f 1689/1184/1424 1656/1190/1430 1682/1191/1431
f 1873/1167/1408 1868/1187/1427 1869/1193/1433
f 1873/1167/1408 1869/1193/1433 1875/1171/1412
f 1868/1187/1427 1870/1194/1434 1869/1193/1433
f 1868/1187/1427 1871/1189/1429 1870/1194/1434
f 1880/1174/1415 1882/1170/1411 1875/1171/1412
f 1879/1176/1417 1874/1175/1416 1872/1195/1435
f 1874/1175/1416 1869/1193/1433 1872/1195/1435
f 1874/1175/1416 1875/1171/1412 1869/1193/1433
f 1880/1174/1415 1875/1171/1412 1874/1175/1416
f 1879/1176/1417 1872/1195/1435 1877/1196/1436
f 1888/1177/1418 1877/1196/1436 1886/1197/1437
f 1888/1177/1418 1879/1176/1417 1877/1196/1436
f 1886/1197/1437 1877/1196/1436 1878/1198/1438
f 1872/1195/1435 1869/1193/1433 1870/1194/1434
f 1872/1195/1435 1870/1194/1434 1876/1199/1439
f 1877/1196/1436 1876/1199/1439 1878/1198/1438
f 1877/1196/1436 1872/1195/1435 1876/1199/1439
f 1886/1197/1437 1878/1198/1438 1887/1200/1440
f 1706/1201/1432 1682/1202/1431 1677/1203/1441
f 1682/1202/1431 1658/1204/1442 1677/1203/1441
f 1682/1202/1431 1656/1205/1430 1658/1204/1442
f 1706/1201/1432 1677/1203/1441 1707/1206/1443
f 1846/1207/1444 1861/1208/1445 1860/1209/1446
f 1846/1207/1444 1860/1209/1446 1842/1210/1447
f 1846/1207/1444 1843/1211/1448 1847/1212/1449
f 1846/1207/1444 1842/1210/1447 1843/1211/1448
f 1848/1213/1450 1851/1214/1131 1849/1215/1451
f 1848/1213/1450 1852/1216/1452 1851/1214/1131
f 1848/1213/1450 1843/1211/1448 1852/1216/1452
f 1848/1213/1450 1847/1212/1449 1843/1211/1448
f 1849/1215/1451 1850/1217/1453 1859/1218/1454
f 1749/870/1455 1714/872/1456 1715/871/1457
f 1749/870/1455 1748/873/1458 1714/872/1456
f 1849/1215/1451 1851/1214/1131 1850/1217/1453
f 1720/874/452 1723/876/1459 1722/875/1460
f 1721/466/1461 1748/1219/1458 1749/464/1455
f 1721/877/1461 1722/875/1460 1748/873/1458
f 1720/874/452 1722/875/1460 1721/877/1461
f 1680/1220/470 1703/1220/1360 1705/1221/471
f 1812/1222/1462 1815/1223/1362 1814/1223/1367
f 1812/1222/1462 1814/1223/1367 1813/1222/1463
f 1833/1224/1363 1815/1223/1362 1812/1222/1462
f 1831/1225/1391 1832/1226/1464 1823/1226/1465
f 1817/1226/1466 1822/1225/1386 1823/1226/1465
f 1732/1227/1388 1731/1228/1467 1730/1228/1468
f 1733/1227/1389 1732/1227/1388 1730/1228/1468
f 1817/1226/1466 1816/1225/1387 1822/1225/1386
f 1822/1225/1386 1831/1225/1391 1823/1226/1465
f 1813/1222/1463 1814/1223/1367 1816/1229/1387
f 1813/1222/1463 1816/1229/1387 1817/1230/1466
f 1744/1148/385 1745/1231/1469 1746/1232/1470
f 1744/1227/385 1746/1228/1470 1731/1228/1467
f 1732/1227/1388 1744/1227/385 1731/1228/1467
f 1745/1227/1469 1747/1228/1471 1746/1228/1470
f 1644/905/1472 1667/1233/1473 1645/1234/1474
f 1657/1235/488 1645/1234/1474 1667/1233/1473
f 1677/1203/1441 1658/1204/1442 1657/1236/488
f 1677/1203/1441 1657/1236/488 1674/1237/1475
f 1842/1210/1447 1862/1238/1476 1845/1239/1477
f 1842/1210/1447 1860/1209/1446 1862/1238/1476
f 1707/1206/1443 1674/1237/1475 1698/1240/1478
f 1707/1206/1443 1677/1203/1441 1674/1237/1475
f 1674/1237/1475 1657/1236/488 1667/1241/1473
f 1674/1237/1475 1667/1241/1473 1690/1242/1479
f 1698/1240/1478 1674/1237/1475 1690/1242/1479
f 1698/1240/1478 1690/1242/1479 1695/1243/1480
f 1845/1239/1477 1862/1238/1476 1864/1244/1481
f 1845/1239/1477 1864/1244/1481 1856/1245/1482
f 1845/1239/1477 1856/1245/1482 1855/1246/1483
f 1845/1239/1477 1855/1246/1483 1844/1247/1484
f 1842/1210/1447 1845/1239/1477 1844/1247/1484
f 1842/1210/1447 1844/1247/1484 1843/1211/1448
f 1695/1243/1480 1690/1242/1479 1673/1248/1485
f 1660/916/1486 1673/1249/1485 1666/915/1487
f 1643/906/1488 1660/916/1486 1666/915/1487
f 1690/1250/1479 1667/1233/1473 1666/915/1487
f 1690/1250/1479 1666/915/1487 1673/1249/1485
f 1644/905/1472 1666/915/1487 1667/1233/1473
f 1643/906/1488 1666/915/1487 1644/905/1472
f 1679/1251/1489 1699/1252/1490 1673/1249/1485
f 1818/1253/1491 1838/1254/1492 1834/1255/1493
f 1660/916/1486 1679/1251/1489 1673/1249/1485
f 1828/1256/1494 1838/1254/1492 1818/1253/1491
f 1695/1243/1480 1673/1248/1485 1699/1257/1490
f 1841/1258/1495 1834/1259/1493 1838/1260/1492
f 1818/1261/1491 1834/1262/1493 1812/1263/1462
f 1828/1256/1494 1839/1264/1496 1838/1254/1492
f 1828/1256/1494 1825/1265/1497 1829/1266/1498
f 1828/1256/1494 1818/1253/1491 1825/1265/1497
f 1813/1267/1463 1825/1265/1497 1818/1253/1491
f 1813/1268/1463 1818/1261/1491 1812/1263/1462
f 1850/1217/1453 1851/1214/1131 1853/1269/1499
f 1852/1216/1452 1844/1247/1484 1854/1270/1500
f 1850/1217/1453 1853/1269/1499 1863/1271/1501
f 1851/1214/1131 1852/1216/1452 1854/1270/1500
f 1851/1214/1131 1854/1270/1500 1853/1269/1499
f 1854/1270/1500 1844/1247/1484 1855/1246/1483
f 1830/1272/1502 1825/1265/1497 1824/1273/1503
f 1858/1274/1504 1857/1275/1505 1865/1276/1506
f 1830/1272/1502 1829/1266/1498 1825/1265/1497
f 1858/1274/1504 1865/1276/1506 1866/1277/1507
f 1854/1270/1500 1855/1246/1483 1857/1275/1505
f 1853/1269/1499 1857/1275/1505 1858/1274/1504
f 1853/1269/1499 1854/1270/1500 1857/1275/1505
f 1863/1271/1501 1853/1269/1499 1858/1274/1504
f 1725/922/1508 1726/924/1509 1727/923/1510
f 1863/1271/1501 1858/1274/1504 1867/1278/1511
f 1867/1278/1511 1858/1274/1504 1866/1277/1507
f 1725/1279/1508 1724/1280/1512 1726/1281/1509
f 1722/875/1460 1724/925/1512 1725/922/1508
f 1722/875/1460 1723/876/1459 1724/925/1512
f 1748/873/1458 1725/922/1508 1716/926/1513
f 1714/872/1456 1748/873/1458 1716/926/1513
f 1714/479/1456 1716/1282/1513 1713/515/1514
f 1852/1216/1452 1843/1211/1448 1844/1247/1484
f 1748/873/1458 1722/875/1460 1725/922/1508
f 1712/516/1515 1711/517/1516 1709/522/1517
f 1713/927/1514 1716/926/1513 1717/521/1518
f 1716/926/1513 1725/922/1508 1727/923/1510
f 1716/926/1513 1727/923/1510 1717/521/1518
f 1713/927/1514 1717/521/1518 1711/518/1519
f 1827/1283/1520 1824/1273/1503 1817/1284/1466
f 1837/1285/1521 1823/1286/1465 1832/1287/1464
f 1827/1283/1520 1817/1284/1466 1823/1286/1465
f 1837/1285/1521 1827/1283/1520 1823/1286/1465
f 1824/1273/1503 1825/1265/1497 1813/1267/1463
f 1730/933/1468 1729/935/1522 1728/934/1523
f 1824/1273/1503 1813/1267/1463 1817/1284/1466
f 1727/1288/1510 1728/1289/1523 1729/1290/1522
f 1717/521/1518 1727/923/1510 1729/935/1522
f 1727/1288/1510 1726/1281/1509 1728/1289/1523
f 1717/521/1518 1729/935/1522 1718/519/1524
f 1840/1291/1525 1827/1283/1520 1837/1285/1521
f 1730/933/1468 1731/936/1467 1729/935/1522
f 1731/936/1467 1746/937/1470 1718/519/1524
f 1710/520/1526 1718/519/1524 1746/937/1470
f 1731/936/1467 1718/519/1524 1729/935/1522
f 1710/520/1526 1746/937/1470 1747/938/1471
f 1917/1292/831 1918/1293/938 1915/1293/875
f 1914/1292/1527 1915/1293/1528 1916/1293/1529
f 1924/1294/1037 1921/1295/304 1923/1296/432
f 1930/1297/435 1922/1298/1530 1925/1299/436
f 1930/1297/435 1925/1299/436 1931/1300/437
f 1921/1295/304 1922/1298/1530 1923/1296/432
f 1934/1301/1531 1922/1298/1530 1930/1297/435
f 1934/1301/1531 1923/1296/432 1922/1298/1530
f 1922/1298/1530 1920/1302/304 1925/1299/436
f 1925/1299/436 1920/1302/304 1926/1303/458
f 1921/1295/304 1920/1302/304 1922/1298/1530
f 1931/1300/437 1925/1299/436 1926/1303/458
f 1931/1304/437 1926/1305/458 1933/1306/459
f 1933/1306/459 1927/1307/487 1932/1308/488
f 1933/1309/459 1926/1310/458 1927/1311/487
f 1932/1312/488 1927/1311/487 1928/1313/1532
f 1920/474/304 1919/510/1533 1929/509/1534
f 1926/475/458 1920/474/304 1927/507/487
f 1927/1311/487 1920/1314/304 1928/1313/1532
f 1920/1314/304 1929/1315/1534 1928/1313/1532
f 1936/1316/1535 2094/1317/1536 2085/1318/1537
f 1936/1316/1535 2095/1319/1538 2094/1317/1536
f 1937/1320/584 2086/1321/584 2024/1322/1539
f 1935/1323/586 2097/1324/1540 2084/1325/586
f 1935/1323/586 2098/1326/1541 2097/1324/1540
f 1936/1316/1535 2085/1318/1537 2027/1327/1542
f 1955/1328/1543 2100/1329/1544 2043/1330/1545
f 1955/1328/1543 2101/1331/1546 2100/1329/1544
f 1941/1332/1543 2069/1333/1544 2046/1334/1545
f 1953/1335/1547 2103/1336/1548 2081/1337/1549
f 1953/1335/1547 2104/1338/1550 2103/1336/1548
f 1954/1339/1551 2082/1340/1552 2049/1341/1553
f 1940/1342/586 2106/1343/1554 2068/1344/586
f 1940/1342/586 2107/1345/1555 2106/1343/1554
f 1953/1335/1547 2081/1337/1549 2052/1346/1556
f 1952/1347/1557 2109/1348/1558 2040/1349/1559
f 1952/1347/1557 2110/1350/1560 2109/1348/1558
f 1942/1351/584 2070/1352/584 2055/1353/1561
f 1950/1354/1562 2112/1355/1563 2078/1356/1564
f 1950/1354/1562 2113/1357/1565 2112/1355/1563
f 1951/1358/1566 2079/1359/1567 2058/1360/1568
f 1941/1332/1543 2115/1361/1569 2069/1333/1544
f 1941/1332/1543 2116/1362/1570 2115/1361/1569
f 1950/1354/1562 2078/1356/1564 2061/1363/1571
f 1946/1364/1572 2118/1365/1573 2074/1366/1574
f 1946/1364/1572 2119/1367/1567 2118/1365/1573
f 1947/1368/584 2075/1369/584 2064/1370/1575
f 1945/1371/586 2121/1372/1576 2073/1373/586
f 1945/1371/586 2122/1374/1577 2121/1372/1576
f 1946/1364/1572 2074/1366/1574 2067/1375/1578
f 2011/1376/1579 2124/1377/1580 2123/1378/1581
f 2011/1376/1579 2125/1379/1582 2124/1377/1580
f 1962/1380/1583 2018/1381/1584 2126/1382/1585
f 2009/1383/1586 2127/1384/1587 2065/1385/1588
f 2009/1383/1586 2128/1386/1589 2127/1384/1587
f 2010/1387/1590 2066/1388/1591 2129/1389/1592
f 1961/1390/586 2130/1391/1576 2017/1392/586
f 1961/1390/586 2131/1393/1541 2130/1391/1576
f 2009/1383/1586 2065/1385/1588 2132/1394/1593
f 2008/1395/1594 2133/1396/1595 2120/1397/1596
f 2008/1395/1594 2134/1398/1597 2133/1396/1595
f 1963/1399/584 2019/1400/584 2135/1401/1575
f 2006/1402/1566 2136/1403/1567 2062/1404/1598
f 2006/1402/1566 2137/1405/1599 2136/1403/1567
f 2007/1406/1600 2063/1407/1597 2138/1408/1601
f 1962/1380/1583 2139/1409/1602 2018/1381/1584
f 1962/1380/1583 2140/1410/1603 2139/1409/1602
f 2006/1402/1566 2062/1404/1598 2141/1411/1574
f 2005/1412/1604 2142/1413/1605 2117/1414/1606
f 2005/1412/1604 2143/1415/1607 2142/1413/1605
f 1966/1416/1608 2022/1417/1609 2144/1418/1610
f 2003/1419/1611 2145/1420/1612 2059/1421/1613
f 2003/1422/1611 2146/1423/1614 2145/1424/1612
f 2004/1425/1615 2060/1426/1616 2147/1427/1617
f 1957/1428/1618 2148/1429/1619 2013/1430/1620
f 1957/1428/1618 2149/1431/1621 2148/1429/1619
f 2003/1419/1611 2059/1421/1613 2150/1432/1622
f 2002/1433/1623 2151/1434/1624 2114/1435/1625
f 2002/1433/1623 2152/1436/1626 2151/1434/1624
f 1967/1437/1600 2023/1438/1597 2153/1439/1627
f 2000/1440/1628 2154/1441/1629 2056/1442/1630
f 2000/1440/1628 2155/1443/1631 2154/1441/1629
f 2001/1444/1632 2057/1445/1633 2156/1446/1634
f 1966/1416/1608 2157/1447/1635 2022/1417/1609
f 1966/1448/1608 2158/1449/1636 2157/1450/1635
f 2000/1440/1628 2056/1442/1630 2159/1451/1637
f 1999/1452/1638 2160/1453/1639 2111/1454/1640
f 1999/1455/1638 2161/1456/1641 2160/1457/1639
f 1958/1458/584 2014/73/584 2162/72/1642
f 1997/1459/1643 2163/1460/1644 2053/1461/1645
f 1997/1462/1643 2164/1463/1646 2163/1464/1644
f 1998/1465/1647 2054/1466/1648 2165/1467/1649
f 1984/1468/1650 2166/1469/1651 2096/1470/1652
f 1984/1468/1650 2167/1471/1653 2166/1469/1651
f 1997/1459/1643 2053/1461/1645 2168/1472/1654
f 1996/1473/1655 2169/1474/1656 2108/1475/1657
f 1996/1473/1655 2170/1476/1658 2169/1474/1656
f 1969/1477/1655 2025/1478/1656 2171/1479/1657
f 1994/1480/1547 2172/1481/1659 2050/1482/1660
f 1994/1480/1547 2173/1483/1661 2172/1481/1659
f 1995/1484/1662 2051/1485/1663 2174/1486/1664
f 1956/1487/586 2175/1488/1665 2012/1489/586
f 1956/1487/586 2176/1490/1666 2175/1488/1665
f 1994/1480/1547 2050/1482/1660 2177/1491/1667
f 1993/1492/1668 2178/1493/1669 2105/1494/1670
f 1993/1492/1668 2179/1495/1671 2178/1493/1669
f 1970/1496/1672 2026/1497/1673 2180/1498/1674
f 1991/1499/1675 2181/1500/1676 2047/1501/1677
f 1991/1499/1675 2182/1502/1678 2181/1500/1676
f 1992/1503/1679 2048/1504/1680 2183/1505/1681
f 1969/1477/1655 2184/1506/1682 2025/1478/1656
f 1969/1477/1655 2185/1507/1683 2184/1506/1682
f 1991/1499/1675 2047/1501/1677 2186/1508/1684
f 1990/1509/1685 2187/1510/1686 2102/1511/1687
f 1990/1509/1685 2188/1512/1688 2187/1510/1686
f 1957/1428/1618 2013/1430/1620 2189/1513/1687
f 1988/1514/1618 2190/1515/1688 2044/1516/1620
f 1988/1514/1618 2191/1517/1689 2190/1515/1688
f 1989/1518/1690 2045/1519/1546 2192/1520/1691
f 1987/1521/1685 2193/1522/1686 2099/1523/1687
f 1987/1521/1685 2194/1524/1688 2193/1522/1686
f 1988/1514/1618 2044/1516/1620 2195/1525/1687
f 1971/1526/1692 2196/1527/1693 2083/1528/1694
f 1971/1526/1692 2197/1529/1695 2196/1527/1693
f 1973/1530/1692 2029/1531/1693 2198/1532/1694
f 1985/1533/1662 2199/1534/1696 2041/1535/1697
f 1985/1533/1662 2200/1536/1698 2199/1534/1696
f 1986/1537/1586 2042/1538/1699 2201/1539/1700
f 1972/1540/586 2202/1541/1540 2028/1542/586
f 1972/1540/586 2203/1543/1555 2202/1541/1540
f 1985/1533/1662 2041/1535/1697 2204/1544/1701
f 1968/1545/1702 2205/1546/1703 2080/1547/1704
f 1968/1545/1702 2206/1548/1648 2205/1546/1703
f 1974/1549/584 2030/1550/584 2207/1551/1539
f 1982/1552/1705 2208/1553/1706 2038/1554/1707
f 1982/1552/1705 2209/1555/1708 2208/1553/1706
f 1983/1556/1709 2039/1557/1603 2210/1558/1710
f 1973/1530/1692 2211/1559/1711 2029/1531/1693
f 1973/1530/1692 2212/1560/1712 2211/1559/1711
f 1982/1552/1705 2038/1554/1707 2213/1561/1713
f 1978/1562/1594 2214/1563/1595 2034/1564/1596
f 1978/1562/1594 2215/1565/1597 2214/1563/1595
f 1979/1566/584 2035/1567/584 2216/1568/1575
f 1977/1569/586 2217/1570/1714 2033/1571/586
f 1977/1569/586 2218/1572/1715 2217/1570/1714
f 1978/1562/1594 2034/1564/1596 2219/1573/1716
f 2219/1573/1716 2066/1388/1591 2010/1387/1590
f 2219/1573/1716 2034/1564/1596 2066/1388/1591
f 2034/1564/1596 1946/1364/1572 2066/1388/1591
f 2217/1570/1714 2219/1573/1716 2010/1387/1590
f 2217/1570/1714 2218/1572/1715 2219/1573/1716
f 2218/1572/1715 1978/1562/1594 2219/1573/1716
f 2033/1571/586 2122/1374/1577 1945/1371/586
f 2033/1571/586 2217/1570/1714 2122/1374/1577
f 2217/1570/1714 2010/1387/1590 2122/1374/1577
f 2216/1568/1575 2063/1407/1597 2007/1406/1600
f 2216/1568/1575 2035/1567/584 2063/1407/1597
f 2035/1567/584 1947/1368/584 2063/1407/1597
f 2214/1563/1595 2216/1568/1575 2007/1406/1600
f 2214/1563/1595 2215/1565/1597 2216/1568/1575
f 2215/1565/1597 1979/1566/584 2216/1568/1575
f 2034/1564/1596 2119/1367/1567 1946/1364/1572
f 2034/1564/1596 2214/1563/1595 2119/1367/1567
f 2214/1563/1595 2007/1406/1600 2119/1367/1567
f 2213/1561/1713 2060/1426/1616 2004/1425/1615
f 2213/1561/1713 2038/1554/1707 2060/1426/1616
f 2038/1554/1707 1950/1354/1562 2060/1426/1616
f 2211/1559/1711 2213/1561/1713 2004/1425/1615
f 2211/1559/1711 2212/1560/1712 2213/1561/1713
f 2212/1560/1712 1982/1552/1705 2213/1561/1713
f 2029/1531/1693 2116/1362/1570 1941/1332/1543
f 2029/1531/1693 2211/1559/1711 2116/1362/1570
f 2211/1559/1711 2004/1425/1615 2116/1362/1570
f 2210/1558/1710 2057/1445/1633 2001/1444/1632
f 2210/1558/1710 2039/1557/1603 2057/1445/1633
f 2039/1557/1603 1951/1358/1566 2057/1445/1633
f 2208/1553/1706 2210/1558/1710 2001/1444/1632
f 2208/1553/1706 2209/1555/1708 2210/1558/1710
f 2209/1555/1708 1983/1556/1709 2210/1558/1710
f 2038/1554/1707 2113/1357/1565 1950/1354/1562
f 2038/1554/1707 2208/1553/1706 2113/1357/1565
f 2208/1553/1706 2001/1444/1632 2113/1357/1565
f 2207/1551/1539 2054/1466/1648 1998/1465/1647
f 2207/1551/1539 2030/1550/584 2054/1466/1648
f 2030/1550/584 1942/1351/584 2054/1466/1648
f 2205/1546/1703 2207/1551/1539 1998/1465/1647
f 2205/1546/1703 2206/1548/1648 2207/1551/1539
f 2206/1548/1648 1974/1549/584 2207/1551/1539
f 2080/1547/1704 2110/1350/1560 1952/1347/1557
f 2080/1547/1704 2205/1546/1703 2110/1350/1560
f 2205/1546/1703 1998/1465/1647 2110/1350/1560
f 2204/1544/1701 2051/1485/1663 1995/1484/1662
f 2204/1544/1701 2041/1535/1697 2051/1485/1663
f 2041/1535/1697 1953/1335/1547 2051/1485/1663
f 2202/1541/1540 2204/1544/1701 1995/1484/1662
f 2202/1541/1540 2203/1543/1555 2204/1544/1701
f 2203/1543/1555 1985/1533/1662 2204/1544/1701
f 2028/1542/586 2107/1345/1555 1940/1342/586
f 2028/1542/586 2202/1541/1540 2107/1345/1555
f 2202/1541/1540 1995/1484/1662 2107/1345/1555
f 2201/1539/1700 2048/1504/1680 1992/1503/1679
f 2201/1539/1700 2042/1538/1699 2048/1504/1680
f 2042/1538/1699 1954/1339/1551 2048/1504/1680
f 2199/1534/1696 2201/1539/1700 1992/1503/1679
f 2199/1534/1696 2200/1536/1698 2201/1539/1700
f 2200/1536/1698 1986/1537/1586 2201/1539/1700
f 2041/1535/1697 2104/1338/1550 1953/1335/1547
f 2041/1535/1697 2199/1534/1696 2104/1338/1550
f 2199/1534/1696 1992/1503/1679 2104/1338/1550
f 2198/1532/1694 2045/1519/1546 1989/1518/1690
f 2198/1532/1694 2029/1531/1693 2045/1519/1546
f 2029/1531/1693 1941/1332/1543 2045/1519/1546
f 2196/1527/1693 2198/1532/1694 1989/1518/1690
f 2196/1527/1693 2197/1529/1695 2198/1532/1694
f 2197/1529/1695 1973/1530/1692 2198/1532/1694
f 2083/1528/1694 2101/1331/1546 1955/1328/1543
f 2083/1528/1694 2196/1527/1693 2101/1331/1546
f 2196/1527/1693 1989/1518/1690 2101/1331/1546
f 2195/1525/1687 2076/1574/1717 1964/1575/1717
f 2195/1525/1687 2044/1516/1620 2076/1574/1717
f 2044/1516/1620 1948/1576/1717 2076/1574/1717
f 2193/1522/1686 2195/1525/1687 1964/1575/1717
f 2193/1522/1686 2194/1524/1688 2195/1525/1687
f 2194/1524/1688 1988/1514/1618 2195/1525/1687
f 2099/1523/1687 2020/1577/1717 1938/1578/1717
f 2099/1523/1687 2193/1522/1686 2020/1577/1717
f 2193/1522/1686 1964/1575/1717 2020/1577/1717
f 2192/1520/1691 2046/1334/1545 1990/1509/1685
f 2192/1520/1691 2045/1519/1546 2046/1334/1545
f 2045/1519/1546 1941/1332/1543 2046/1334/1545
f 2190/1515/1688 2192/1520/1691 1990/1509/1685
f 2190/1515/1688 2191/1517/1689 2192/1520/1691
f 2191/1517/1689 1989/1518/1690 2192/1520/1691
f 2044/1516/1620 2102/1511/1687 1948/1576/1717
f 2044/1516/1620 2190/1515/1688 2102/1511/1687
f 2190/1515/1688 1990/1509/1685 2102/1511/1687
f 2189/1513/1687 2092/1579/1717 1980/1580/1717
f 2189/1513/1687 2013/1430/1620 2092/1579/1717
f 2013/1581/1620 1205/1582/1247 2092/1583/1717
f 2187/1584/1686 2189/1585/1687 1980/1586/1717
f 2187/1584/1686 2188/1587/1688 2189/1585/1687
f 2188/1587/1688 1957/1588/1618 2189/1585/1687
f 2102/1511/1687 2036/1589/1717 1948/1576/1717
f 2102/1511/1687 2187/1510/1686 2036/1589/1717
f 2187/1584/1686 1980/1586/1717 2036/1590/1717
f 2186/1508/1684 2043/1330/1545 1987/1521/1685
f 2186/1508/1684 2047/1501/1677 2043/1330/1545
f 2047/1501/1677 1955/1328/1543 2043/1330/1545
f 2184/1506/1682 2186/1508/1684 1987/1521/1685
f 2184/1506/1682 2185/1507/1683 2186/1508/1684
f 2185/1507/1683 1991/1499/1675 2186/1508/1684
f 2025/1478/1656 2099/1523/1687 1938/1578/1717
f 2025/1478/1656 2184/1506/1682 2099/1523/1687
f 2184/1506/1682 1987/1521/1685 2099/1523/1687
f 2183/1505/1681 2049/1341/1553 1993/1492/1668
f 2183/1505/1681 2048/1504/1680 2049/1341/1553
f 2048/1504/1680 1954/1339/1551 2049/1341/1553
f 2181/1500/1676 2183/1505/1681 1993/1492/1668
f 2181/1500/1676 2182/1502/1678 2183/1505/1681
f 2182/1502/1678 1992/1503/1679 2183/1505/1681
f 2047/1501/1677 2105/1494/1670 1955/1328/1543
f 2047/1501/1677 2181/1500/1676 2105/1494/1670
f 2181/1500/1676 1993/1492/1668 2105/1494/1670
f 2180/1498/1674 2027/1327/1542 1971/1526/1692
f 2180/1498/1674 2026/1497/1673 2027/1327/1542
f 2026/1497/1673 1936/1316/1535 2027/1327/1542
f 2178/1493/1669 2180/1498/1674 1971/1526/1692
f 2178/1493/1669 2179/1495/1671 2180/1498/1674
f 2179/1495/1671 1970/1496/1672 2180/1498/1674
f 2105/1494/1670 2083/1528/1694 1955/1328/1543
f 2105/1494/1670 2178/1493/1669 2083/1528/1694
f 2178/1493/1669 1971/1526/1692 2083/1528/1694
f 2177/1491/1667 2071/1591/1717 1959/1592/1717
f 2177/1491/1667 2050/1482/1660 2071/1591/1717
f 2050/1482/1660 1943/1593/1717 2071/1591/1717
f 2175/1488/1665 2177/1491/1667 1959/1592/1717
f 2175/1488/1665 2176/1490/1666 2177/1491/1667
f 2176/1490/1666 1994/1480/1547 2177/1491/1667
f 2012/1489/586 2015/1594/1717 1206/1595/1718
f 2012/1489/586 2175/1488/1665 2015/1594/1717
f 2175/1488/1665 1959/1592/1717 2015/1594/1717
f 2174/1486/1664 2052/1346/1556 1996/1473/1655
f 2174/1486/1664 2051/1485/1663 2052/1346/1556
f 2051/1485/1663 1953/1335/1547 2052/1346/1556
f 2172/1481/1659 2174/1486/1664 1996/1473/1655
f 2172/1481/1659 2173/1483/1661 2174/1486/1664
f 2173/1483/1661 1995/1484/1662 2174/1486/1664
f 2050/1482/1660 2108/1475/1657 1943/1593/1717
f 2050/1482/1660 2172/1481/1659 2108/1475/1657
f 2172/1481/1659 1996/1473/1655 2108/1475/1657
f 2171/1479/1657 2087/1596/1717 1975/1597/1717
f 2171/1479/1657 2025/1478/1656 2087/1596/1717
f 2025/1478/1656 1938/1578/1717 2087/1596/1717
f 2169/1474/1656 2171/1479/1657 1975/1597/1717
f 2169/1474/1656 2170/1476/1658 2171/1479/1657
f 2170/1476/1658 1969/1477/1655 2171/1479/1657
f 2108/1475/1657 2031/1598/1717 1943/1593/1717
f 2108/1475/1657 2169/1474/1656 2031/1598/1717
f 2169/1474/1656 1975/1597/1717 2031/1598/1717
f 2168/1599/1654 2032/1600/1258 1976/1601/1257
f 2168/1599/1654 2053/1602/1645 2032/1600/1258
f 2053/1602/1645 1944/1603/1259 2032/1600/1258
f 2166/1604/1651 2168/1599/1654 1976/1601/1257
f 2166/1469/1651 2167/1471/1653 2168/1472/1654
f 2167/1471/1653 1997/1459/1643 2168/1472/1654
f 2096/1605/1652 2088/1606/1256 1939/1607/1255
f 2096/1605/1652 2166/1604/1651 2088/1606/1256
f 2166/1604/1651 1976/1601/1257 2088/1606/1256
f 2165/1467/1649 2055/1353/1561 1999/1455/1638
f 2165/1467/1649 2054/1466/1648 2055/1353/1561
f 2054/1466/1648 1942/1351/584 2055/1353/1561
f 2163/1464/1644 2165/1608/1649 1999/1609/1638
f 2163/1464/1644 2164/1463/1646 2165/1608/1649
f 2164/1610/1646 1998/1465/1647 2165/1467/1649
f 2053/1602/1645 2111/1611/1640 1944/1603/1259
f 2053/1461/1645 2163/1460/1644 2111/1454/1640
f 2163/1460/1644 1999/1452/1638 2111/1454/1640
f 2162/72/1642 2016/71/1262 1960/1612/1261
f 2162/72/1642 2014/73/584 2016/71/1262
f 2014/73/584 1207/70/1229 2016/71/1262
f 2160/1457/1639 2162/72/1642 1960/1612/1261
f 2160/1457/1639 2161/1456/1641 2162/72/1642
f 2161/1456/1641 1958/1458/584 2162/72/1642
f 2111/1611/1640 2072/1613/1260 1944/1603/1259
f 2111/1611/1640 2160/1457/1639 2072/1613/1260
f 2160/1457/1639 1960/1612/1261 2072/1613/1260
f 2159/1614/1637 2040/1615/1559 1984/1616/1650
f 2159/1451/1637 2056/1442/1630 2040/1349/1559
f 2056/1442/1630 1952/1347/1557 2040/1349/1559
f 2157/1450/1635 2159/1614/1637 1984/1616/1650
f 2157/1450/1635 2158/1449/1636 2159/1614/1637
f 2158/1617/1636 2000/1440/1628 2159/1451/1637
f 2022/1618/1609 2096/1605/1652 1939/1607/1255
f 2022/1417/1609 2157/1447/1635 2096/1470/1652
f 2157/1447/1635 1984/1468/1650 2096/1470/1652
f 2156/1446/1634 2058/1360/1568 2002/1433/1623
f 2156/1446/1634 2057/1445/1633 2058/1360/1568
f 2057/1445/1633 1951/1358/1566 2058/1360/1568
f 2154/1441/1629 2156/1446/1634 2002/1433/1623
f 2154/1441/1629 2155/1443/1631 2156/1446/1634
f 2155/1443/1631 2001/1444/1632 2156/1446/1634
f 2056/1442/1630 2114/1435/1625 1952/1347/1557
f 2056/1442/1630 2154/1441/1629 2114/1435/1625
f 2154/1441/1629 2002/1433/1623 2114/1435/1625
f 2153/1439/1627 2024/1322/1539 1968/1545/1702
f 2153/1439/1627 2023/1438/1597 2024/1322/1539
f 2023/1438/1597 1937/1320/584 2024/1322/1539
f 2151/1434/1624 2153/1439/1627 1968/1545/1702
f 2151/1434/1624 2152/1436/1626 2153/1439/1627
f 2152/1436/1626 1967/1437/1600 2153/1439/1627
f 2114/1435/1625 2080/1547/1704 1952/1347/1557
f 2114/1435/1625 2151/1434/1624 2080/1547/1704
f 2151/1434/1624 1968/1545/1702 2080/1547/1704
f 2150/1619/1622 2037/1620/1250 1981/1621/1249
f 2150/1619/1622 2059/1622/1613 2037/1620/1250
f 2059/1622/1613 1949/1623/1251 2037/1620/1250
f 2148/1624/1619 2150/1619/1622 1981/1621/1249
f 2148/1429/1619 2149/1431/1621 2150/1432/1622
f 2149/1431/1621 2003/1419/1611 2150/1432/1622
f 2013/1581/1620 2093/1625/1248 1205/1582/1247
f 2013/1581/1620 2148/1624/1619 2093/1625/1248
f 2148/1624/1619 1981/1621/1249 2093/1625/1248
f 2147/1626/1617 2061/1627/1571 2005/1628/1604
f 2147/1427/1617 2060/1426/1616 2061/1363/1571
f 2060/1426/1616 1950/1354/1562 2061/1363/1571
f 2145/1424/1612 2147/1626/1617 2005/1628/1604
f 2145/1424/1612 2146/1423/1614 2147/1626/1617
f 2146/1629/1614 2004/1425/1615 2147/1427/1617
f 2059/1622/1613 2117/1630/1606 1949/1623/1251
f 2059/1421/1613 2145/1420/1612 2117/1414/1606
f 2145/1420/1612 2005/1412/1604 2117/1414/1606
f 2144/1631/1610 2021/1632/1254 1965/1633/1253
f 2144/1631/1610 2022/1618/1609 2021/1632/1254
f 2022/1618/1609 1939/1607/1255 2021/1632/1254
f 2142/1634/1605 2144/1631/1610 1965/1633/1253
f 2142/1413/1605 2143/1415/1607 2144/1418/1610
f 2143/1415/1607 1966/1416/1608 2144/1418/1610
f 2117/1630/1606 2077/1635/1252 1949/1623/1251
f 2117/1630/1606 2142/1634/1605 2077/1635/1252
f 2142/1634/1605 1965/1633/1253 2077/1635/1252
f 2141/1411/1574 2039/1557/1603 1983/1556/1709
f 2141/1411/1574 2062/1404/1598 2039/1557/1603
f 2062/1404/1598 1951/1358/1566 2039/1557/1603
f 2139/1409/1602 2141/1411/1574 1983/1556/1709
f 2139/1409/1602 2140/1410/1603 2141/1411/1574
f 2140/1410/1603 2006/1402/1566 2141/1411/1574
f 2018/1381/1584 2095/1319/1538 1936/1316/1535
f 2018/1381/1584 2139/1409/1602 2095/1319/1538
f 2139/1409/1602 1983/1556/1709 2095/1319/1538
f 2138/1408/1601 2064/1370/1575 2008/1395/1594
f 2138/1408/1601 2063/1407/1597 2064/1370/1575
f 2063/1407/1597 1947/1368/584 2064/1370/1575
f 2136/1403/1567 2138/1408/1601 2008/1395/1594
f 2136/1403/1567 2137/1405/1599 2138/1408/1601
f 2137/1405/1599 2007/1406/1600 2138/1408/1601
f 2062/1404/1598 2120/1397/1596 1951/1358/1566
f 2062/1404/1598 2136/1403/1567 2120/1397/1596
f 2136/1403/1567 2008/1395/1594 2120/1397/1596
f 2135/1401/1575 2023/1438/1597 1967/1437/1600
f 2135/1401/1575 2019/1400/584 2023/1438/1597
f 2019/1400/584 1937/1320/584 2023/1438/1597
f 2133/1396/1595 2135/1401/1575 1967/1437/1600
f 2133/1396/1595 2134/1398/1597 2135/1401/1575
f 2134/1398/1597 1963/1399/584 2135/1401/1575
f 2120/1397/1596 2079/1359/1567 1951/1358/1566
f 2120/1397/1596 2133/1396/1595 2079/1359/1567
f 2133/1396/1595 1967/1437/1600 2079/1359/1567
f 2132/1394/1593 2042/1538/1699 1986/1537/1586
f 2132/1394/1593 2065/1385/1588 2042/1538/1699
f 2065/1385/1588 1954/1339/1551 2042/1538/1699
f 2130/1391/1576 2132/1394/1593 1986/1537/1586
f 2130/1391/1576 2131/1393/1541 2132/1394/1593
f 2131/1393/1541 2009/1383/1586 2132/1394/1593
f 2017/1392/586 2098/1326/1541 1935/1323/586
f 2017/1392/586 2130/1391/1576 2098/1326/1541
f 2130/1391/1576 1986/1537/1586 2098/1326/1541
f 2129/1389/1592 2067/1375/1578 2011/1376/1579
f 2129/1389/1592 2066/1388/1591 2067/1375/1578
f 2066/1388/1591 1946/1364/1572 2067/1375/1578
f 2127/1384/1587 2129/1389/1592 2011/1376/1579
f 2127/1384/1587 2128/1386/1589 2129/1389/1592
f 2128/1386/1589 2010/1387/1590 2129/1389/1592
f 2065/1385/1588 2123/1378/1581 1954/1339/1551
f 2065/1385/1588 2127/1384/1587 2123/1378/1581
f 2127/1384/1587 2011/1376/1579 2123/1378/1581
f 2126/1382/1585 2026/1497/1673 1970/1496/1672
f 2126/1382/1585 2018/1381/1584 2026/1497/1673
f 2018/1381/1584 1936/1316/1535 2026/1497/1673
f 2124/1377/1580 2126/1382/1585 1970/1496/1672
f 2124/1377/1580 2125/1379/1582 2126/1382/1585
f 2125/1379/1582 1962/1380/1583 2126/1382/1585
f 2123/1378/1581 2082/1340/1552 1954/1339/1551
f 2123/1378/1581 2124/1377/1580 2082/1340/1552
f 2124/1377/1580 1970/1496/1672 2082/1340/1552
f 2067/1375/1578 2125/1379/1582 2011/1376/1579
f 2067/1375/1578 2074/1366/1574 2125/1379/1582
f 2074/1366/1574 1962/1380/1583 2125/1379/1582
f 2121/1372/1576 2128/1386/1589 2009/1383/1586
f 2121/1372/1576 2122/1374/1577 2128/1386/1589
f 2122/1374/1577 2010/1387/1590 2128/1386/1589
f 2073/1373/586 2131/1393/1541 1961/1390/586
f 2073/1373/586 2121/1372/1576 2131/1393/1541
f 2121/1372/1576 2009/1383/1586 2131/1393/1541
f 2064/1370/1575 2134/1398/1597 2008/1395/1594
f 2064/1370/1575 2075/1369/584 2134/1398/1597
f 2075/1369/584 1963/1399/584 2134/1398/1597
f 2118/1365/1573 2137/1405/1599 2006/1402/1566
f 2118/1365/1573 2119/1367/1567 2137/1405/1599
f 2119/1367/1567 2007/1406/1600 2137/1405/1599
f 2074/1366/1574 2140/1410/1603 1962/1380/1583
f 2074/1366/1574 2118/1365/1573 2140/1410/1603
f 2118/1365/1573 2006/1402/1566 2140/1410/1603
f 2061/1627/1571 2143/1636/1607 2005/1628/1604
f 2061/1627/1571 2078/1637/1564 2143/1636/1607
f 2078/1637/1564 1966/1448/1608 2143/1636/1607
f 2115/1638/1569 2146/1423/1614 2003/1422/1611
f 2115/1361/1569 2116/1362/1570 2146/1629/1614
f 2116/1362/1570 2004/1425/1615 2146/1629/1614
f 2069/1639/1544 2149/1640/1621 1957/1588/1618
f 2069/1639/1544 2115/1638/1569 2149/1640/1621
f 2115/1638/1569 2003/1422/1611 2149/1640/1621
f 2058/1360/1568 2152/1436/1626 2002/1433/1623
f 2058/1360/1568 2079/1359/1567 2152/1436/1626
f 2079/1359/1567 1967/1437/1600 2152/1436/1626
f 2112/1355/1563 2155/1443/1631 2000/1440/1628
f 2112/1355/1563 2113/1357/1565 2155/1443/1631
f 2113/1357/1565 2001/1444/1632 2155/1443/1631
f 2078/1637/1564 2158/1449/1636 1966/1448/1608
f 2078/1356/1564 2112/1355/1563 2158/1617/1636
f 2112/1355/1563 2000/1440/1628 2158/1617/1636
f 2055/1353/1561 2161/1456/1641 1999/1455/1638
f 2055/1353/1561 2070/1352/584 2161/1456/1641
f 2070/1352/584 1958/1458/584 2161/1456/1641
f 2109/1641/1558 2164/1463/1646 1997/1462/1643
f 2109/1348/1558 2110/1350/1560 2164/1610/1646
f 2110/1350/1560 1998/1465/1647 2164/1610/1646
f 2040/1615/1559 2167/1642/1653 1984/1616/1650
f 2040/1615/1559 2109/1641/1558 2167/1642/1653
f 2109/1641/1558 1997/1462/1643 2167/1642/1653
f 2052/1346/1556 2170/1476/1658 1996/1473/1655
f 2052/1346/1556 2081/1337/1549 2170/1476/1658
f 2081/1337/1549 1969/1477/1655 2170/1476/1658
f 2106/1343/1554 2173/1483/1661 1994/1480/1547
f 2106/1343/1554 2107/1345/1555 2173/1483/1661
f 2107/1345/1555 1995/1484/1662 2173/1483/1661
f 2068/1344/586 2176/1490/1666 1956/1487/586
f 2068/1344/586 2106/1343/1554 2176/1490/1666
f 2106/1343/1554 1994/1480/1547 2176/1490/1666
f 2049/1341/1553 2179/1495/1671 1993/1492/1668
f 2049/1341/1553 2082/1340/1552 2179/1495/1671
f 2082/1340/1552 1970/1496/1672 2179/1495/1671
f 2103/1336/1548 2182/1502/1678 1991/1499/1675
f 2103/1336/1548 2104/1338/1550 2182/1502/1678
f 2104/1338/1550 1992/1503/1679 2182/1502/1678
f 2081/1337/1549 2185/1507/1683 1969/1477/1655
f 2081/1337/1549 2103/1336/1548 2185/1507/1683
f 2103/1336/1548 1991/1499/1675 2185/1507/1683
f 2046/1334/1545 2188/1512/1688 1990/1509/1685
f 2046/1334/1545 2069/1333/1544 2188/1512/1688
f 2069/1639/1544 1957/1588/1618 2188/1587/1688
f 2100/1329/1544 2191/1517/1689 1988/1514/1618
f 2100/1329/1544 2101/1331/1546 2191/1517/1689
f 2101/1331/1546 1989/1518/1690 2191/1517/1689
f 2043/1330/1545 2194/1524/1688 1987/1521/1685
f 2043/1330/1545 2100/1329/1544 2194/1524/1688
f 2100/1329/1544 1988/1514/1618 2194/1524/1688
f 2027/1327/1542 2197/1529/1695 1971/1526/1692
f 2027/1327/1542 2085/1318/1537 2197/1529/1695
f 2085/1318/1537 1973/1530/1692 2197/1529/1695
f 2097/1324/1540 2200/1536/1698 1985/1533/1662
f 2097/1324/1540 2098/1326/1541 2200/1536/1698
f 2098/1326/1541 1986/1537/1586 2200/1536/1698
f 2084/1325/586 2203/1543/1555 1972/1540/586
f 2084/1325/586 2097/1324/1540 2203/1543/1555
f 2097/1324/1540 1985/1533/1662 2203/1543/1555
f 2024/1322/1539 2206/1548/1648 1968/1545/1702
f 2024/1322/1539 2086/1321/584 2206/1548/1648
f 2086/1321/584 1974/1549/584 2206/1548/1648
f 2094/1317/1536 2209/1555/1708 1982/1552/1705
f 2094/1317/1536 2095/1319/1538 2209/1555/1708
f 2095/1319/1538 1983/1556/1709 2209/1555/1708
f 2085/1318/1537 2212/1560/1712 1973/1530/1692
f 2085/1318/1537 2094/1317/1536 2212/1560/1712
f 2094/1317/1536 1982/1552/1705 2212/1560/1712
f 2090/567/585 2215/1565/1597 1978/1562/1594
f 2090/567/585 2091/569/584 2215/1565/1597
f 2091/569/584 1979/1566/584 2215/1565/1597
f 2089/568/586 2218/1572/1715 1977/1569/586
f 2089/568/586 2090/567/585 2218/1572/1715
f 2090/567/585 1978/1562/1594 2218/1572/1715
f 2222/1320/73 2379/1401/1719 2371/1400/73
f 2222/1320/73 2380/1438/1720 2379/1401/1719
f 2220/1316/1721 2369/1498/1722 2309/1497/1723
f 2220/1316/1721 2382/1327/1724 2369/1498/1722
f 2220/1316/1721 2383/1317/1725 2382/1327/1724
f 2221/1607/71 2370/1632/71 2312/1631/1726
f 2240/1332/1727 2385/1334/1728 2328/1520/1729
f 2240/1332/1727 2386/1361/1730 2385/1334/1728
f 2226/1623/71 2354/1620/71 2331/1619/1731
f 2238/1328/1732 2388/1331/1733 2366/1330/1734
f 2238/1328/1732 2389/1527/1735 2388/1331/1733
f 2239/1354/1736 2367/1356/1737 2334/1426/1738
f 2225/1335/1739 2391/1346/1740 2353/1486/1741
f 2225/1335/1739 2392/1336/1742 2391/1346/1740
f 2238/1328/1732 2366/1330/1734 2337/1508/1743
f 2237/1339/1744 2394/1539/1745 2325/1538/1746
f 2237/1339/1744 2395/1504/1747 2394/1539/1745
f 2225/1335/1739 2353/1486/1741 2340/1485/1748
f 2235/1364/1749 2397/1375/1750 2363/1389/1751
f 2235/1364/1749 2398/1365/1752 2397/1375/1750
f 2236/1358/1753 2364/1557/1754 2343/1411/1755
f 2227/1368/73 2400/1568/1756 2355/1567/73
f 2227/1368/73 2401/1407/1757 2400/1568/1756
f 2235/1364/1749 2363/1389/1751 2346/1388/1758
f 2232/1351/73 2403/1551/1759 2360/1550/73
f 2232/1351/73 2404/1466/1760 2403/1551/1759
f 2230/1347/1761 2358/1441/1762 2349/1435/1763
f 2230/1347/1761 2406/1442/1764 2358/1441/1762
f 2230/1347/1761 2407/1348/1737 2406/1442/1764
f 2231/1603/71 2359/1600/71 2352/1599/72
f 2296/1643/1765 2409/1644/1766 2408/1617/1767
f 2296/1643/1765 2410/1604/1768 2409/1644/1766
f 2247/1601/71 2303/1606/71 2411/1605/72
f 2294/1440/1736 2412/1451/1737 2350/1355/1769
f 2294/1440/1736 2413/1349/1770 2412/1451/1737
f 2295/1645/1771 2351/1602/1768 2414/1646/1772
f 2246/1444/1773 2415/1553/1774 2302/1555/1775
f 2246/1444/1773 2416/1443/1776 2415/1553/1774
f 2294/1440/1736 2350/1355/1769 2417/1357/1777
f 2293/1433/1778 2418/1445/1779 2405/1360/1780
f 2293/1433/1778 2419/1446/1781 2418/1445/1779
f 2246/1444/1773 2302/1555/1775 2420/1558/1782
f 2291/1545/1783 2421/1434/1784 2347/1436/1785
f 2291/1545/1783 2422/1546/1786 2421/1434/1784
f 2292/1465/1787 2348/1350/1788 2423/1547/1789
f 2248/1549/73 2424/1322/1759 2304/1321/73
f 2248/1549/73 2425/1548/1720 2424/1322/1759
f 2291/1545/1783 2347/1436/1785 2426/1439/1790
f 2290/1647/1791 2427/1648/1792 2402/1649/1793
f 2290/1647/1791 2428/1650/1794 2427/1648/1792
f 2251/1651/1795 2307/1652/1796 2429/1653/1797
f 2288/1654/1798 2430/1655/1799 2344/1656/1800
f 2288/1657/1798 2431/1658/1801 2430/1659/1799
f 2289/1406/1802 2345/1367/1803 2432/1564/1804
f 2243/1566/73 2433/567/1805 2299/569/73
f 2243/1566/73 2434/1565/1806 2433/567/1805
f 2288/1654/1798 2344/1656/1800 2435/1660/1807
f 2287/1380/1808 2436/1382/1809 2399/1377/1810
f 2287/1380/1808 2437/1409/1811 2436/1382/1809
f 2252/1556/1812 2308/1319/1813 2438/1381/1814
f 2285/1376/1815 2439/1379/1816 2341/1378/1817
f 2285/1376/1815 2440/1366/1818 2439/1379/1816
f 2286/1402/1819 2342/1404/1820 2441/1410/1821
f 2251/1651/1795 2442/1661/1822 2307/1652/1796
f 2251/1662/1795 2443/1663/1823 2442/1664/1822
f 2285/1376/1815 2341/1378/1817 2444/1385/1824
f 2284/1665/1825 2445/1666/1826 2396/1667/1827
f 2284/1665/1825 2446/1668/1828 2445/1666/1826
f 2241/1669/1829 2297/1670/1830 2447/1671/1831
f 2282/1672/1832 2448/1673/1833 2338/1674/1834
f 2282/1675/1832 2449/1676/1835 2448/1677/1833
f 2283/1503/1836 2339/1338/1837 2450/1535/1838
f 2269/1678/1839 2451/1679/1840 2381/1680/1841
f 2269/1678/1839 2452/1681/1842 2451/1679/1840
f 2282/1672/1832 2338/1674/1834 2453/1682/1843
f 2281/1477/1844 2454/1479/1845 2393/1474/1846
f 2281/1477/1844 2455/1506/1847 2454/1479/1845
f 2254/1521/1844 2310/1523/1845 2456/1478/1846
f 2279/1473/1848 2457/1476/1849 2335/1475/1850
f 2279/1473/1848 2458/1337/1851 2457/1476/1849
f 2280/1499/1852 2336/1501/1853 2459/1507/1854
f 2241/1669/1829 2460/1683/1855 2297/1670/1830
f 2241/1684/1829 2461/1685/1856 2460/1686/1855
f 2279/1473/1848 2335/1475/1850 2462/1482/1857
f 2278/1425/1858 2463/1427/1859 2390/1362/1860
f 2278/1425/1858 2464/1363/1861 2463/1427/1859
f 2255/1687/1771 2311/1618/1768 2465/1688/1862
f 2276/1518/1863 2466/1531/1864 2332/1519/1865
f 2276/1518/1863 2467/1532/1866 2466/1531/1864
f 2277/1530/1867 2333/1561/1868 2468/1559/1869
f 2254/1521/1844 2469/1524/1870 2310/1523/1845
f 2254/1521/1844 2470/1329/1871 2469/1524/1870
f 2276/1518/1863 2332/1519/1865 2471/1517/1872
f 2275/1689/1727 2472/1690/1873 2387/1510/1874
f 2275/1689/1727 2473/1624/1875 2472/1690/1873
f 2242/1621/71 2298/1625/71 2474/1581/1876
f 2273/1509/1877 2475/1512/1878 2329/1511/1879
f 2273/1509/1877 2476/1333/1727 2475/1512/1878
f 2274/1691/1880 2330/1622/1881 2477/1692/1882
f 2272/1514/1883 2478/1525/1884 2384/1522/1885
f 2272/1514/1883 2479/1515/1886 2478/1525/1884
f 2273/1509/1877 2329/1511/1879 2480/1516/1885
f 2256/1693/1887 2481/1694/1888 2368/1629/1889
f 2256/1693/1887 2482/1634/1881 2481/1694/1888
f 2258/1633/71 2314/1635/71 2483/1630/1726
f 2270/1526/1890 2484/1529/1891 2326/1528/1892
f 2270/1526/1890 2485/1318/1893 2484/1529/1891
f 2271/1552/1894 2327/1554/1776 2486/1560/1895
f 2257/1492/1896 2487/1500/1897 2313/1502/1898
f 2257/1492/1896 2488/1493/1899 2487/1500/1897
f 2270/1526/1890 2326/1528/1892 2489/1494/1900
f 2253/1496/1901 2490/1341/1902 2365/1340/1903
f 2253/1496/1901 2491/1495/1904 2490/1341/1902
f 2257/1492/1896 2313/1502/1898 2492/1505/1905
f 2267/1395/1802 2493/1403/1906 2323/1405/1907
f 2267/1395/1802 2494/1396/1908 2493/1403/1906
f 2268/1437/1783 2324/1359/1909 2495/1397/1910
f 2259/1399/73 2496/1370/1719 2315/1369/73
f 2259/1399/73 2497/1398/1757 2496/1370/1719
f 2267/1395/1802 2323/1405/1907 2498/1408/1911
f 2264/1458/73 2499/1353/1912 2320/1352/73
f 2264/1458/73 2500/1456/1913 2499/1353/1912
f 2262/1455/1914 2318/1610/1915 2501/1467/1916
f 2262/1455/1914 2502/1695/1766 2318/1610/1915
f 2262/1455/1914 2503/1457/1768 2502/1695/1766
f 2263/1612/71 2319/1613/71 2504/1611/72
f 2504/1611/72 2351/1602/1768 2295/1645/1771
f 2504/1611/72 2319/1613/71 2351/1602/1768
f 2319/1613/71 2231/1603/71 2351/1602/1768
f 2502/1695/1766 2504/1611/72 2295/1645/1771
f 2502/1695/1766 2503/1457/1768 2504/1611/72
f 2503/1457/1768 2263/1612/71 2504/1611/72
f 2318/1610/1915 2407/1348/1737 2230/1347/1761
f 2318/1610/1915 2502/1695/1766 2407/1348/1737
f 2502/1695/1766 2295/1645/1771 2407/1348/1737
f 2501/1467/1916 2348/1350/1788 2292/1465/1787
f 2501/1467/1916 2318/1610/1915 2348/1350/1788
f 2318/1610/1915 2230/1347/1761 2348/1350/1788
f 2499/1353/1912 2501/1467/1916 2292/1465/1787
f 2499/1353/1912 2500/1456/1913 2501/1467/1916
f 2500/1456/1913 2262/1455/1914 2501/1467/1916
f 2320/1352/73 2404/1466/1760 2232/1351/73
f 2320/1352/73 2499/1353/1912 2404/1466/1760
f 2499/1353/1912 2292/1465/1787 2404/1466/1760
f 2498/1408/1911 2345/1367/1803 2289/1406/1802
f 2498/1408/1911 2323/1405/1907 2345/1367/1803
f 2323/1405/1907 2235/1364/1749 2345/1367/1803
f 2496/1370/1719 2498/1408/1911 2289/1406/1802
f 2496/1370/1719 2497/1398/1757 2498/1408/1911
f 2497/1398/1757 2267/1395/1802 2498/1408/1911
f 2315/1369/73 2401/1407/1757 2227/1368/73
f 2315/1369/73 2496/1370/1719 2401/1407/1757
f 2496/1370/1719 2289/1406/1802 2401/1407/1757
f 2495/1397/1910 2342/1404/1820 2286/1402/1819
f 2495/1397/1910 2324/1359/1909 2342/1404/1820
f 2324/1359/1909 2236/1358/1753 2342/1404/1820
f 2493/1403/1906 2495/1397/1910 2286/1402/1819
f 2493/1403/1906 2494/1396/1908 2495/1397/1910
f 2494/1396/1908 2268/1437/1783 2495/1397/1910
f 2323/1405/1907 2398/1365/1752 2235/1364/1749
f 2323/1405/1907 2493/1403/1906 2398/1365/1752
f 2493/1403/1906 2286/1402/1819 2398/1365/1752
f 2492/1505/1905 2339/1338/1837 2283/1503/1836
f 2492/1505/1905 2313/1502/1898 2339/1338/1837
f 2313/1502/1898 2225/1335/1739 2339/1338/1837
f 2490/1341/1902 2492/1505/1905 2283/1503/1836
f 2490/1341/1902 2491/1495/1904 2492/1505/1905
f 2491/1495/1904 2257/1492/1896 2492/1505/1905
f 2365/1340/1903 2395/1504/1747 2237/1339/1744
f 2365/1340/1903 2490/1341/1902 2395/1504/1747
f 2490/1341/1902 2283/1503/1836 2395/1504/1747
f 2489/1494/1900 2336/1501/1853 2280/1499/1852
f 2489/1494/1900 2326/1528/1892 2336/1501/1853
f 2326/1528/1892 2238/1328/1732 2336/1501/1853
f 2487/1500/1897 2489/1494/1900 2280/1499/1852
f 2487/1500/1897 2488/1493/1899 2489/1494/1900
f 2488/1493/1899 2270/1526/1890 2489/1494/1900
f 2313/1502/1898 2392/1336/1742 2225/1335/1739
f 2313/1502/1898 2487/1500/1897 2392/1336/1742
f 2487/1500/1897 2280/1499/1852 2392/1336/1742
f 2486/1560/1895 2333/1561/1868 2277/1530/1867
f 2486/1560/1895 2327/1554/1776 2333/1561/1868
f 2327/1554/1776 2239/1354/1736 2333/1561/1868
f 2484/1529/1891 2486/1560/1895 2277/1530/1867
f 2484/1529/1891 2485/1318/1893 2486/1560/1895
f 2485/1318/1893 2271/1552/1894 2486/1560/1895
f 2326/1528/1892 2389/1527/1735 2238/1328/1732
f 2326/1528/1892 2484/1529/1891 2389/1527/1735
f 2484/1529/1891 2277/1530/1867 2389/1527/1735
f 2483/1630/1726 2330/1622/1881 2274/1691/1880
f 2483/1630/1726 2314/1635/71 2330/1622/1881
f 2314/1635/71 2226/1623/71 2330/1622/1881
f 2481/1694/1888 2483/1630/1726 2274/1691/1880
f 2481/1694/1888 2482/1634/1881 2483/1630/1726
f 2482/1634/1881 2258/1633/71 2483/1630/1726
f 2368/1629/1889 2386/1361/1730 2240/1332/1727
f 2368/1629/1889 2481/1694/1888 2386/1361/1730
f 2481/1694/1888 2274/1691/1880 2386/1361/1730
f 2480/1516/1885 2316/1574/1917 2260/1575/1917
f 2480/1516/1885 2329/1511/1879 2316/1574/1917
f 2329/1511/1879 2228/1576/1917 2316/1574/1917
f 2478/1525/1884 2480/1516/1885 2260/1575/1917
f 2478/1525/1884 2479/1515/1886 2480/1516/1885
f 2479/1515/1886 2273/1509/1877 2480/1516/1885
f 2384/1522/1885 2372/1577/1917 2223/1578/1917
f 2384/1522/1885 2478/1525/1884 2372/1577/1917
f 2478/1525/1884 2260/1575/1917 2372/1577/1917
f 2477/1692/1882 2331/1619/1731 2275/1689/1727
f 2477/1692/1882 2330/1622/1881 2331/1619/1731
f 2330/1622/1881 2226/1623/71 2331/1619/1731
f 2475/1512/1878 2477/1692/1882 2275/1689/1727
f 2475/1512/1878 2476/1333/1727 2477/1692/1882
f 2476/1333/1727 2274/1691/1880 2477/1692/1882
f 2329/1511/1879 2387/1510/1874 2228/1576/1917
f 2329/1511/1879 2475/1512/1878 2387/1510/1874
f 2475/1512/1878 2275/1689/1727 2387/1510/1874
f 2474/1581/1876 2300/1583/1917 2244/1696/1917
f 2474/1581/1876 2298/1625/71 2300/1583/1917
f 2298/1625/71 367/1582/1917 2300/1583/1917
f 2472/1690/1873 2474/1581/1876 2244/1696/1917
f 2472/1690/1873 2473/1624/1875 2474/1581/1876
f 2473/1624/1875 2242/1621/71 2474/1581/1876
f 2387/1510/1874 2356/1589/1917 2228/1576/1917
f 2387/1510/1874 2472/1690/1873 2356/1589/1917
f 2472/1690/1873 2244/1696/1917 2356/1589/1917
f 2471/1517/1872 2328/1520/1729 2272/1514/1883
f 2471/1517/1872 2332/1519/1865 2328/1520/1729
f 2332/1519/1865 2240/1332/1727 2328/1520/1729
f 2469/1524/1870 2471/1517/1872 2272/1514/1883
f 2469/1524/1870 2470/1329/1871 2471/1517/1872
f 2470/1329/1871 2276/1518/1863 2471/1517/1872
f 2310/1523/1845 2384/1522/1885 2223/1578/1917
f 2310/1523/1845 2469/1524/1870 2384/1522/1885
f 2469/1524/1870 2272/1514/1883 2384/1522/1885
f 2468/1559/1869 2334/1426/1738 2278/1425/1858
f 2468/1559/1869 2333/1561/1868 2334/1426/1738
f 2333/1561/1868 2239/1354/1736 2334/1426/1738
f 2466/1531/1864 2468/1559/1869 2278/1425/1858
f 2466/1531/1864 2467/1532/1866 2468/1559/1869
f 2467/1532/1866 2277/1530/1867 2468/1559/1869
f 2332/1519/1865 2390/1362/1860 2240/1332/1727
f 2332/1519/1865 2466/1531/1864 2390/1362/1860
f 2466/1531/1864 2278/1425/1858 2390/1362/1860
f 2465/1688/1862 2312/1631/1726 2256/1693/1887
f 2465/1688/1862 2311/1618/1768 2312/1631/1726
f 2311/1618/1768 2221/1607/71 2312/1631/1726
f 2463/1427/1859 2465/1688/1862 2256/1693/1887
f 2463/1427/1859 2464/1363/1861 2465/1688/1862
f 2464/1363/1861 2255/1687/1771 2465/1688/1862
f 2390/1362/1860 2368/1629/1889 2240/1332/1727
f 2390/1362/1860 2463/1427/1859 2368/1629/1889
f 2463/1427/1859 2256/1693/1887 2368/1629/1889
f 2462/1697/1857 2321/1698/1917 2265/1699/1917
f 2462/1482/1857 2335/1475/1850 2321/1591/1917
f 2335/1475/1850 2233/1593/1917 2321/1591/1917
f 2460/1686/1855 2462/1697/1857 2265/1699/1917
f 2460/1686/1855 2461/1685/1856 2462/1697/1857
f 2461/1481/1856 2279/1473/1848 2462/1482/1857
f 2297/1488/1830 2377/1594/1917 366/1595/1246
f 2297/1670/1830 2460/1683/1855 2377/1700/1917
f 2460/1683/1855 2265/1701/1917 2377/1700/1917
f 2459/1507/1854 2337/1508/1743 2281/1477/1844
f 2459/1507/1854 2336/1501/1853 2337/1508/1743
f 2336/1501/1853 2238/1328/1732 2337/1508/1743
f 2457/1476/1849 2459/1507/1854 2281/1477/1844
f 2457/1476/1849 2458/1337/1851 2459/1507/1854
f 2458/1337/1851 2280/1499/1852 2459/1507/1854
f 2335/1475/1850 2393/1474/1846 2233/1593/1917
f 2335/1475/1850 2457/1476/1849 2393/1474/1846
f 2457/1476/1849 2281/1477/1844 2393/1474/1846
f 2456/1478/1846 2305/1596/1917 2249/1597/1917
f 2456/1478/1846 2310/1523/1845 2305/1596/1917
f 2310/1523/1845 2223/1578/1917 2305/1596/1917
f 2454/1479/1845 2456/1478/1846 2249/1597/1917
f 2454/1479/1845 2455/1506/1847 2456/1478/1846
f 2455/1506/1847 2254/1521/1844 2456/1478/1846
f 2393/1474/1846 2361/1598/1917 2233/1593/1917
f 2393/1474/1846 2454/1479/1845 2361/1598/1917
f 2454/1479/1845 2249/1597/1917 2361/1598/1917
f 2453/1543/1843 2362/1542/1241 2250/1540/1240
f 2453/1543/1843 2338/1541/1834 2362/1542/1241
f 2338/1541/1834 2234/1342/1242 2362/1542/1241
f 2451/1324/1840 2453/1543/1843 2250/1540/1240
f 2451/1679/1840 2452/1681/1842 2453/1682/1843
f 2452/1681/1842 2282/1672/1832 2453/1682/1843
f 2381/1326/1841 2306/1325/1239 2224/1323/1238
f 2381/1326/1841 2451/1324/1840 2306/1325/1239
f 2451/1324/1840 2250/1540/1240 2306/1325/1239
f 2450/1702/1838 2340/1703/1748 2284/1704/1825
f 2450/1535/1838 2339/1338/1837 2340/1485/1748
f 2339/1338/1837 2225/1335/1739 2340/1485/1748
f 2448/1677/1833 2450/1702/1838 2284/1704/1825
f 2448/1677/1833 2449/1676/1835 2450/1702/1838
f 2449/1534/1835 2283/1503/1836 2450/1535/1838
f 2338/1541/1834 2396/1345/1827 2234/1342/1242
f 2338/1674/1834 2448/1673/1833 2396/1667/1827
f 2448/1673/1833 2284/1665/1825 2396/1667/1827
f 2447/1490/1831 2378/1489/1245 2266/1487/1244
f 2447/1490/1831 2297/1488/1830 2378/1489/1245
f 2297/1488/1830 366/1595/1246 2378/1489/1245
f 2445/1343/1826 2447/1490/1831 2266/1487/1244
f 2445/1666/1826 2446/1668/1828 2447/1671/1831
f 2446/1668/1828 2241/1669/1829 2447/1671/1831
f 2396/1345/1827 2322/1344/1243 2234/1342/1242
f 2396/1345/1827 2445/1343/1826 2322/1344/1243
f 2445/1343/1826 2266/1487/1244 2322/1344/1243
f 2444/1705/1824 2325/1706/1746 2269/1707/1839
f 2444/1385/1824 2341/1378/1817 2325/1538/1746
f 2341/1378/1817 2237/1339/1744 2325/1538/1746
f 2442/1664/1822 2444/1705/1824 2269/1707/1839
f 2442/1664/1822 2443/1663/1823 2444/1705/1824
f 2443/1384/1823 2285/1376/1815 2444/1385/1824
f 2307/1391/1796 2381/1326/1841 2224/1323/1238
f 2307/1652/1796 2442/1661/1822 2381/1680/1841
f 2442/1661/1822 2269/1678/1839 2381/1680/1841
f 2441/1410/1821 2343/1411/1755 2287/1380/1808
f 2441/1410/1821 2342/1404/1820 2343/1411/1755
f 2342/1404/1820 2236/1358/1753 2343/1411/1755
f 2439/1379/1816 2441/1410/1821 2287/1380/1808
f 2439/1379/1816 2440/1366/1818 2441/1410/1821
f 2440/1366/1818 2286/1402/1819 2441/1410/1821
f 2341/1378/1817 2399/1377/1810 2237/1339/1744
f 2341/1378/1817 2439/1379/1816 2399/1377/1810
f 2439/1379/1816 2287/1380/1808 2399/1377/1810
f 2438/1381/1814 2309/1497/1723 2253/1496/1901
f 2438/1381/1814 2308/1319/1813 2309/1497/1723
f 2308/1319/1813 2220/1316/1721 2309/1497/1723
f 2436/1382/1809 2438/1381/1814 2253/1496/1901
f 2436/1382/1809 2437/1409/1811 2438/1381/1814
f 2437/1409/1811 2252/1556/1812 2438/1381/1814
f 2399/1377/1810 2365/1340/1903 2237/1339/1744
f 2399/1377/1810 2436/1382/1809 2365/1340/1903
f 2436/1382/1809 2253/1496/1901 2365/1340/1903
f 2435/1572/1807 2357/1571/1233 2245/1569/1232
f 2435/1572/1807 2344/1570/1800 2357/1571/1233
f 2344/1570/1800 2229/1371/1234 2357/1571/1233
f 2433/567/1805 2435/1572/1807 2245/1569/1232
f 2433/567/1805 2434/1565/1806 2435/1572/1807
f 2434/1565/1806 2288/1562/1798 2435/1572/1807
f 2299/569/73 2301/568/1231 368/566/1230
f 2299/569/73 2433/567/1805 2301/568/1231
f 2433/567/1805 2245/1569/1232 2301/568/1231
f 2432/1708/1804 2346/1709/1758 2290/1710/1791
f 2432/1564/1804 2345/1367/1803 2346/1388/1758
f 2345/1367/1803 2235/1364/1749 2346/1388/1758
f 2430/1659/1799 2432/1708/1804 2290/1710/1791
f 2430/1659/1799 2431/1658/1801 2432/1708/1804
f 2431/1563/1801 2289/1406/1802 2432/1564/1804
f 2344/1570/1800 2402/1374/1793 2229/1371/1234
f 2344/1656/1800 2430/1655/1799 2402/1649/1793
f 2430/1655/1799 2290/1647/1791 2402/1649/1793
f 2429/1393/1797 2373/1392/1237 2261/1390/1236
f 2429/1393/1797 2307/1391/1796 2373/1392/1237
f 2307/1391/1796 2224/1323/1238 2373/1392/1237
f 2427/1372/1792 2429/1393/1797 2261/1390/1236
f 2427/1648/1792 2428/1650/1794 2429/1653/1797
f 2428/1650/1794 2251/1651/1795 2429/1653/1797
f 2402/1374/1793 2317/1373/1235 2229/1371/1234
f 2402/1374/1793 2427/1372/1792 2317/1373/1235
f 2427/1372/1792 2261/1390/1236 2317/1373/1235
f 2426/1439/1790 2324/1359/1909 2268/1437/1783
f 2426/1439/1790 2347/1436/1785 2324/1359/1909
f 2347/1436/1785 2236/1358/1753 2324/1359/1909
f 2424/1322/1759 2426/1439/1790 2268/1437/1783
f 2424/1322/1759 2425/1548/1720 2426/1439/1790
f 2425/1548/1720 2291/1545/1783 2426/1439/1790
f 2304/1321/73 2380/1438/1720 2222/1320/73
f 2304/1321/73 2424/1322/1759 2380/1438/1720
f 2424/1322/1759 2268/1437/1783 2380/1438/1720
f 2423/1547/1789 2349/1435/1763 2293/1433/1778
f 2423/1547/1789 2348/1350/1788 2349/1435/1763
f 2348/1350/1788 2230/1347/1761 2349/1435/1763
f 2421/1434/1784 2423/1547/1789 2293/1433/1778
f 2421/1434/1784 2422/1546/1786 2423/1547/1789
f 2422/1546/1786 2292/1465/1787 2423/1547/1789
f 2347/1436/1785 2405/1360/1780 2236/1358/1753
f 2347/1436/1785 2421/1434/1784 2405/1360/1780
f 2421/1434/1784 2293/1433/1778 2405/1360/1780
f 2420/1558/1782 2308/1319/1813 2252/1556/1812
f 2420/1558/1782 2302/1555/1775 2308/1319/1813
f 2302/1555/1775 2220/1316/1721 2308/1319/1813
f 2418/1445/1779 2420/1558/1782 2252/1556/1812
f 2418/1445/1779 2419/1446/1781 2420/1558/1782
f 2419/1446/1781 2246/1444/1773 2420/1558/1782
f 2405/1360/1780 2364/1557/1754 2236/1358/1753
f 2405/1360/1780 2418/1445/1779 2364/1557/1754
f 2418/1445/1779 2252/1556/1812 2364/1557/1754
f 2417/1357/1777 2327/1554/1776 2271/1552/1894
f 2417/1357/1777 2350/1355/1769 2327/1554/1776
f 2350/1355/1769 2239/1354/1736 2327/1554/1776
f 2415/1553/1774 2417/1357/1777 2271/1552/1894
f 2415/1553/1774 2416/1443/1776 2417/1357/1777
f 2416/1443/1776 2294/1440/1736 2417/1357/1777
f 2302/1555/1775 2383/1317/1725 2220/1316/1721
f 2302/1555/1775 2415/1553/1774 2383/1317/1725
f 2415/1553/1774 2271/1552/1894 2383/1317/1725
f 2414/1646/1772 2352/1599/72 2296/1643/1765
f 2414/1646/1772 2351/1602/1768 2352/1599/72
f 2351/1602/1768 2231/1603/71 2352/1599/72
f 2412/1451/1737 2414/1646/1772 2296/1643/1765
f 2412/1451/1737 2413/1349/1770 2414/1646/1772
f 2413/1349/1770 2295/1645/1771 2414/1646/1772
f 2350/1355/1769 2408/1617/1767 2239/1354/1736
f 2350/1355/1769 2412/1451/1737 2408/1617/1767
f 2412/1451/1737 2296/1643/1765 2408/1617/1767
f 2411/1605/72 2311/1618/1768 2255/1687/1771
f 2411/1605/72 2303/1606/71 2311/1618/1768
f 2303/1606/71 2221/1607/71 2311/1618/1768
f 2409/1644/1766 2411/1605/72 2255/1687/1771
f 2409/1644/1766 2410/1604/1768 2411/1605/72
f 2410/1604/1768 2247/1601/71 2411/1605/72
f 2408/1617/1767 2367/1356/1737 2239/1354/1736
f 2408/1617/1767 2409/1644/1766 2367/1356/1737
f 2409/1644/1766 2255/1687/1771 2367/1356/1737
f 2352/1599/72 2410/1604/1768 2296/1643/1765
f 2352/1599/72 2359/1600/71 2410/1604/1768
f 2359/1600/71 2247/1601/71 2410/1604/1768
f 2406/1442/1764 2413/1349/1770 2294/1440/1736
f 2406/1442/1764 2407/1348/1737 2413/1349/1770
f 2407/1348/1737 2295/1645/1771 2413/1349/1770
f 2358/1441/1762 2416/1443/1776 2246/1444/1773
f 2358/1441/1762 2406/1442/1764 2416/1443/1776
f 2406/1442/1764 2294/1440/1736 2416/1443/1776
f 2349/1435/1763 2419/1446/1781 2293/1433/1778
f 2349/1435/1763 2358/1441/1762 2419/1446/1781
f 2358/1441/1762 2246/1444/1773 2419/1446/1781
f 2403/1551/1759 2422/1546/1786 2291/1545/1783
f 2403/1551/1759 2404/1466/1760 2422/1546/1786
f 2404/1466/1760 2292/1465/1787 2422/1546/1786
f 2360/1550/73 2425/1548/1720 2248/1549/73
f 2360/1550/73 2403/1551/1759 2425/1548/1720
f 2403/1551/1759 2291/1545/1783 2425/1548/1720
f 2346/1709/1758 2428/1711/1794 2290/1710/1791
f 2346/1709/1758 2363/1712/1751 2428/1711/1794
f 2363/1712/1751 2251/1662/1795 2428/1711/1794
f 2400/1568/1756 2431/1563/1801 2288/1562/1798
f 2400/1568/1756 2401/1407/1757 2431/1563/1801
f 2401/1407/1757 2289/1406/1802 2431/1563/1801
f 2355/1567/73 2434/1565/1806 2243/1566/73
f 2355/1567/73 2400/1568/1756 2434/1565/1806
f 2400/1568/1756 2288/1562/1798 2434/1565/1806
f 2343/1411/1755 2437/1409/1811 2287/1380/1808
f 2343/1411/1755 2364/1557/1754 2437/1409/1811
f 2364/1557/1754 2252/1556/1812 2437/1409/1811
f 2397/1375/1750 2440/1366/1818 2285/1376/1815
f 2397/1375/1750 2398/1365/1752 2440/1366/1818
f 2398/1365/1752 2286/1402/1819 2440/1366/1818
f 2363/1712/1751 2443/1663/1823 2251/1662/1795
f 2363/1389/1751 2397/1375/1750 2443/1384/1823
f 2397/1375/1750 2285/1376/1815 2443/1384/1823
f 2340/1703/1748 2446/1713/1828 2284/1704/1825
f 2340/1703/1748 2353/1714/1741 2446/1713/1828
f 2353/1714/1741 2241/1684/1829 2446/1713/1828
f 2394/1715/1745 2449/1676/1835 2282/1675/1832
f 2394/1539/1745 2395/1504/1747 2449/1534/1835
f 2395/1504/1747 2283/1503/1836 2449/1534/1835
f 2325/1706/1746 2452/1716/1842 2269/1707/1839
f 2325/1706/1746 2394/1715/1745 2452/1716/1842
f 2394/1715/1745 2282/1675/1832 2452/1716/1842
f 2337/1508/1743 2455/1506/1847 2281/1477/1844
f 2337/1508/1743 2366/1330/1734 2455/1506/1847
f 2366/1330/1734 2254/1521/1844 2455/1506/1847
f 2391/1346/1740 2458/1337/1851 2279/1473/1848
f 2391/1346/1740 2392/1336/1742 2458/1337/1851
f 2392/1336/1742 2280/1499/1852 2458/1337/1851
f 2353/1714/1741 2461/1685/1856 2241/1684/1829
f 2353/1486/1741 2391/1346/1740 2461/1481/1856
f 2391/1346/1740 2279/1473/1848 2461/1481/1856
f 2334/1426/1738 2464/1363/1861 2278/1425/1858
f 2334/1426/1738 2367/1356/1737 2464/1363/1861
f 2367/1356/1737 2255/1687/1771 2464/1363/1861
f 2388/1331/1733 2467/1532/1866 2276/1518/1863
f 2388/1331/1733 2389/1527/1735 2467/1532/1866
f 2389/1527/1735 2277/1530/1867 2467/1532/1866
f 2366/1330/1734 2470/1329/1871 2254/1521/1844
f 2366/1330/1734 2388/1331/1733 2470/1329/1871
f 2388/1331/1733 2276/1518/1863 2470/1329/1871
f 2331/1619/1731 2473/1624/1875 2275/1689/1727
f 2331/1619/1731 2354/1620/71 2473/1624/1875
f 2354/1620/71 2242/1621/71 2473/1624/1875
f 2385/1334/1728 2476/1333/1727 2273/1509/1877
f 2385/1334/1728 2386/1361/1730 2476/1333/1727
f 2386/1361/1730 2274/1691/1880 2476/1333/1727
f 2328/1520/1729 2479/1515/1886 2272/1514/1883
f 2328/1520/1729 2385/1334/1728 2479/1515/1886
f 2385/1334/1728 2273/1509/1877 2479/1515/1886
f 2312/1631/1726 2482/1634/1881 2256/1693/1887
f 2312/1631/1726 2370/1632/71 2482/1634/1881
f 2370/1632/71 2258/1633/71 2482/1634/1881
f 2382/1327/1724 2485/1318/1893 2270/1526/1890
f 2382/1327/1724 2383/1317/1725 2485/1318/1893
f 2383/1317/1725 2271/1552/1894 2485/1318/1893
f 2369/1498/1722 2488/1493/1899 2257/1492/1896
f 2369/1498/1722 2382/1327/1724 2488/1493/1899
f 2382/1327/1724 2270/1526/1890 2488/1493/1899
f 2309/1497/1723 2491/1495/1904 2253/1496/1901
f 2309/1497/1723 2369/1498/1722 2491/1495/1904
f 2369/1498/1722 2257/1492/1896 2491/1495/1904
f 2379/1401/1719 2494/1396/1908 2267/1395/1802
f 2379/1401/1719 2380/1438/1720 2494/1396/1908
f 2380/1438/1720 2268/1437/1783 2494/1396/1908
f 2371/1400/73 2497/1398/1757 2259/1399/73
f 2371/1400/73 2379/1401/1719 2497/1398/1757
f 2379/1401/1719 2267/1395/1802 2497/1398/1757
f 2376/73/73 2500/1456/1913 2264/1458/73
f 2376/73/73 2374/72/72 2500/1456/1913
f 2374/72/72 2262/1455/1914 2500/1456/1913
f 2374/72/72 2503/1457/1768 2262/1455/1914
f 2374/72/72 2375/71/71 2503/1457/1768
f 2375/71/71 2263/1612/71 2503/1457/1768
usemtl Material.002
f 467/1717/1918 469/1718/1919 468/1719/1920
f 467/1717/1918 468/1719/1920 470/1720/1921
f 471/1721/1922 470/1720/1921 472/1722/1923
f 471/1721/1922 467/1717/1918 470/1720/1921
f 1359/1717/1924 1360/1719/1920 1361/1718/1925
f 1359/1717/1924 1362/1720/1926 1360/1719/1920
f 1363/1721/1927 1364/1722/1928 1362/1720/1926
f 1363/1721/1927 1362/1720/1926 1359/1717/1924
f 490/1723/1929 491/1724/1930 489/1725/1931
f 501/1726/1932 499/1727/1933 500/1728/1934
f 505/1729/1935 502/1730/1936 506/1731/1930
f 505/1729/1935 501/1726/1932 502/1730/1936
f 501/1726/1932 500/1728/1934 502/1730/1936
f 490/1723/1929 492/1732/1937 491/1724/1930
f 486/1733/1938 490/1723/1929 489/1725/1931
f 486/1733/1938 489/1725/1931 485/1734/1939
f 483/1735/1940 485/1734/1939 484/1736/1941
f 483/1735/1940 486/1733/1938 485/1734/1939
f 499/1727/1933 493/1737/1942 494/1738/1943
f 499/1727/1933 494/1738/1943 500/1728/1934
f 493/1737/1942 495/1739/1944 494/1738/1943
f 493/1737/1942 496/1740/1945 495/1739/1944
f 496/1740/1945 497/1741/1946 495/1739/1944
f 496/1740/1945 498/1742/1947 497/1741/1946
f 465/1743/1948 463/1744/1949 464/1745/1950
f 465/1743/1948 464/1745/1950 466/1746/1951
f 463/1744/1949 461/1747/1952 462/1748/1953
f 463/1744/1949 462/1748/1953 464/1745/1950
f 498/1742/1947 504/1749/1954 503/1750/1955
f 498/1742/1947 503/1750/1955 497/1741/1946
f 457/1751/1956 451/1752/1957 454/1753/1958
f 457/1751/1956 454/1753/1958 458/1754/1959
f 461/1747/1952 458/1754/1959 462/1748/1953
f 461/1747/1952 457/1751/1956 458/1754/1959
f 487/1755/1960 484/1736/1941 488/1756/1961
f 487/1755/1960 483/1735/1940 484/1736/1941
f 516/153/150 509/156/153 507/154/151
f 451/1752/1957 453/1757/1962 452/1758/1963
f 451/1752/1957 452/1758/1963 454/1753/1958
f 432/1759/1964 427/1760/1965 433/1761/1966
f 432/1759/1964 426/1762/1967 427/1760/1965
f 426/1762/1967 425/1763/1968 427/1760/1965
f 426/1762/1967 424/1764/1969 425/1763/1968
f 424/1764/1969 420/1765/1970 421/1766/1971
f 423/1767/1972 428/1768/1973 422/1769/1974
f 423/1767/1972 429/1770/1975 428/1768/1973
f 424/1764/1969 421/1766/1971 425/1763/1968
f 420/1765/1970 423/1767/1972 422/1769/1974
f 420/1765/1970 422/1769/1974 421/1766/1971
f 431/1771/1976 434/1772/1977 430/1773/1978
f 431/1771/1976 435/1774/1979 434/1772/1977
f 429/1770/1975 430/1773/1978 428/1768/1973
f 429/1770/1975 431/1771/1976 430/1773/1978
f 438/1775/1980 446/1776/1981 437/1777/1982
f 442/1778/1983 441/1779/1984 443/1780/1985
f 442/1778/1983 440/1781/1986 441/1779/1984
f 440/1781/1986 439/1782/1987 441/1779/1984
f 440/1781/1986 436/1783/1988 439/1782/1987
f 436/1783/1988 437/1777/1982 439/1782/1987
f 436/1783/1988 438/1775/1980 437/1777/1982
f 444/1784/1989 442/1778/1983 443/1780/1985
f 409/1785/1990 410/1786/1991 408/1787/1992
f 444/1784/1989 443/1780/1985 445/1788/1993
f 409/1785/1990 411/1789/1994 410/1786/1991
f 459/1790/1995 455/1791/1996 456/1792/1997
f 459/1790/1995 456/1792/1997 460/1793/1998
f 455/1791/1996 452/1758/1963 453/1757/1962
f 455/1791/1996 453/1757/1962 456/1792/1997
f 476/1794/1999 478/1795/2000 477/1796/2001
f 474/1797/2002 475/1798/2003 473/1799/2004
f 474/1797/2002 476/1794/1999 475/1798/2003
f 469/1718/1919 473/1799/2004 468/1719/1920
f 469/1718/1919 474/1797/2002 473/1799/2004
f 476/1794/1999 477/1796/2001 475/1798/2003
f 479/1800/2005 481/1801/2006 480/1802/2007
f 479/1800/2005 480/1802/2007 482/1803/2008
f 48/1804/2009 50/1805/2010 49/1806/2011
f 52/1807/2012 51/1808/2013 53/1809/2014
f 52/1807/2012 48/1804/2009 51/1808/2013
f 48/1804/2009 49/1806/2011 51/1808/2013
f 50/1805/2010 55/1810/2015 54/1811/2016
f 50/1805/2010 54/1811/2016 49/1806/2011
f 55/1810/2015 56/1812/2017 54/1811/2016
f 46/1813/2018 44/1814/2019 45/1815/2020
f 55/1810/2015 57/1816/2021 56/1812/2017
f 46/1813/2018 45/1815/2020 47/1817/2022
f 44/1814/2019 39/1818/2023 45/1815/2020
f 44/1814/2019 36/1819/2024 39/1818/2023
f 36/1819/2024 37/1820/2025 39/1818/2023
f 36/1819/2024 38/1821/2026 37/1820/2025
f 406/1822/2027 409/1785/1990 408/1787/1992
f 406/1822/2027 408/1787/1992 407/1823/2028
f 413/1824/2029 414/1825/2030 412/1826/2031
f 413/1824/2029 415/1827/1969 414/1825/2030
f 407/1823/2028 412/1826/2031 406/1822/2027
f 407/1823/2028 413/1824/2029 412/1826/2031
f 415/1827/1969 417/1828/2032 416/1829/1971
f 415/1827/1969 416/1829/1971 414/1825/2030
f 417/1828/2032 419/1830/2033 418/1831/2034
f 666/1832/2035 665/1833/2036 667/1834/2037
f 666/1832/2035 664/1835/2038 665/1833/2036
f 417/1828/2032 418/1831/2034 416/1829/1971
f 664/1835/2038 661/1836/2039 665/1833/2036
f 664/1835/2038 658/1837/411 661/1836/2039
f 658/1837/411 660/1838/2040 659/1839/2041
f 658/1837/411 659/1839/2041 661/1836/2039
f 38/1821/2026 40/1840/2042 37/1820/2025
f 38/1821/2026 41/1841/2043 40/1840/2042
f 660/1838/2040 663/1842/2044 662/1843/2045
f 660/1838/2040 662/1843/2045 659/1839/2041
f 650/1844/2046 653/1845/2047 652/1846/2048
f 42/1847/2049 40/1840/2042 41/1841/2043
f 42/1847/2049 41/1841/2043 43/1848/2050
f 650/1844/2046 652/1846/2048 651/1849/2001
f 663/1842/2044 657/1850/2004 662/1843/2045
f 663/1842/2044 656/1851/2051 657/1850/2004
f 656/1851/2051 654/1852/2052 655/1853/2003
f 656/1851/2051 655/1853/2003 657/1850/2004
f 654/1852/2052 651/1849/2001 655/1853/2003
f 654/1852/2052 650/1844/2046 651/1849/2001
f 1428/1723/1929 1427/1725/2053 1429/1724/2054
f 1439/1854/1932 1438/1855/2055 1437/1856/1933
f 1443/1729/1935 1444/1731/2056 1440/1730/2057
f 1443/1729/1935 1440/1730/2057 1439/1726/1932
f 1439/1854/1932 1440/1857/2057 1438/1855/2055
f 1428/1723/1929 1429/1724/2054 1430/1732/1937
f 1424/1733/1938 1427/1725/2053 1428/1723/1929
f 1424/1733/1938 1423/1734/2058 1427/1725/2053
f 1421/1735/1940 1422/1736/2059 1423/1734/2058
f 1421/1735/1940 1423/1734/2058 1424/1733/1938
f 1437/1727/1933 1432/1738/2060 1431/1737/1942
f 1437/1727/1933 1438/1728/2055 1432/1738/2060
f 1431/1737/1942 1432/1738/2060 1433/1739/2061
f 1431/1737/1942 1433/1739/2061 1434/1740/1945
f 1434/1740/1945 1433/1739/2061 1435/1741/2062
f 1434/1740/1945 1435/1741/2062 1436/1742/1947
f 1357/1743/1948 1356/1745/653 1355/1744/1949
f 1357/1743/1948 1358/1746/2063 1356/1745/653
f 1355/1744/1949 1354/1748/2064 1353/1747/1952
f 1355/1744/1949 1356/1745/653 1354/1748/2064
f 1436/1742/1947 1441/1750/2065 1442/1749/2066
f 1436/1742/1947 1435/1741/2062 1441/1750/2065
f 1349/1751/1956 1346/1753/2067 1343/1752/1957
f 1349/1751/1956 1350/1754/2068 1346/1753/2067
f 1353/1747/1952 1354/1748/2064 1350/1754/2068
f 1353/1747/1952 1350/1754/2068 1349/1751/1956
f 1425/1755/1960 1426/1756/2069 1422/1736/2059
f 1425/1755/1960 1422/1736/2059 1421/1735/1940
f 1454/153/660 1445/154/659 1447/156/661
f 1343/1752/1957 1344/1758/2070 1345/1757/1962
f 1343/1752/1957 1346/1753/2067 1344/1758/2070
f 1271/1759/2071 1272/1761/1966 1266/1760/2031
f 1271/1759/2071 1266/1760/2031 1265/1762/2072
f 1265/1762/2072 1266/1760/2031 1264/1763/2030
f 1265/1762/2072 1264/1763/2030 1263/1764/2073
f 1263/1764/2073 1260/1766/1971 1259/1765/2074
f 1262/1767/2075 1261/1769/1974 1267/1768/1973
f 1262/1767/2075 1267/1768/1973 1268/1770/2076
f 1263/1764/2073 1264/1763/2030 1260/1766/1971
f 1259/1765/2074 1261/1769/1974 1262/1767/2075
f 1259/1765/2074 1260/1766/1971 1261/1769/1974
f 1270/1771/2077 1269/1773/2078 1273/1772/2079
f 1270/1771/2077 1273/1772/2079 1274/1774/2080
f 1268/1770/2076 1267/1768/1973 1269/1773/2078
f 1268/1770/2076 1269/1773/2078 1270/1771/2077
f 1277/1775/2081 1276/1777/2082 1285/1776/2083
f 1281/1778/1983 1282/1780/2084 1280/1779/2085
f 1281/1778/1983 1280/1779/2085 1279/1781/1986
f 1279/1781/1986 1280/1779/2085 1278/1782/2086
f 1279/1781/1986 1278/1782/2086 1275/1783/2087
f 1275/1783/2087 1278/1782/2086 1276/1777/2082
f 1275/1783/2087 1276/1777/2082 1277/1775/2081
f 1283/1784/1989 1282/1780/2084 1281/1778/1983
f 1248/1785/1990 1247/1787/2088 1249/1786/2089
f 1283/1784/1989 1284/1788/2090 1282/1780/2084
f 1248/1785/1990 1249/1786/2089 1250/1789/1994
f 1351/1790/2091 1348/1792/1997 1347/1791/2092
f 1351/1790/2091 1352/1793/2093 1348/1792/1997
f 1347/1791/2092 1345/1757/1962 1344/1758/2070
f 1347/1791/2092 1348/1792/1997 1345/1757/1962
f 1368/1794/2094 1369/1796/2001 1370/1795/2095
f 1366/1797/2096 1365/1799/2004 1367/1798/2003
f 1366/1797/2096 1367/1798/2003 1368/1794/2094
f 1361/1718/1925 1360/1719/1920 1365/1799/2004
f 1361/1718/1925 1365/1799/2004 1366/1797/2096
f 1368/1794/2094 1367/1798/2003 1369/1796/2001
f 1371/1800/2005 1372/1802/2097 1373/1801/2006
f 1371/1800/2005 1374/1803/2098 1372/1802/2097
f 761/1804/2009 762/1806/2099 763/1805/2100
f 765/1807/2101 766/1809/2102 764/1808/2103
f 765/1807/2101 764/1808/2103 761/1804/2009
f 761/1804/2009 764/1808/2103 762/1806/2099
f 763/1805/2100 767/1811/2104 768/1810/2105
f 763/1805/2100 762/1806/2099 767/1811/2104
f 768/1810/2105 767/1811/2104 769/1812/2106
f 759/1813/2107 758/1815/2108 757/1814/2019
f 768/1810/2105 769/1812/2106 770/1816/2109
f 759/1813/2107 760/1817/2110 758/1815/2108
f 757/1814/2019 758/1815/2108 752/1818/2111
f 757/1814/2019 752/1818/2111 749/1819/2024
f 749/1819/2024 752/1818/2111 750/1820/2112
f 749/1819/2024 750/1820/2112 751/1821/2026
f 1245/1822/2027 1247/1787/2088 1248/1785/1990
f 1245/1822/2027 1246/1823/2113 1247/1787/2088
f 1252/1824/2072 1251/1826/2031 1253/1825/2030
f 1252/1824/2072 1253/1825/2030 1254/1827/2073
f 1246/1823/2113 1245/1822/2027 1251/1826/2031
f 1246/1823/2113 1251/1826/2031 1252/1824/2072
f 1254/1827/2073 1255/1829/1971 1256/1828/2114
f 1254/1827/2073 1253/1825/2030 1255/1829/1971
f 1256/1828/2114 1257/1831/2034 1258/1830/2115
f 1602/1832/2116 1603/1834/2117 1601/1833/2036
f 1602/1832/2116 1601/1833/2036 1600/1835/2118
f 1256/1828/2114 1255/1829/1971 1257/1831/2034
f 1600/1835/2118 1601/1833/2036 1597/1836/2039
f 1600/1835/2118 1597/1836/2039 1594/1837/2119
f 1594/1837/2119 1595/1839/2041 1596/1838/2120
f 1594/1837/2119 1597/1836/2039 1595/1839/2041
f 751/1821/2026 750/1820/2112 753/1840/2121
f 751/1821/2026 753/1840/2121 754/1841/2043
f 1596/1838/2120 1598/1843/2045 1599/1842/2122
f 1596/1838/2120 1595/1839/2041 1598/1843/2045
f 1586/1844/2123 1588/1846/2124 1589/1845/2125
f 755/1847/2126 754/1841/2043 753/1840/2121
f 755/1847/2126 756/1848/2127 754/1841/2043
f 1586/1844/2123 1587/1849/2001 1588/1846/2124
f 1599/1842/2122 1598/1843/2045 1593/1850/2004
f 1599/1842/2122 1593/1850/2004 1592/1851/2128
f 1592/1851/2128 1591/1853/2003 1590/1852/2129
f 1592/1851/2128 1593/1850/2004 1591/1853/2003
f 1590/1852/2129 1591/1853/2003 1587/1849/2001
f 1590/1852/2129 1587/1849/2001 1586/1844/2123
usemtl Material.003
f 115/538/2130 116/540/2131 106/539/2132
f 112/541/2133 115/538/2130 106/539/2132
f 111/542/2134 112/541/2133 106/539/2132
f 111/542/2134 113/543/2135 112/541/2133
f 111/542/2134 106/539/2132 110/1858/2136
f 111/542/2134 114/1859/2137 113/543/2135
f 106/539/2132 107/1860/2138 108/1861/2139
f 106/539/2132 105/74/74 107/1860/2138
f 106/539/2132 108/1861/2139 109/1862/2140
f 106/539/2132 109/1862/2140 110/1858/2136
f 105/74/74 106/539/2132 102/75/75
f 111/542/2134 117/1863/2141 118/1864/2142
f 111/542/2134 110/1858/2136 117/1863/2141
f 118/1864/2142 119/212/210 179/214/212
f 118/1864/2142 117/1863/2141 119/212/210
f 118/1864/2142 182/1865/2143 183/1866/2144
f 118/1864/2142 179/214/212 182/1865/2143
f 117/1863/2141 120/1867/2145 119/212/210
f 119/212/210 120/1867/2145 121/1868/2146
f 119/212/210 121/1868/2146 122/1869/2147
f 119/212/210 122/1869/2147 123/1870/2148
f 438/1775/1980 447/1871/2149 446/1776/1981
f 136/616/2150 130/245/247 135/618/2151
f 136/616/2150 137/243/245 130/245/247
f 136/616/2150 138/1872/2152 137/243/245
f 136/616/2150 135/618/2151 142/617/2153
f 136/616/2150 139/1873/2154 138/1872/2152
f 130/245/247 134/1874/2155 135/618/2151
f 130/245/247 133/1875/2156 134/1874/2155
f 130/245/247 132/691/298 133/1875/2156
f 130/245/247 119/212/210 125/1876/2157
f 130/245/247 125/1876/2157 131/693/299
f 119/212/210 124/1877/2158 125/1876/2157
f 119/212/210 123/1870/2148 124/1877/2158
f 132/691/298 130/245/247 131/693/299
f 125/1876/2157 126/1878/1225 127/1879/1224
f 125/1876/2157 127/1879/1224 128/358/348
f 124/1877/2158 126/1878/1225 125/1876/2157
f 127/1879/1224 90/1880/2159 91/359/349
f 127/1879/1224 91/359/349 128/358/348
f 92/1881/174 93/1882/2160 91/359/349
f 92/1881/174 94/361/351 93/1882/2160
f 92/1881/174 95/362/175 94/361/351
f 90/1880/2159 92/1881/174 91/359/349
f 136/616/2150 142/617/2153 143/445/429
f 136/616/2150 143/445/429 144/423/407
f 144/423/407 143/445/429 145/427/411
f 144/423/407 145/427/411 174/426/410
f 870/542/514 865/539/511 871/541/513
f 870/542/514 869/1858/2161 865/539/511
f 870/542/514 872/543/515 873/1859/2162
f 865/539/511 867/1861/2163 866/1860/2164
f 865/539/511 866/1860/2164 864/74/587
f 865/539/511 868/1862/2165 867/1861/2163
f 865/539/511 869/1858/2161 868/1862/2165
f 864/74/587 861/75/589 865/539/511
f 860/88/2166 861/75/589 862/89/603
f 860/88/2166 858/145/653 861/75/589
f 860/88/2166 859/146/2167 858/145/653
f 856/147/2168 857/148/654 858/145/653
f 856/147/2168 858/145/653 859/146/2167
f 856/147/2168 855/149/655 857/148/654
f 870/542/514 877/1864/2169 876/1863/2170
f 870/542/514 876/1863/2170 869/1858/2161
f 851/181/2171 854/183/925 855/182/655
f 851/181/2171 855/182/655 856/184/2168
f 877/1864/2169 938/214/718 878/212/717
f 877/1864/2169 878/212/717 876/1863/2170
f 877/1864/2169 942/1866/2172 941/1865/2173
f 877/1864/2169 941/1865/2173 938/214/718
f 876/1863/2170 878/212/717 879/1867/2174
f 878/212/717 880/1868/2175 879/1867/2174
f 878/212/717 881/1869/2176 880/1868/2175
f 878/212/717 882/1870/2177 881/1869/2176
f 1277/1775/2081 1285/1776/2083 1286/1871/2178
f 895/616/755 894/618/757 889/245/752
f 895/616/755 889/245/752 896/243/751
f 895/616/755 896/243/751 897/1872/2179
f 895/616/755 897/1872/2179 898/1873/2180
f 889/245/752 894/618/757 893/1874/2181
f 889/245/752 893/1874/2181 892/1875/2182
f 889/245/752 892/1875/2182 891/691/868
f 889/245/752 884/1876/2183 878/212/717
f 889/245/752 890/693/870 884/1876/2183
f 878/212/717 884/1876/2183 883/1877/2184
f 878/212/717 883/1877/2184 882/1870/2177
f 891/691/868 890/693/870 889/245/752
f 884/1876/2183 886/1879/1223 885/1878/1226
f 884/1876/2183 887/358/920 886/1879/1223
f 883/1877/2184 884/1876/2183 885/1878/1226
f 886/1879/1223 850/359/922 849/1880/2185
f 886/1879/1223 887/358/920 850/359/922
f 851/1881/2171 850/359/922 852/1882/2186
f 851/1881/2171 852/1882/2186 853/361/923
f 851/1881/2171 853/361/923 854/362/925
f 849/1880/2185 850/359/922 851/1881/2171
f 895/616/755 902/445/1076 901/617/756
f 895/616/755 903/423/1038 902/445/1076
f 903/423/1038 904/427/1043 902/445/1076
f 903/423/1038 933/426/1041 904/427/1043
l 645 646
l 690 691
l 708 709
l 702 703
l 692 693
l 670 671
l 699 705
l 699 700
l 686 687
l 700 701
l 696 697
l 706 707
l 710 711
l 694 695
l 688 689
l 704 705
l 701 702
l 1612 1613
l 1630 1631
l 1624 1625
l 1614 1615
l 1604 1605
l 1621 1627
l 1621 1622
l 1608 1609
l 1622 1623
l 1618 1619
l 1628 1629
l 1632 1633
l 1619 1620
l 1616 1617
l 1610 1611
l 1626 1627
l 1623 1624
